"interaction_name","lig_contributor","receptor_subunit","lig_contributor_group","lig_contributor_coeff","receptor_subunit_group","receptor_subunit_coeff","interaction_type","ligand_type","source"
"VIP_VIPR2","VIP","VIPR2","1","1","1","1","ligand-receptor","Neuropeptide","NeuronChat"
"PENK_OPRM1","PENK","OPRM1","1","1","1","1","ligand-receptor","Neuropeptide","NeuronChat"
"TAC3_TACR3","TAC3","TACR3","1","1","1","1","ligand-receptor","Neuropeptide","NeuronChat"
"CRH_CRHR2","CRH","CRHR2","1","1","1","1","ligand-receptor","Neuropeptide","NeuronChat"
"TAC1_TACR1","TAC1","TACR1","1","1","1","1","ligand-receptor","Neuropeptide","NeuronChat"
"PDYN_OPRM1","PDYN","OPRM1","1","1","1","1","ligand-receptor","Neuropeptide","NeuronChat"
"PTHLH_PTH1R","PTHLH","PTH1R","1","1","1","1","ligand-receptor","Neuropeptide","NeuronChat"
"ADCYAP1_VIPR2","ADCYAP1","VIPR2","1","1","1","1","ligand-receptor","Neuropeptide","NeuronChat"
"Glu_GRIN1","GLS;SLC17A6;SLC17A7;SLC17A8","GRIN1","1;2;2;2","1;1","1","1","ligand-receptor","Neurotransmitter","NeuronChat"
"Glu_GRIN2A","GLS;SLC17A6;SLC17A7;SLC17A8","GRIN2A","1;2;2;2","1;1","1","1","ligand-receptor","Neurotransmitter","NeuronChat"
"Glu_GRIN2B","GLS;SLC17A6;SLC17A7;SLC17A8","GRIN2B","1;2;2;2","1;1","1","1","ligand-receptor","Neurotransmitter","NeuronChat"
"Glu_GRIN2C","GLS;SLC17A6;SLC17A7;SLC17A8","GRIN2C","1;2;2;2","1;1","1","1","ligand-receptor","Neurotransmitter","NeuronChat"
"Glu_GRIN3A","GLS;SLC17A6;SLC17A7;SLC17A8","GRIN3A","1;2;2;2","1;1","1","1","ligand-receptor","Neurotransmitter","NeuronChat"
"Glu_GRIA1","GLS;SLC17A6;SLC17A7;SLC17A8","GRIA1","1;2;2;2","1;1","1","1","ligand-receptor","Neurotransmitter","NeuronChat"
"Glu_GRIA2","GLS;SLC17A6;SLC17A7;SLC17A8","GRIA2","1;2;2;2","1;1","1","1","ligand-receptor","Neurotransmitter","NeuronChat"
"Glu_GRIA3","GLS;SLC17A6;SLC17A7;SLC17A8","GRIA3","1;2;2;2","1;1","1","1","ligand-receptor","Neurotransmitter","NeuronChat"
"Glu_GRIA4","GLS;SLC17A6;SLC17A7;SLC17A8","GRIA4","1;2;2;2","1;1","1","1","ligand-receptor","Neurotransmitter","NeuronChat"
"Glu_GRIK1","GLS;SLC17A6;SLC17A7;SLC17A8","GRIK1","1;2;2;2","1;1","1","1","ligand-receptor","Neurotransmitter","NeuronChat"
"Glu_GRIK2","GLS;SLC17A6;SLC17A7;SLC17A8","GRIK2","1;2;2;2","1;1","1","1","ligand-receptor","Neurotransmitter","NeuronChat"
"Glu_GRIK3","GLS;SLC17A6;SLC17A7;SLC17A8","GRIK3","1;2;2;2","1;1","1","1","ligand-receptor","Neurotransmitter","NeuronChat"
"Glu_GRIK4","GLS;SLC17A6;SLC17A7;SLC17A8","GRIK4","1;2;2;2","1;1","1","1","ligand-receptor","Neurotransmitter","NeuronChat"
"Glu_GRIK5","GLS;SLC17A6;SLC17A7;SLC17A8","GRIK5","1;2;2;2","1;1","1","1","ligand-receptor","Neurotransmitter","NeuronChat"
"Glu_GRM1","GLS;SLC17A6;SLC17A7;SLC17A8","GRM1","1;2;2;2","1;1","1","1","ligand-receptor","Neurotransmitter","NeuronChat"
"Glu_GRM5","GLS;SLC17A6;SLC17A7;SLC17A8","GRM5","1;2;2;2","1;1","1","1","ligand-receptor","Neurotransmitter","NeuronChat"
"Glu_GRM4","GLS;SLC17A6;SLC17A7;SLC17A8","GRM4","1;2;2;2","1;1","1","1","ligand-receptor","Neurotransmitter","NeuronChat"
"Glu_GRM7","GLS;SLC17A6;SLC17A7;SLC17A8","GRM7","1;2;2;2","1;1","1","1","ligand-receptor","Neurotransmitter","NeuronChat"
"Glu_GRM8","GLS;SLC17A6;SLC17A7;SLC17A8","GRM8","1;2;2;2","1;1","1","1","ligand-receptor","Neurotransmitter","NeuronChat"
"Glu_GRM2","GLS;SLC17A6;SLC17A7;SLC17A8","GRM2","1;2;2;2","1;1","1","1","ligand-receptor","Neurotransmitter","NeuronChat"
"Glu_GRM3","GLS;SLC17A6;SLC17A7;SLC17A8","GRM3","1;2;2;2","1;1","1","1","ligand-receptor","Neurotransmitter","NeuronChat"
"NRXN1_NLGN1","NRXN1","NLGN1","1","1","1","1","ligand-receptor","Synaptic adhesion molecule","NeuronChat"
"GABA_GABRA1","GAD1;GAD2;SLC32A1","GABRA1","1;1;2","1;1","1","1","ligand-receptor","Neurotransmitter","NeuronChat"
"GABA_GABRA2","GAD1;GAD2;SLC32A1","GABRA2","1;1;2","1;1","1","1","ligand-receptor","Neurotransmitter","NeuronChat"
"GABA_GABRA3","GAD1;GAD2;SLC32A1","GABRA3","1;1;2","1;1","1","1","ligand-receptor","Neurotransmitter","NeuronChat"
"GABA_GABRA4","GAD1;GAD2;SLC32A1","GABRA4","1;1;2","1;1","1","1","ligand-receptor","Neurotransmitter","NeuronChat"
"GABA_GABRA5","GAD1;GAD2;SLC32A1","GABRA5","1;1;2","1;1","1","1","ligand-receptor","Neurotransmitter","NeuronChat"
"GABA_GABRA6","GAD1;GAD2;SLC32A1","GABRA6","1;1;2","1;1","1","1","ligand-receptor","Neurotransmitter","NeuronChat"
"GABA_GABRB1","GAD1;GAD2;SLC32A1","GABRB1","1;1;2","1;1","1","1","ligand-receptor","Neurotransmitter","NeuronChat"
"GABA_GABRB2","GAD1;GAD2;SLC32A1","GABRB2","1;1;2","1;1","1","1","ligand-receptor","Neurotransmitter","NeuronChat"
"GABA_GABRB3","GAD1;GAD2;SLC32A1","GABRB3","1;1;2","1;1","1","1","ligand-receptor","Neurotransmitter","NeuronChat"
"GABA_GABRG1","GAD1;GAD2;SLC32A1","GABRG1","1;1;2","1;1","1","1","ligand-receptor","Neurotransmitter","NeuronChat"
"GABA_GABRG2","GAD1;GAD2;SLC32A1","GABRG2","1;1;2","1;1","1","1","ligand-receptor","Neurotransmitter","NeuronChat"
"GABA_GABRG3","GAD1;GAD2;SLC32A1","GABRG3","1;1;2","1;1","1","1","ligand-receptor","Neurotransmitter","NeuronChat"
"GABA_GABBR2","GAD1;GAD2;SLC32A1","GABBR2","1;1;2","1;1","1","1","ligand-receptor","Neurotransmitter","NeuronChat"
"GJA3_GJA3","GJA3","GJA3","1","1","1","1","ligand-receptor","Gap junction protein","NeuronChat"
"GJA4_GJA4","GJA4","GJA4","1","1","1","1","ligand-receptor","Gap junction protein","NeuronChat"
"GJB2_GJB2","GJB2","GJB2","1","1","1","1","ligand-receptor","Gap junction protein","NeuronChat"
"GJB6_GJB6","GJB6","GJB6","1","1","1","1","ligand-receptor","Gap junction protein","NeuronChat"
"GJC1_GJC1","GJC1","GJC1","1","1","1","1","ligand-receptor","Gap junction protein","NeuronChat"
"Ach_CHRNA1","CHAT;SLC18A3","CHRNA1","1;2","1;1","1","1","ligand-receptor","Neurotransmitter","NeuronChat"
"Ach_CHRNA6","CHAT;SLC18A3","CHRNA6","1;2","1;1","1","1","ligand-receptor","Neurotransmitter","NeuronChat"
"Ach_CHRNB1","CHAT;SLC18A3","CHRNB1","1;2","1;1","1","1","ligand-receptor","Neurotransmitter","NeuronChat"
"Ach_CHRNB3","CHAT;SLC18A3","CHRNB3","1;2","1;1","1","1","ligand-receptor","Neurotransmitter","NeuronChat"
"Ach_CHRND","CHAT;SLC18A3","CHRND","1;2","1;1","1","1","ligand-receptor","Neurotransmitter","NeuronChat"
"Ach_CHRNE","CHAT;SLC18A3","CHRNE","1;2","1;1","1","1","ligand-receptor","Neurotransmitter","NeuronChat"
"Ach_CHRNG","CHAT;SLC18A3","CHRNG","1;2","1;1","1","1","ligand-receptor","Neurotransmitter","NeuronChat"
"Ach_CHRM2","CHAT;SLC18A3","CHRM2","1;2","1;1","1","1","ligand-receptor","Neurotransmitter","NeuronChat"
"Ach_CHRM3","CHAT;SLC18A3","CHRM3","1;2","1;1","1","1","ligand-receptor","Neurotransmitter","NeuronChat"
"Gly_GLRA3","SHMT1;SHMT2;SLC32A1","GLRA3","1;1;2","1;1","1","1","ligand-receptor","Neurotransmitter","NeuronChat"
"Gly_SLC6A5","SHMT1;SHMT2;SLC32A1","SLC6A5","1;1;2","1;1","1","1","ligand uptake","Neurotransmitter","NeuronChat"
"5HT_HTR1A","TPH1;TPH2;DDC;SLC18A1;SLC18A2","HTR1A","1;1;2;3;3","1;1;1","1","1","ligand-receptor","Neurotransmitter","NeuronChat"
"5HT_HTR1B","TPH1;TPH2;DDC;SLC18A1;SLC18A2","HTR1B","1;1;2;3;3","1;1;1","1","1","ligand-receptor","Neurotransmitter","NeuronChat"
"5HT_HTR1E","TPH1;TPH2;DDC;SLC18A1;SLC18A2","HTR1E","1;1;2;3;3","1;1;1","1","1","ligand-receptor","Neurotransmitter","NeuronChat"
"5HT_HTR1F","TPH1;TPH2;DDC;SLC18A1;SLC18A2","HTR1F","1;1;2;3;3","1;1;1","1","1","ligand-receptor","Neurotransmitter","NeuronChat"
"5HT_HTR2A","TPH1;TPH2;DDC;SLC18A1;SLC18A2","HTR2A","1;1;2;3;3","1;1;1","1","1","ligand-receptor","Neurotransmitter","NeuronChat"
"5HT_HTR2C","TPH1;TPH2;DDC;SLC18A1;SLC18A2","HTR2C","1;1;2;3;3","1;1;1","1","1","ligand-receptor","Neurotransmitter","NeuronChat"
"5HT_HTR3A","TPH1;TPH2;DDC;SLC18A1;SLC18A2","HTR3A","1;1;2;3;3","1;1;1","1","1","ligand-receptor","Neurotransmitter","NeuronChat"
"5HT_HTR3C","TPH1;TPH2;DDC;SLC18A1;SLC18A2","HTR3C","1;1;2;3;3","1;1;1","1","1","ligand-receptor","Neurotransmitter","NeuronChat"
"5HT_HTR4","TPH1;TPH2;DDC;SLC18A1;SLC18A2","HTR4","1;1;2;3;3","1;1;1","1","1","ligand-receptor","Neurotransmitter","NeuronChat"
"5HT_HTR7","TPH1;TPH2;DDC;SLC18A1;SLC18A2","HTR7","1;1;2;3;3","1;1;1","1","1","ligand-receptor","Neurotransmitter","NeuronChat"
"DA_DRD1","TH;DDC;SLC18A1;SLC18A2","DRD1","1;2;3;3","1;1;1","1","1","ligand-receptor","Neurotransmitter","NeuronChat"
"DA_DRD2","TH;DDC;SLC18A1;SLC18A2","DRD2","1;2;3;3","1;1;1","1","1","ligand-receptor","Neurotransmitter","NeuronChat"
"DA_SLC6A3","TH;DDC;SLC18A1;SLC18A2","SLC6A3","1;2;3;3","1;1;1","1","1","ligand uptake","Neurotransmitter","NeuronChat"
"Epi_ADRA1A","TH;DDC;DBH;PNMT;SLC18A1;SLC18A2","ADRA1A","1;2;3;4;5;5","1;1;1;1;1","1","1","ligand-receptor","Neurotransmitter","NeuronChat"
"Epi_ADRA1B","TH;DDC;DBH;PNMT;SLC18A1;SLC18A2","ADRA1B","1;2;3;4;5;5","1;1;1;1;1","1","1","ligand-receptor","Neurotransmitter","NeuronChat"
"Epi_ADRA2C","TH;DDC;DBH;PNMT;SLC18A1;SLC18A2","ADRA2C","1;2;3;4;5;5","1;1;1;1;1","1","1","ligand-receptor","Neurotransmitter","NeuronChat"
"Epi_ADRB1","TH;DDC;DBH;PNMT;SLC18A1;SLC18A2","ADRB1","1;2;3;4;5;5","1;1;1;1;1","1","1","ligand-receptor","Neurotransmitter","NeuronChat"
"NE_ADRA1A","TH;DDC;DBH;SLC18A1;SLC18A2","ADRA1A","1;2;3;4;4","1;1;1;1","1","1","ligand-receptor","Neurotransmitter","NeuronChat"
"NE_ADRA1B","TH;DDC;DBH;SLC18A1;SLC18A2","ADRA1B","1;2;3;4;4","1;1;1;1","1","1","ligand-receptor","Neurotransmitter","NeuronChat"
"NE_ADRA2C","TH;DDC;DBH;SLC18A1;SLC18A2","ADRA2C","1;2;3;4;4","1;1;1;1","1","1","ligand-receptor","Neurotransmitter","NeuronChat"
"NE_ADRB1","TH;DDC;DBH;SLC18A1;SLC18A2","ADRB1","1;2;3;4;4","1;1;1;1","1","1","ligand-receptor","Neurotransmitter","NeuronChat"
"NO_GUCY1A1","NOS1;NOS2;NOS3","GUCY1A1","1;1;1","1","1","1","gas-effector","Gas","NeuronChat"
"NO_GUCY1A2","NOS1;NOS2;NOS3","GUCY1A2","1;1;1","1","1","1","gas-effector","Gas","NeuronChat"
"NRXN3_NLGN1","NRXN3","NLGN1","1","1","1","1","ligand-receptor","Synaptic adhesion molecule","NeuronChat"
"GDF6_BMPR1B_ACVR2A","GDF6","BMPR1B;ACVR2A","1","1","1;1","1","Secreted Signaling","cytokine;growth factor","CellChat"
"GDF6_BMPR1B_ACVR2B","GDF6","BMPR1B;ACVR2B","1","1","1;1","1","Secreted Signaling","cytokine;growth factor","CellChat"
"GDF6_BMPR1B_BMPR2","GDF6","BMPR1B;BMPR2","1","1","1;1","1","Secreted Signaling","cytokine;growth factor","CellChat"
"BMP15_BMPR1B_BMPR2","BMP15","BMPR1B;BMPR2","1","1","1;1","1","Secreted Signaling","cytokine;growth factor","CellChat"
"BMP5_ACVR1_ACVR2A","BMP5","ACVR1;ACVR2A","1","1","1;1","1","Secreted Signaling","cytokine;growth factor","CellChat"
"BMP5_ACVR1_ACVR2B","BMP5","ACVR1;ACVR2B","1","1","1;1","1","Secreted Signaling","cytokine;growth factor","CellChat"
"BMP5_ACVR1_BMPR2","BMP5","BMPR2;ACVR1","1","1","1;1","1","Secreted Signaling","cytokine;growth factor","CellChat"
"BMP5_BMPR1B_ACVR2A","BMP5","BMPR1B;ACVR2A","1","1","1;1","1","Secreted Signaling","cytokine;growth factor","CellChat"
"BMP5_BMPR1B_ACVR2B","BMP5","BMPR1B;ACVR2B","1","1","1;1","1","Secreted Signaling","cytokine;growth factor","CellChat"
"BMP5_BMPR1B_BMPR2","BMP5","BMPR1B;BMPR2","1","1","1;1","1","Secreted Signaling","cytokine;growth factor","CellChat"
"BMP6_ACVR1_ACVR2A","BMP6","ACVR1;ACVR2A","1","1","1;1","1","Secreted Signaling","cytokine;growth factor","CellChat"
"BMP6_ACVR1_ACVR2B","BMP6","ACVR1;ACVR2B","1","1","1;1","1","Secreted Signaling","cytokine;growth factor","CellChat"
"BMP6_ACVR1_BMPR2","BMP6","BMPR2;ACVR1","1","1","1;1","1","Secreted Signaling","cytokine;growth factor","CellChat"
"BMP6_BMPR1B_ACVR2A","BMP6","BMPR1B;ACVR2A","1","1","1;1","1","Secreted Signaling","cytokine;growth factor","CellChat"
"BMP6_BMPR1B_ACVR2B","BMP6","BMPR1B;ACVR2B","1","1","1;1","1","Secreted Signaling","cytokine;growth factor","CellChat"
"BMP6_BMPR1B_BMPR2","BMP6","BMPR1B;BMPR2","1","1","1;1","1","Secreted Signaling","cytokine;growth factor","CellChat"
"INHBB_ACVR1C_ACVR2A","INHBB","ACVR1C;ACVR2A","1","1","1;1","1","Secreted Signaling","growth factor;hormone","CellChat"
"INHBB_ACVR1C_ACVR2B","INHBB","ACVR1C;ACVR2B","1","1","1;1","1","Secreted Signaling","growth factor;hormone","CellChat"
"INHBE_ACVR1C_ACVR2A","INHBE","ACVR1C;ACVR2A","1","1","1;1","1","Secreted Signaling","growth factor;hormone","CellChat"
"INHBE_ACVR1C_ACVR2B","INHBE","ACVR1C;ACVR2B","1","1","1;1","1","Secreted Signaling","growth factor;hormone","CellChat"
"INHBABB_ACVR1C_ACVR2A","INHBA;INHBB","ACVR1C;ACVR2A","1;1","1","1;1","1","Secreted Signaling","growth factor;hormone","CellChat"
"INHB_ACVR1C_ACVR2B","INHBA;INHBB","ACVR1C;ACVR2B","1;1","1","1;1","1","Secreted Signaling","growth factor;hormone","CellChat"
"WNT1_FZD10_LRP5","WNT1","FZD10;LRP5","1","1","1;1","1","Secreted Signaling","cellsignal_wnt","CellChat"
"WNT10A_FZD10_LRP5","WNT10A","FZD10;LRP5","1","1","1;1","1","Secreted Signaling","secreted","CellChat"
"WNT10B_FZD10_LRP5","WNT10B","FZD10;LRP5","1","1","1;1","1","Secreted Signaling","","CellChat"
"WNT16_FZD10_LRP5","WNT16","FZD10;LRP5","1","1","1;1","1","Secreted Signaling","cellsignal_wnt","CellChat"
"WNT7A_FZD10_LRP5","WNT7A","FZD10;LRP5","1","1","1;1","1","Secreted Signaling","cellsignal_wnt","CellChat"
"WNT1_FZD10_LRP6","WNT1","FZD10;LRP6","1","1","1;1","1","Secreted Signaling","cellsignal_wnt","CellChat"
"WNT10A_FZD10_LRP6","WNT10A","FZD10;LRP6","1","1","1;1","1","Secreted Signaling","secreted","CellChat"
"WNT10B_FZD10_LRP6","WNT10B","FZD10;LRP6","1","1","1;1","1","Secreted Signaling","","CellChat"
"WNT16_FZD10_LRP6","WNT16","FZD10;LRP6","1","1","1;1","1","Secreted Signaling","cellsignal_wnt","CellChat"
"WNT7A_FZD10_LRP6","WNT7A","FZD10;LRP6","1","1","1;1","1","Secreted Signaling","cellsignal_wnt","CellChat"
"AREG_EGFR","AREG","EGFR","1","1","1","1","Secreted Signaling","growth factor","CellChat"
"AREG_EGFR_ERBB2","AREG","ERBB2;EGFR","1","1","1;1","1","Secreted Signaling","growth factor","CellChat"
"NRG1_ERBB4","NRG1","ERBB4","1","1","1","1","Secreted Signaling","growth factor","CellChat"
"NRG1_ERBB2_ERBB4","NRG1","ERBB2;ERBB4","1","1","1;1","1","Secreted Signaling","growth factor","CellChat"
"NRG3_ERBB4","NRG3","ERBB4","1","1","1","1","Secreted Signaling","growth factor","CellChat"
"NRG3_ERBB2_ERBB4","NRG3","ERBB2;ERBB4","1","1","1;1","1","Secreted Signaling","growth factor","CellChat"
"NRG1_ITGAV_ITGB3","NRG1","ITGAV;ITGB3","1","1","1;1","1","Secreted Signaling","growth factor","CellChat"
"FGF1_FGFR2","FGF1","FGFR2","1","1","1","1","Secreted Signaling","growth factor","CellChat"
"FGF3_FGFR2","FGF3","FGFR2","1","1","1","1","Secreted Signaling","growth factor","CellChat"
"FGF20_FGFR2","FGF20","FGFR2","1","1","1","1","Secreted Signaling","growth factor","CellChat"
"PDGFB_PDGFRB","PDGFB","PDGFRB","1","1","1","1","Secreted Signaling","growth factor","CellChat"
"PDGFD_PDGFRB","PDGFD","PDGFRB","1","1","1","1","Secreted Signaling","growth factor","CellChat"
"IGF1_IGF1R","IGF1","IGF1R","1","1","1","1","Secreted Signaling","growth factor","CellChat"
"IGF2_IGF1R","IGF2","IGF1R","1","1","1","1","Secreted Signaling","growth factor;hormone","CellChat"
"IGF1_ITGAV_ITGB3","IGF1","ITGAV;ITGB3","1","1","1;1","1","Secreted Signaling","growth factor","CellChat"
"IGF1_ITGA6_ITGB4","IGF1","ITGA6;ITGB4","1","1","1;1","1","Secreted Signaling","growth factor","CellChat"
"IGF2_ITGAV_ITGB3","IGF2","ITGAV;ITGB3","1","1","1;1","1","Secreted Signaling","growth factor;hormone","CellChat"
"IGF2_ITGA6_ITGB4","IGF2","ITGA6;ITGB4","1","1","1;1","1","Secreted Signaling","growth factor;hormone","CellChat"
"CCL5_CCR1","CCL5","CCR1","1","1","1","1","Secreted Signaling","cytokine","CellChat"
"CCL3_CCR1","CCL3","CCR1","1","1","1","1","Secreted Signaling","cytokine","CellChat"
"CCL3L3_CCR1","CCL3L3","CCR1","1","1","1","1","Secreted Signaling","cytokine","CellChat"
"CCL8_CCR1","CCL8","CCR1","1","1","1","1","Secreted Signaling","cytokine","CellChat"
"CCL7_CCR1","CCL7","CCR1","1","1","1","1","Secreted Signaling","cytokine","CellChat"
"CCL13_CCR1","CCL13","CCR1","1","1","1","1","Secreted Signaling","cytokine","CellChat"
"CCL14_CCR1","CCL14","CCR1","1","1","1","1","Secreted Signaling","cytokine","CellChat"
"CCL16_CCR1","CCL16","CCR1","1","1","1","1","Secreted Signaling","cytokine","CellChat"
"CCL23_CCR1","CCL23","CCR1","1","1","1","1","Secreted Signaling","cytokine","CellChat"
"CCL8_CCR2","CCL8","CCR2","1","1","1","1","Secreted Signaling","cytokine","CellChat"
"CCL7_CCR2","CCL7","CCR2","1","1","1","1","Secreted Signaling","cytokine","CellChat"
"CCL4_CCR5","CCL4","CCR5","1","1","1","1","Secreted Signaling","cytokine","CellChat"
"CCL5_CCR5","CCL5","CCR5","1","1","1","1","Secreted Signaling","cytokine","CellChat"
"CCL3_CCR5","CCL3","CCR5","1","1","1","1","Secreted Signaling","cytokine","CellChat"
"CCL19_CCR7","CCL19","CCR7","1","1","1","1","Secreted Signaling","cytokine","CellChat"
"CXCL9_CXCR3","CXCL9","CXCR3","1","1","1","1","Secreted Signaling","cytokine","CellChat"
"CXCL10_CXCR3","CXCL10","CXCR3","1","1","1","1","Secreted Signaling","cytokine","CellChat"
"CXCL11_CXCR3","CXCL11","CXCR3","1","1","1","1","Secreted Signaling","cytokine","CellChat"
"MIF_CD74_CXCR4","MIF","CD74;CXCR4","1","1","1;1","1","Secreted Signaling","","CellChat"
"MIF_CD74_CD44","MIF","CD44;CD74","1","1","1;1","1","Secreted Signaling","","CellChat"
"MIF_CD74_CXCR2","MIF","CXCR2;CD74","1","1","1;1","1","Secreted Signaling","","CellChat"
"XCL1_XCR1","XCL1","XCR1","1","1","1","1","Secreted Signaling","cytokine","CellChat"
"XCL2_XCR1","XCL2","XCR1","1","1","1","1","Secreted Signaling","cytokine","CellChat"
"IL2_IL2RA_IL2RB","IL2","IL2RA;IL2RB;IL2RG","1","1","1;1;1","1","Secreted Signaling","cytokine;growth factor","CellChat"
"IL2_IL2RB_IL2RG","IL2","IL2RB;IL2RG","1","1","1;1","1","Secreted Signaling","cytokine;growth factor","CellChat"
"IL4_IL4R_IL2RG","IL4","IL2RG;IL4R","1","1","1;1","1","Secreted Signaling","cytokine;growth factor","CellChat"
"IL7_IL7R_IL2RG","IL7","IL2RG;IL7R","1","1","1;1","1","Secreted Signaling","cytokine;growth factor","CellChat"
"IL21_IL21R_IL2RG","IL21","IL2RG;IL21R","1","1","1;1","1","Secreted Signaling","cytokine","CellChat"
"IL4_IL4R","IL4","IL4R","1","1","1","1","Secreted Signaling","cytokine;growth factor","CellChat"
"IL12B_IL12RB1_IL12RB2","IL12B;IL12A","IL12RB1;IL12RB2","1;1","1","1;1","1","Secreted Signaling","cytokine;growth factor","CellChat"
"OSM_LIFR_IL6ST","OSM","IL6ST;LIFR","1","1","1;1","1","Secreted Signaling","cytokine","CellChat"
"IL10_IL10RA_IL10RB","IL10","IL10RA;IL10RB","1","1","1;1","1","Secreted Signaling","cytokine","CellChat"
"IL1A_IL1R1_IL1RAP","IL1A","IL1RAP;IL1R1","1","1","1;1","1","Secreted Signaling","cytokine","CellChat"
"IL37_IL18R1_IL18RAP","IL37","IL18RAP;IL18R1","1","1","1;1","1","Secreted Signaling","cytokine","CellChat"
"KLK3_NGFR","KLK3","NGFR","1","1","1","1","Secreted Signaling","","CellChat"
"CD40LG_ITGA2B_ITGB3","CD40LG","ITGA2B;ITGB3","1","1","1;1","1","Secreted Signaling","cytokine","CellChat"
"SPP1_CD44","SPP1","CD44","1","1","1","1","Secreted Signaling","cytokine","CellChat"
"SPP1_ITGAV_ITGB3","SPP1","ITGAV;ITGB3","1","1","1;1","1","Secreted Signaling","cytokine","CellChat"
"SPP1_ITGAV_ITGB1","SPP1","ITGAV;ITGB1","1","1","1;1","1","Secreted Signaling","cytokine","CellChat"
"SPP1_ITGAV_ITGB5","SPP1","ITGAV;ITGB5","1","1","1;1","1","Secreted Signaling","cytokine","CellChat"
"SPP1_ITGAV_ITGB6","SPP1","ITGAV;ITGB6","1","1","1;1","1","Secreted Signaling","cytokine","CellChat"
"SPP1_ITGA4_ITGB1","SPP1","ITGA4;ITGB1","1","1","1;1","1","Secreted Signaling","cytokine","CellChat"
"SPP1_ITGA8_ITGB1","SPP1","ITGA8;ITGB1","1","1","1;1","1","Secreted Signaling","cytokine","CellChat"
"ANGPTL1_PIRB","ANGPTL1","LILRB3","1","1","1","1","Secreted Signaling","","CellChat"
"PTN_PTPRZ1","PTN","PTPRZ1","1","1","1","1","Secreted Signaling","growth factor","CellChat"
"PTN_SDC1","PTN","SDC1","1","1","1","1","Secreted Signaling","growth factor","CellChat"
"PTN_SDC2","PTN","SDC2","1","1","1","1","Secreted Signaling","growth factor","CellChat"
"PTN_SDC3","PTN","SDC3","1","1","1","1","Secreted Signaling","growth factor","CellChat"
"PTN_ITGAV_ITGB3","PTN","ITGAV;ITGB3","1","1","1;1","1","Secreted Signaling","growth factor","CellChat"
"PTN_ALK","PTN","ALK","1","1","1","1","Secreted Signaling","growth factor","CellChat"
"POSTN_ITGAV_ITGB3","POSTN","ITGAV;ITGB3","1","1","1;1","1","Secreted Signaling","","CellChat"
"POSTN_ITGAV_ITGB5","POSTN","ITGAV;ITGB5","1","1","1;1","1","Secreted Signaling","","CellChat"
"CCK_CCKAR","CCK","CCKAR","1","1","1","1","Secreted Signaling","hormone","CellChat"
"EDN1_EDNRA","EDN1","EDNRA","1","1","1","1","Secreted Signaling","secreted","CellChat"
"EDN3_EDNRA","EDN3","EDNRA","1","1","1","1","Secreted Signaling","secreted","CellChat"
"EDN1_EDNRB","EDN1","EDNRB","1","1","1","1","Secreted Signaling","secreted","CellChat"
"EDN3_EDNRB","EDN3","EDNRB","1","1","1","1","Secreted Signaling","secreted","CellChat"
"GALP_GALR1","GALP","GALR1","1","1","1","1","Secreted Signaling","hormone","CellChat"
"SST_SSTR5","SST","SSTR5","1","1","1","1","Secreted Signaling","hormone","CellChat"
"CORT_SSTR5","CORT","SSTR5","1","1","1","1","Secreted Signaling","hormone","CellChat"
"AVP_AVPR2","AVP","AVPR2","1","1","1","1","Secreted Signaling","hormone","CellChat"
"AVP_AVPR1B","AVP","AVPR1B","1","1","1","1","Secreted Signaling","hormone","CellChat"
"GZMA_F2RL3","GZMA","F2RL3","1","1","1","1","Secreted Signaling","","CellChat"
"GZMA_PARD3","GZMA","PARD3","1","1","1","1","Secreted Signaling","","CellChat"
"PMCH_MCHR1","PMCH","MCHR1","1","1","1","1","Secreted Signaling","hormone","CellChat"
"HGF_MET","HGF","MET","1","1","1","1","Secreted Signaling","growth factor","CellChat"
"SEMA3A_NRP1_PLXNA1","SEMA3A","NRP1;PLXNA1","1","1","1;1","1","Secreted Signaling","secreted","CellChat"
"SEMA3A_NRP1_PLXNA2","SEMA3A","NRP1;PLXNA2","1","1","1;1","1","Secreted Signaling","secreted","CellChat"
"SEMA3A_NRP1_PLXNA3","SEMA3A","PLXNA3;NRP1","1","1","1;1","1","Secreted Signaling","secreted","CellChat"
"SEMA3A_NRP1_PLXNA4","SEMA3A","PLXNA4;NRP1","1","1","1;1","1","Secreted Signaling","secreted","CellChat"
"SEMA3C_NRP1_PLXNA1","SEMA3C","NRP1;PLXNA1","1","1","1;1","1","Secreted Signaling","secreted","CellChat"
"SEMA3C_NRP1_PLXNA2","SEMA3C","NRP1;PLXNA2","1","1","1;1","1","Secreted Signaling","secreted","CellChat"
"SEMA3C_NRP1_PLXNA3","SEMA3C","PLXNA3;NRP1","1","1","1;1","1","Secreted Signaling","secreted","CellChat"
"SEMA3C_NRP1_PLXNA4","SEMA3C","PLXNA4;NRP1","1","1","1;1","1","Secreted Signaling","secreted","CellChat"
"SEMA3D_NRP1_PLXNA1","SEMA3D","NRP1;PLXNA1","1","1","1;1","1","Secreted Signaling","","CellChat"
"SEMA3D_NRP1_PLXNA2","SEMA3D","NRP1;PLXNA2","1","1","1;1","1","Secreted Signaling","","CellChat"
"SEMA3D_NRP1_PLXNA3","SEMA3D","PLXNA3;NRP1","1","1","1;1","1","Secreted Signaling","","CellChat"
"SEMA3D_NRP1_PLXNA4","SEMA3D","PLXNA4;NRP1","1","1","1;1","1","Secreted Signaling","","CellChat"
"SEMA3C_NRP2_PLXNA1","SEMA3C","PLXNA1;NRP2","1","1","1;1","1","Secreted Signaling","secreted","CellChat"
"SEMA3C_NRP2_PLXNA2","SEMA3C","NRP2;PLXNA2","1","1","1;1","1","Secreted Signaling","secreted","CellChat"
"SEMA3C_NRP2_PLXNA3","SEMA3C","PLXNA3;NRP2","1","1","1;1","1","Secreted Signaling","secreted","CellChat"
"SEMA3C_NRP2_PLXNA4","SEMA3C","PLXNA4;NRP2","1","1","1;1","1","Secreted Signaling","secreted","CellChat"
"SEMA3D_NRP2_PLXNA1","SEMA3D","PLXNA1;NRP2","1","1","1;1","1","Secreted Signaling","","CellChat"
"SEMA3D_NRP2_PLXNA2","SEMA3D","NRP2;PLXNA2","1","1","1;1","1","Secreted Signaling","","CellChat"
"SEMA3D_NRP2_PLXNA3","SEMA3D","PLXNA3;NRP2","1","1","1;1","1","Secreted Signaling","","CellChat"
"SEMA3D_NRP2_PLXNA4","SEMA3D","PLXNA4;NRP2","1","1","1;1","1","Secreted Signaling","","CellChat"
"SEMA3G_NRP2_PLXNA1","SEMA3G","PLXNA1;NRP2","1","1","1;1","1","Secreted Signaling","","CellChat"
"SEMA3G_NRP2_PLXNA2","SEMA3G","NRP2;PLXNA2","1","1","1;1","1","Secreted Signaling","","CellChat"
"SEMA3G_NRP2_PLXNA3","SEMA3G","PLXNA3;NRP2","1","1","1;1","1","Secreted Signaling","","CellChat"
"SEMA3G_NRP2_PLXNA4","SEMA3G","PLXNA4;NRP2","1","1","1;1","1","Secreted Signaling","","CellChat"
"SEMA3C_NRP1_NRP2","SEMA3C","NRP1;PLXND1;NRP2","1","1","1;1;1","1","Secreted Signaling","secreted","CellChat"
"SEMA3C_PLXND1","SEMA3C","PLXND1","1","1","1","1","Secreted Signaling","secreted","CellChat"
"ANXA1_FPR2","ANXA1","FPR2","1","1","1","1","Secreted Signaling","secreted","CellChat"
"GCG_GLP1R","GCG","GLP1R","1","1","1","1","Secreted Signaling","hormone","CellChat"
"IAPP_CALCR","IAPP","CALCR","1","1","1","1","Secreted Signaling","hormone","CellChat"
"IAPP_CALCRL","IAPP","CALCRL","1","1","1","1","Secreted Signaling","hormone","CellChat"
"PMCH_MERTK","PMCH","MERTK","1","1","1","1","Secreted Signaling","hormone","CellChat"
"PTH2_PTH1R","PTH2","PTH1R","1","1","1","1","Secreted Signaling","secreted","CellChat"
"PTH2_PTH2R","PTH2","PTH2R","1","1","1","1","Secreted Signaling","secreted","CellChat"
"COL1A2_ITGA2_ITGB1","COL1A2","ITGA2;ITGB1","1","1","1;1","1","ECM-Receptor","secreted","CellChat"
"COL4A1_ITGA2_ITGB1","COL4A1","ITGA2;ITGB1","1","1","1;1","1","ECM-Receptor","secreted","CellChat"
"COL4A2_ITGA2_ITGB1","COL4A2","ITGA2;ITGB1","1","1","1;1","1","ECM-Receptor","secreted","CellChat"
"COL4A3_ITGA2_ITGB1","COL4A3","ITGA2;ITGB1","1","1","1;1","1","ECM-Receptor","secreted","CellChat"
"COL4A4_ITGA2_ITGB1","COL4A4","ITGA2;ITGB1","1","1","1;1","1","ECM-Receptor","secreted","CellChat"
"COL4A5_ITGA2_ITGB1","COL4A5","ITGA2;ITGB1","1","1","1;1","1","ECM-Receptor","secreted","CellChat"
"COL6A1_ITGA2_ITGB1","COL6A1","ITGA2;ITGB1","1","1","1;1","1","ECM-Receptor","secreted","CellChat"
"COL6A5_ITGA2_ITGB1","COL6A5","ITGA2;ITGB1","1","1","1;1","1","ECM-Receptor","secreted","CellChat"
"COL9A1_ITGA2_ITGB1","COL9A1","ITGA2;ITGB1","1","1","1;1","1","ECM-Receptor","secreted","CellChat"
"FN1_ITGA4_ITGB1","FN1","ITGA4;ITGB1","1","1","1;1","1","ECM-Receptor","secreted","CellChat"
"FN1_ITGA8_ITGB1","FN1","ITGA8;ITGB1","1","1","1;1","1","ECM-Receptor","secreted","CellChat"
"LAMA2_ITGA2_ITGB1","LAMA2","ITGA2;ITGB1","1","1","1;1","1","ECM-Receptor","secreted","CellChat"
"LAMA3_ITGA2_ITGB1","LAMA3","ITGA2;ITGB1","1","1","1;1","1","ECM-Receptor","secreted","CellChat"
"LAMA4_ITGA2_ITGB1","LAMA4","ITGA2;ITGB1","1","1","1;1","1","ECM-Receptor","","CellChat"
"LAMA2_ITGA6_ITGB1","LAMA2","ITGA6;ITGB1","1","1","1;1","1","ECM-Receptor","secreted","CellChat"
"LAMA3_ITGA6_ITGB1","LAMA3","ITGA6;ITGB1","1","1","1;1","1","ECM-Receptor","secreted","CellChat"
"LAMA4_ITGA6_ITGB1","LAMA4","ITGA6;ITGB1","1","1","1;1","1","ECM-Receptor","","CellChat"
"TNC_ITGA8_ITGB1","TNC","ITGA8;ITGB1","1","1","1;1","1","ECM-Receptor","secreted","CellChat"
"TNR_ITGA8_ITGB1","TNR","ITGA8;ITGB1","1","1","1;1","1","ECM-Receptor","","CellChat"
"NPNT1_ITGA8_ITGB1","FREM1;NPNT;FRAS1","ITGA8;ITGB1","1;1;1","1","1;1","1","ECM-Receptor","","CellChat"
"NPNT2_ITGA8_ITGB1","FREM2;NPNT;FRAS1","ITGA8;ITGB1","1;1;1","1","1;1","1","ECM-Receptor","","CellChat"
"FN1_ITGAV_ITGB1","FN1","ITGAV;ITGB1","1","1","1;1","1","ECM-Receptor","secreted","CellChat"
"FN1_ITGA4_ITGB7","FN1","ITGA4;ITGB7","1","1","1;1","1","ECM-Receptor","secreted","CellChat"
"FN1_ITGAV_ITGB3","FN1","ITGAV;ITGB3","1","1","1;1","1","ECM-Receptor","secreted","CellChat"
"VWF_ITGAV_ITGB3","VWF","ITGAV;ITGB3","1","1","1;1","1","ECM-Receptor","secreted","CellChat"
"TNC_ITGAV_ITGB3","TNC","ITGAV;ITGB3","1","1","1;1","1","ECM-Receptor","secreted","CellChat"
"TNR_ITGAV_ITGB3","TNR","ITGAV;ITGB3","1","1","1;1","1","ECM-Receptor","","CellChat"
"FN1_ITGA2B_ITGB3","FN1","ITGA2B;ITGB3","1","1","1;1","1","ECM-Receptor","secreted","CellChat"
"VWF_ITGA2B_ITGB3","VWF","ITGA2B;ITGB3","1","1","1;1","1","ECM-Receptor","secreted","CellChat"
"TNC_ITGA2B_ITGB3","TNC","ITGA2B;ITGB3","1","1","1;1","1","ECM-Receptor","secreted","CellChat"
"TNR_ITGA2B_ITGB3","TNR","ITGA2B;ITGB3","1","1","1;1","1","ECM-Receptor","","CellChat"
"TNC_ITGAV_ITGB6","TNC","ITGAV;ITGB6","1","1","1;1","1","ECM-Receptor","secreted","CellChat"
"TNR_ITGAV_ITGB6","TNR","ITGAV;ITGB6","1","1","1;1","1","ECM-Receptor","","CellChat"
"FN1_ITGAV_ITGB6","FN1","ITGAV;ITGB6","1","1","1;1","1","ECM-Receptor","secreted","CellChat"
"FN1_ITGAV_ITGB8","FN1","ITGAV;ITGB8","1","1","1;1","1","ECM-Receptor","secreted","CellChat"
"LAMA2_ITGAV_ITGB8","LAMA2","ITGAV;ITGB8","1","1","1;1","1","ECM-Receptor","secreted","CellChat"
"LAMA3_ITGAV_ITGB8","LAMA3","ITGAV;ITGB8","1","1","1;1","1","ECM-Receptor","secreted","CellChat"
"LAMA4_ITGAV_ITGB8","LAMA4","ITGAV;ITGB8","1","1","1;1","1","ECM-Receptor","","CellChat"
"COL1A2_ITGAV_ITGB8","COL1A2","ITGAV;ITGB8","1","1","1;1","1","ECM-Receptor","secreted","CellChat"
"COL4A1_ITGAV_ITGB8","COL4A1","ITGAV;ITGB8","1","1","1;1","1","ECM-Receptor","secreted","CellChat"
"COL4A2_ITGAV_ITGB8","COL4A2","ITGAV;ITGB8","1","1","1;1","1","ECM-Receptor","secreted","CellChat"
"COL4A3_ITGAV_ITGB8","COL4A3","ITGAV;ITGB8","1","1","1;1","1","ECM-Receptor","secreted","CellChat"
"COL4A4_ITGAV_ITGB8","COL4A4","ITGAV;ITGB8","1","1","1;1","1","ECM-Receptor","secreted","CellChat"
"COL4A5_ITGAV_ITGB8","COL4A5","ITGAV;ITGB8","1","1","1;1","1","ECM-Receptor","secreted","CellChat"
"COL6A1_ITGAV_ITGB8","COL6A1","ITGAV;ITGB8","1","1","1;1","1","ECM-Receptor","secreted","CellChat"
"COL6A5_ITGAV_ITGB8","COL6A5","ITGAV;ITGB8","1","1","1;1","1","ECM-Receptor","secreted","CellChat"
"COL9A1_ITGAV_ITGB8","COL9A1","ITGAV;ITGB8","1","1","1;1","1","ECM-Receptor","secreted","CellChat"
"LAMA2_ITGA6_ITGB4","LAMA2","ITGA6;ITGB4","1","1","1;1","1","ECM-Receptor","secreted","CellChat"
"LAMA3_ITGA6_ITGB4","LAMA3","ITGA6;ITGB4","1","1","1;1","1","ECM-Receptor","secreted","CellChat"
"LAMA4_ITGA6_ITGB4","LAMA4","ITGA6;ITGB4","1","1","1;1","1","ECM-Receptor","","CellChat"
"FN1_CD44","FN1","CD44","1","1","1","1","ECM-Receptor","secreted","CellChat"
"COL1A2_CD44","COL1A2","CD44","1","1","1","1","ECM-Receptor","secreted","CellChat"
"COL4A1_CD44","COL4A1","CD44","1","1","1","1","ECM-Receptor","secreted","CellChat"
"COL4A2_CD44","COL4A2","CD44","1","1","1","1","ECM-Receptor","secreted","CellChat"
"COL4A3_CD44","COL4A3","CD44","1","1","1","1","ECM-Receptor","secreted","CellChat"
"COL4A4_CD44","COL4A4","CD44","1","1","1","1","ECM-Receptor","secreted","CellChat"
"COL4A5_CD44","COL4A5","CD44","1","1","1","1","ECM-Receptor","secreted","CellChat"
"COL6A1_CD44","COL6A1","CD44","1","1","1","1","ECM-Receptor","secreted","CellChat"
"COL6A5_CD44","COL6A5","CD44","1","1","1","1","ECM-Receptor","secreted","CellChat"
"COL9A1_CD44","COL9A1","CD44","1","1","1","1","ECM-Receptor","secreted","CellChat"
"LAMA2_CD44","LAMA2","CD44","1","1","1","1","ECM-Receptor","secreted","CellChat"
"LAMA3_CD44","LAMA3","CD44","1","1","1","1","ECM-Receptor","secreted","CellChat"
"LAMA4_CD44","LAMA4","CD44","1","1","1","1","ECM-Receptor","","CellChat"
"COL1A2_SDC1","COL1A2","SDC1","1","1","1","1","ECM-Receptor","secreted","CellChat"
"COL4A1_SDC1","COL4A1","SDC1","1","1","1","1","ECM-Receptor","secreted","CellChat"
"COL4A2_SDC1","COL4A2","SDC1","1","1","1","1","ECM-Receptor","secreted","CellChat"
"COL4A3_SDC1","COL4A3","SDC1","1","1","1","1","ECM-Receptor","secreted","CellChat"
"COL4A4_SDC1","COL4A4","SDC1","1","1","1","1","ECM-Receptor","secreted","CellChat"
"COL4A5_SDC1","COL4A5","SDC1","1","1","1","1","ECM-Receptor","secreted","CellChat"
"COL6A1_SDC1","COL6A1","SDC1","1","1","1","1","ECM-Receptor","secreted","CellChat"
"COL6A5_SDC1","COL6A5","SDC1","1","1","1","1","ECM-Receptor","secreted","CellChat"
"COL9A1_SDC1","COL9A1","SDC1","1","1","1","1","ECM-Receptor","secreted","CellChat"
"FN1_SDC1","FN1","SDC1","1","1","1","1","ECM-Receptor","secreted","CellChat"
"TNC_SDC1","TNC","SDC1","1","1","1","1","ECM-Receptor","secreted","CellChat"
"TNR_SDC1","TNR","SDC1","1","1","1","1","ECM-Receptor","","CellChat"
"LAMA2_SV2B","LAMA2","SV2B","1","1","1","1","ECM-Receptor","secreted","CellChat"
"LAMA3_SV2B","LAMA3","SV2B","1","1","1","1","ECM-Receptor","secreted","CellChat"
"LAMA4_SV2B","LAMA4","SV2B","1","1","1","1","ECM-Receptor","","CellChat"
"LAMA2_SV2C","LAMA2","SV2C","1","1","1","1","ECM-Receptor","secreted","CellChat"
"LAMA3_SV2C","LAMA3","SV2C","1","1","1","1","ECM-Receptor","secreted","CellChat"
"LAMA4_SV2C","LAMA4","SV2C","1","1","1","1","ECM-Receptor","","CellChat"
"VWF_GP1BA_GP1BB_GP5_GP9","VWF","GP5;GP1BA;GP1BB;GP9","1","1","1;1;1;1","1","ECM-Receptor","secreted","CellChat"
"ANXA1_FPR2_LXA4","ANXA1","FPR2;FPR3","1","1","1;1","1","Secreted Signaling","secreted","CellChat"
"APP_CD74","APP","CD74","1","1","1","1","Cell-Cell Contact","","CellChat"
"CADM1_CADM1","CADM1","CADM1","1","1","1","1","Cell-Cell Contact","","CellChat"
"CD34_SELP","CD34","SELP","1","1","1","1","Cell-Cell Contact","","CellChat"
"PTPRC_CD22","PTPRC","CD22","1","1","1","1","Cell-Cell Contact","","CellChat"
"PTPRC_MRC1","PTPRC","MRC1","1","1","1","1","Cell-Cell Contact","","CellChat"
"CD48_CD244A","CD48","CD244","1","1","1","1","Cell-Cell Contact","","CellChat"
"CDH4_CDH4","CDH4","CDH4","1","1","1","1","Cell-Cell Contact","","CellChat"
"CDH1_CDH1","CDH1","CDH1","1","1","1","1","Cell-Cell Contact","","CellChat"
"CDH1_ITGA1_ITGB1","CDH1","ITGA2;ITGB1","1","1","1;1","1","Cell-Cell Contact","","CellChat"
"CLDN11_CLDN11","CLDN11","CLDN11","1","1","1","1","Cell-Cell Contact","","CellChat"
"NFASC_CNTN1_CNTNAP1","NFASC","CNTN1;CNTNAP1","1","1","1;1","1","Cell-Cell Contact","","CellChat"
"CNTN2_CNTN2_CNTNAP2","CNTN2","CNTN2;CNTNAP2","1","1","1;1","1","Cell-Cell Contact","","CellChat"
"CNTN2_CNTN2","CNTN2","CNTN2","1","1","1","1","Cell-Cell Contact","","CellChat"
"CNTN1_NRCAM","CNTN1","NRCAM","1","1","1","1","Cell-Cell Contact","","CellChat"
"EFNA5_EPHA2","EFNA5","EPHA2","1","1","1","1","Cell-Cell Contact","","CellChat"
"EFNA5_EPHA3","EFNA5","EPHA3","1","1","1","1","Cell-Cell Contact","","CellChat"
"EFNA5_EPHA4","EFNA5","EPHA4","1","1","1","1","Cell-Cell Contact","","CellChat"
"EFNA5_EPHA5","EFNA5","EPHA5","1","1","1","1","Cell-Cell Contact","","CellChat"
"EFNA5_EPHA7","EFNA5","EPHA7","1","1","1","1","Cell-Cell Contact","","CellChat"
"EFNA5_EPHB2","EFNA5","EPHB2","1","1","1","1","Cell-Cell Contact","","CellChat"
"ESAM_ESAM","ESAM","ESAM","1","1","1","1","Cell-Cell Contact","","CellChat"
"ICOSL_ICOS","ICOSLG","ICOS","1","1","1","1","Cell-Cell Contact","","CellChat"
"LCK_CD8A_CD8B1","LCK","CD8B;CD8A","1","1","1;1","1","Cell-Cell Contact","","CellChat"
"MAG_MAG","MAG","MAG","1","1","1","1","Cell-Cell Contact","","CellChat"
"HLA-B_CD8A","HLA-B","CD8A","1","1","1","1","Cell-Cell Contact","","CellChat"
"HLA-E_CD8A","HLA-E","CD8A","1","1","1","1","Cell-Cell Contact","","CellChat"
"HLA-G_CD8A","HLA-G","CD8A","1","1","1","1","Cell-Cell Contact","","CellChat"
"HLA-B_CD8B","HLA-B","CD8B","1","1","1","1","Cell-Cell Contact","","CellChat"
"HLA-E_CD8B","HLA-E","CD8B","1","1","1","1","Cell-Cell Contact","","CellChat"
"HLA-G_CD8B","HLA-G","CD8B","1","1","1","1","Cell-Cell Contact","","CellChat"
"HLA-B_CD8B2","HLA-B","CD8B2","1","1","1","1","Cell-Cell Contact","","CellChat"
"HLA-E_CD8B2","HLA-E","CD8B2","1","1","1","1","Cell-Cell Contact","","CellChat"
"HLA-G_CD8B2","HLA-G","CD8B2","1","1","1","1","Cell-Cell Contact","","CellChat"
"HLA-G_LILRB1","HLA-G","LILRB1","1","1","1","1","Cell-Cell Contact","","CellChat"
"HLA-G_LILRB2","HLA-G","LILRB2","1","1","1","1","Cell-Cell Contact","","CellChat"
"HLA-B_KIR3DL2","HLA-B","KIR3DL2","1","1","1","1","Cell-Cell Contact","","CellChat"
"HLA-E_KLRC1","HLA-E","KLRC1","1","1","1","1","Cell-Cell Contact","","CellChat"
"HLA-E_KLRK1","HLA-E","KLRK1","1","1","1","1","Cell-Cell Contact","","CellChat"
"HLA-E_CD94:NKG2A","HLA-E","KLRC1;KLRD1","1","1","1;1","1","Cell-Cell Contact","","CellChat"
"ULBP1_KLRK1","ULBP1","KLRK1","1","1","1","1","Cell-Cell Contact","","CellChat"
"RAET1G_KLRK1","RAET1G","KLRK1","1","1","1","1","Cell-Cell Contact","secreted","CellChat"
"MPZL1_MPZL1","MPZL1","MPZL1","1","1","1","1","Cell-Cell Contact","","CellChat"
"NCAM1_NCAM1","NCAM1","NCAM1","1","1","1","1","Cell-Cell Contact","secreted","CellChat"
"NCAM1_NCAM2","NCAM1","NCAM2","1","1","1","1","Cell-Cell Contact","secreted","CellChat"
"NECTIN3_TIGIT","NECTIN3","TIGIT","1","1","1","1","Cell-Cell Contact","","CellChat"
"NEGR1_NEGR1","NEGR1","NEGR1","1","1","1","1","Cell-Cell Contact","","CellChat"
"LRRC4C_NTNG1","LRRC4C","NTNG1","1","1","1","1","Cell-Cell Contact","","CellChat"
"DLL4_NOTCH3","DLL4","NOTCH3","1","1","1","1","Cell-Cell Contact","","CellChat"
"JAG1_NOTCH3","JAG1","NOTCH3","1","1","1","1","Cell-Cell Contact","","CellChat"
"PECAM1_PECAM1","PECAM1","PECAM1","1","1","1","1","Cell-Cell Contact","","CellChat"
"PTPRM_PTPRM","PTPRM","PTPRM","1","1","1","1","Cell-Cell Contact","","CellChat"
"SEMA6D_PLXNA1_KDR","SEMA6D","KDR;PLXNA1","1","1","1;1","1","Cell-Cell Contact","","CellChat"
"SEMA6D_PLXNA1_TREM2","SEMA6D","TREM2;TYROBP;PLXNA1","1","1","1;1;1","1","Cell-Cell Contact","","CellChat"
"SEMA6D_PLXNA1","SEMA6D","PLXNA1","1","1","1","1","Cell-Cell Contact","","CellChat"
"SEMA6A_PLXNA2","SEMA6A","PLXNA2","1","1","1","1","Cell-Cell Contact","","CellChat"
"SEMA6A_PLXNA4","SEMA6A","PLXNA4","1","1","1","1","Cell-Cell Contact","","CellChat"
"THY1_ITGAV_ITGB3","THY1","ITGAV;ITGB3","1","1","1;1","1","Cell-Cell Contact","","CellChat"
"ITGA4_ITGB1_VCAM1","ITGA4;ITGB1","VCAM1","1;1","1","1","1","Cell-Cell Contact","","CellChat"
"ITGA4_ITGB7_VCAM1","ITGA4;ITGB7","VCAM1","1;1","1","1","1","Cell-Cell Contact","","CellChat"
"GJA3_GJC1","GJA3","GJC1","1","1","1","1","Cell-Cell Contact","","CellChat"
"CLDN1_CLDN1","CLDN1","CLDN1","1","1","1","1","Cell-Cell Contact","","CellChat"
"CLDN2_CLDN2","CLDN2","CLDN2","1","1","1","1","Cell-Cell Contact","","CellChat"
"CLDN3_CLDN3","CLDN3","CLDN3","1","1","1","1","Cell-Cell Contact","","CellChat"
"PCDHB2_PCDHB2","PCDHB2","PCDHB2","1","1","1","1","Cell-Cell Contact","","CellChat"
"PCDHB4_PCDHB4","PCDHB4","PCDHB4","1","1","1","1","Cell-Cell Contact","","CellChat"
"IAPP_CALCR_RAMP3","IAPP","RAMP3;CALCR","1","1","1;1","1","Secreted Signaling","hormone","CellChat"
"Acetylcholine-Ach-CHAT_SLC10A4_CHRN_A1_2B1DE","SLC10A4;CHAT","CHRNA1;CHRNB1;CHRND;CHRNE","1;1","1","1;1;1;1","1","Non-protein Signaling","","CellChat"
"Acetylcholine-Ach-CHAT_SLC10A4_CHRN_A1_2B1DG","SLC10A4;CHAT","CHRNA1;CHRNB1;CHRND;CHRNG","1;1","1","1;1;1;1","1","Non-protein Signaling","","CellChat"
"Acetylcholine-Ach-CHAT_SLC18A3_CHRN_A1_2B1DE","SLC18A3;CHAT","CHRNA1;CHRNB1;CHRND;CHRNE","1;1","1","1;1;1;1","1","Non-protein Signaling","","CellChat"
"Acetylcholine-Ach-CHAT_SLC18A3_CHRN_A1_2B1DG","SLC18A3;CHAT","CHRNA1;CHRNB1;CHRND;CHRNG","1;1","1","1;1;1;1","1","Non-protein Signaling","","CellChat"
"Acetylcholine-Ach-CHAT_SLC5A7_CHRN_A1_2B1DE","SLC5A7;CHAT","CHRNA1;CHRNB1;CHRND;CHRNE","1;1","1","1;1;1;1","1","Non-protein Signaling","","CellChat"
"Acetylcholine-Ach-CHAT_SLC5A7_CHRN_A1_2B1DG","SLC5A7;CHAT","CHRNA1;CHRNB1;CHRND;CHRNG","1;1","1","1;1;1;1","1","Non-protein Signaling","","CellChat"
"GABA-A-GAD1_SLC32A1_GABR_A1B3G2","SLC32A1;GAD1","GABRA1;GABRG2;GABRB3","1;1","1","1;1;1","1","Non-protein Signaling","","CellChat"
"GABA-A-GAD1_SLC32A1_GABR_A1B2G2","SLC32A1;GAD1","GABRA1;GABRG2;GABRB2","1;1","1","1;1;1","1","Non-protein Signaling","","CellChat"
"GABA-A-GAD1_SLC32A1_GABR_A1B2","SLC32A1;GAD1","GABRA1;GABRB2","1;1","1","1;1","1","Non-protein Signaling","","CellChat"
"GABA-A-GAD1_SLC32A1_GABR_A1B3","SLC32A1;GAD1","GABRA1;GABRB3","1;1","1","1;1","1","Non-protein Signaling","","CellChat"
"GABA-A-GAD1_SLC32A1_GABR_A1B2D","SLC32A1;GAD1","GABRA1;GABRD;GABRB2","1;1","1","1;1;1","1","Non-protein Signaling","","CellChat"
"GABA-A-GAD1_SLC32A1_GABR_A2B3G2","SLC32A1;GAD1","GABRA2;GABRG2;GABRB3","1;1","1","1;1;1","1","Non-protein Signaling","","CellChat"
"GABA-A-GAD1_SLC32A1_GABR_A3B3G2","SLC32A1;GAD1","GABRA3;GABRG2;GABRB3","1;1","1","1;1;1","1","Non-protein Signaling","","CellChat"
"GABA-A-GAD1_SLC32A1_GABR_A3B3Q","SLC32A1;GAD1","GABRQ;GABRA3;GABRB3","1;1","1","1;1;1","1","Non-protein Signaling","","CellChat"
"GABA-A-GAD1_SLC32A1_GABR_A3B3E","SLC32A1;GAD1","GABRA3;GABRE;GABRB3","1;1","1","1;1;1","1","Non-protein Signaling","","CellChat"
"GABA-A-GAD1_SLC32A1_GABR_A4B3G2","SLC32A1;GAD1","GABRA4;GABRG2;GABRB3","1;1","1","1;1;1","1","Non-protein Signaling","","CellChat"
"GABA-A-GAD1_SLC32A1_GABR_A4B3D","SLC32A1;GAD1","GABRA4;GABRD;GABRB3","1;1","1","1;1;1","1","Non-protein Signaling","","CellChat"
"GABA-A-GAD1_SLC32A1_GABR_A4B2D","SLC32A1;GAD1","GABRA4;GABRD;GABRB2","1;1","1","1;1;1","1","Non-protein Signaling","","CellChat"
"GABA-A-GAD1_SLC32A1_GABR_A5B3G2","SLC32A1;GAD1","GABRA5;GABRG2;GABRB3","1;1","1","1;1;1","1","Non-protein Signaling","","CellChat"
"GABA-A-GAD1_SLC32A1_GABR_A6B3G2","SLC32A1;GAD1","GABRA6;GABRG2;GABRB3","1;1","1","1;1;1","1","Non-protein Signaling","","CellChat"
"GABA-A-GAD1_SLC32A1_GABR_A6B3D","SLC32A1;GAD1","GABRA6;GABRD;GABRB3","1;1","1","1;1;1","1","Non-protein Signaling","","CellChat"
"GABA-A-GAD1_SLC6A1_GABR_A1B3G2","GAD1;SLC6A1","GABRA1;GABRG2;GABRB3","1;1","1","1;1;1","1","Non-protein Signaling","","CellChat"
"GABA-A-GAD1_SLC6A1_GABR_A1B2G2","GAD1;SLC6A1","GABRA1;GABRG2;GABRB2","1;1","1","1;1;1","1","Non-protein Signaling","","CellChat"
"GABA-A-GAD1_SLC6A1_GABR_A1B2","GAD1;SLC6A1","GABRA1;GABRB2","1;1","1","1;1","1","Non-protein Signaling","","CellChat"
"GABA-A-GAD1_SLC6A1_GABR_A1B3","GAD1;SLC6A1","GABRA1;GABRB3","1;1","1","1;1","1","Non-protein Signaling","","CellChat"
"GABA-A-GAD1_SLC6A1_GABR_A1B2D","GAD1;SLC6A1","GABRA1;GABRD;GABRB2","1;1","1","1;1;1","1","Non-protein Signaling","","CellChat"
"GABA-A-GAD1_SLC6A1_GABR_A2B3G2","GAD1;SLC6A1","GABRA2;GABRG2;GABRB3","1;1","1","1;1;1","1","Non-protein Signaling","","CellChat"
"GABA-A-GAD1_SLC6A1_GABR_A3B3G2","GAD1;SLC6A1","GABRA3;GABRG2;GABRB3","1;1","1","1;1;1","1","Non-protein Signaling","","CellChat"
"GABA-A-GAD1_SLC6A1_GABR_A3B3Q","GAD1;SLC6A1","GABRQ;GABRA3;GABRB3","1;1","1","1;1;1","1","Non-protein Signaling","","CellChat"
"GABA-A-GAD1_SLC6A1_GABR_A3B3E","GAD1;SLC6A1","GABRA3;GABRE;GABRB3","1;1","1","1;1;1","1","Non-protein Signaling","","CellChat"
"GABA-A-GAD1_SLC6A1_GABR_A4B3G2","GAD1;SLC6A1","GABRA4;GABRG2;GABRB3","1;1","1","1;1;1","1","Non-protein Signaling","","CellChat"
"GABA-A-GAD1_SLC6A1_GABR_A4B3D","GAD1;SLC6A1","GABRA4;GABRD;GABRB3","1;1","1","1;1;1","1","Non-protein Signaling","","CellChat"
"GABA-A-GAD1_SLC6A1_GABR_A4B2D","GAD1;SLC6A1","GABRA4;GABRD;GABRB2","1;1","1","1;1;1","1","Non-protein Signaling","","CellChat"
"GABA-A-GAD1_SLC6A1_GABR_A5B3G2","GAD1;SLC6A1","GABRA5;GABRG2;GABRB3","1;1","1","1;1;1","1","Non-protein Signaling","","CellChat"
"GABA-A-GAD1_SLC6A1_GABR_A6B3G2","GAD1;SLC6A1","GABRA6;GABRG2;GABRB3","1;1","1","1;1;1","1","Non-protein Signaling","","CellChat"
"GABA-A-GAD1_SLC6A1_GABR_A6B3D","GAD1;SLC6A1","GABRA6;GABRD;GABRB3","1;1","1","1;1;1","1","Non-protein Signaling","","CellChat"
"GABA-A-GAD1_SLC6A11_GABR_A1B3G2","GAD1;SLC6A11","GABRA1;GABRG2;GABRB3","1;1","1","1;1;1","1","Non-protein Signaling","","CellChat"
"GABA-A-GAD1_SLC6A11_GABR_A1B2G2","GAD1;SLC6A11","GABRA1;GABRG2;GABRB2","1;1","1","1;1;1","1","Non-protein Signaling","","CellChat"
"GABA-A-GAD1_SLC6A11_GABR_A1B2","GAD1;SLC6A11","GABRA1;GABRB2","1;1","1","1;1","1","Non-protein Signaling","","CellChat"
"GABA-A-GAD1_SLC6A11_GABR_A1B3","GAD1;SLC6A11","GABRA1;GABRB3","1;1","1","1;1","1","Non-protein Signaling","","CellChat"
"GABA-A-GAD1_SLC6A11_GABR_A1B2D","GAD1;SLC6A11","GABRA1;GABRD;GABRB2","1;1","1","1;1;1","1","Non-protein Signaling","","CellChat"
"GABA-A-GAD1_SLC6A11_GABR_A2B3G2","GAD1;SLC6A11","GABRA2;GABRG2;GABRB3","1;1","1","1;1;1","1","Non-protein Signaling","","CellChat"
"GABA-A-GAD1_SLC6A11_GABR_A3B3G2","GAD1;SLC6A11","GABRA3;GABRG2;GABRB3","1;1","1","1;1;1","1","Non-protein Signaling","","CellChat"
"GABA-A-GAD1_SLC6A11_GABR_A3B3Q","GAD1;SLC6A11","GABRQ;GABRA3;GABRB3","1;1","1","1;1;1","1","Non-protein Signaling","","CellChat"
"GABA-A-GAD1_SLC6A11_GABR_A3B3E","GAD1;SLC6A11","GABRA3;GABRE;GABRB3","1;1","1","1;1;1","1","Non-protein Signaling","","CellChat"
"GABA-A-GAD1_SLC6A11_GABR_A4B3G2","GAD1;SLC6A11","GABRA4;GABRG2;GABRB3","1;1","1","1;1;1","1","Non-protein Signaling","","CellChat"
"GABA-A-GAD1_SLC6A11_GABR_A4B3D","GAD1;SLC6A11","GABRA4;GABRD;GABRB3","1;1","1","1;1;1","1","Non-protein Signaling","","CellChat"
"GABA-A-GAD1_SLC6A11_GABR_A4B2D","GAD1;SLC6A11","GABRA4;GABRD;GABRB2","1;1","1","1;1;1","1","Non-protein Signaling","","CellChat"
"GABA-A-GAD1_SLC6A11_GABR_A5B3G2","GAD1;SLC6A11","GABRA5;GABRG2;GABRB3","1;1","1","1;1;1","1","Non-protein Signaling","","CellChat"
"GABA-A-GAD1_SLC6A11_GABR_A6B3G2","GAD1;SLC6A11","GABRA6;GABRG2;GABRB3","1;1","1","1;1;1","1","Non-protein Signaling","","CellChat"
"GABA-A-GAD1_SLC6A11_GABR_A6B3D","GAD1;SLC6A11","GABRA6;GABRD;GABRB3","1;1","1","1;1;1","1","Non-protein Signaling","","CellChat"
"GABA-A-GAD1_SLC6A12_GABR_A1B3G2","SLC6A12;GAD1","GABRA1;GABRG2;GABRB3","1;1","1","1;1;1","1","Non-protein Signaling","","CellChat"
"GABA-A-GAD1_SLC6A12_GABR_A1B2G2","SLC6A12;GAD1","GABRA1;GABRG2;GABRB2","1;1","1","1;1;1","1","Non-protein Signaling","","CellChat"
"GABA-A-GAD1_SLC6A12_GABR_A1B2","SLC6A12;GAD1","GABRA1;GABRB2","1;1","1","1;1","1","Non-protein Signaling","","CellChat"
"GABA-A-GAD1_SLC6A12_GABR_A1B3","SLC6A12;GAD1","GABRA1;GABRB3","1;1","1","1;1","1","Non-protein Signaling","","CellChat"
"GABA-A-GAD1_SLC6A12_GABR_A1B2D","SLC6A12;GAD1","GABRA1;GABRD;GABRB2","1;1","1","1;1;1","1","Non-protein Signaling","","CellChat"
"GABA-A-GAD1_SLC6A12_GABR_A2B3G2","SLC6A12;GAD1","GABRA2;GABRG2;GABRB3","1;1","1","1;1;1","1","Non-protein Signaling","","CellChat"
"GABA-A-GAD1_SLC6A12_GABR_A3B3G2","SLC6A12;GAD1","GABRA3;GABRG2;GABRB3","1;1","1","1;1;1","1","Non-protein Signaling","","CellChat"
"GABA-A-GAD1_SLC6A12_GABR_A3B3Q","SLC6A12;GAD1","GABRQ;GABRA3;GABRB3","1;1","1","1;1;1","1","Non-protein Signaling","","CellChat"
"GABA-A-GAD1_SLC6A12_GABR_A3B3E","SLC6A12;GAD1","GABRA3;GABRE;GABRB3","1;1","1","1;1;1","1","Non-protein Signaling","","CellChat"
"GABA-A-GAD1_SLC6A12_GABR_A4B3G2","SLC6A12;GAD1","GABRA4;GABRG2;GABRB3","1;1","1","1;1;1","1","Non-protein Signaling","","CellChat"
"GABA-A-GAD1_SLC6A12_GABR_A4B3D","SLC6A12;GAD1","GABRA4;GABRD;GABRB3","1;1","1","1;1;1","1","Non-protein Signaling","","CellChat"
"GABA-A-GAD1_SLC6A12_GABR_A4B2D","SLC6A12;GAD1","GABRA4;GABRD;GABRB2","1;1","1","1;1;1","1","Non-protein Signaling","","CellChat"
"GABA-A-GAD1_SLC6A12_GABR_A5B3G2","SLC6A12;GAD1","GABRA5;GABRG2;GABRB3","1;1","1","1;1;1","1","Non-protein Signaling","","CellChat"
"GABA-A-GAD1_SLC6A12_GABR_A6B3G2","SLC6A12;GAD1","GABRA6;GABRG2;GABRB3","1;1","1","1;1;1","1","Non-protein Signaling","","CellChat"
"GABA-A-GAD1_SLC6A12_GABR_A6B3D","SLC6A12;GAD1","GABRA6;GABRD;GABRB3","1;1","1","1;1;1","1","Non-protein Signaling","","CellChat"
"GABA-A-GAD1_SLC6A13_GABR_A1B3G2","GAD1;SLC6A13","GABRA1;GABRG2;GABRB3","1;1","1","1;1;1","1","Non-protein Signaling","","CellChat"
"GABA-A-GAD1_SLC6A13_GABR_A1B2G2","GAD1;SLC6A13","GABRA1;GABRG2;GABRB2","1;1","1","1;1;1","1","Non-protein Signaling","","CellChat"
"GABA-A-GAD1_SLC6A13_GABR_A1B2","GAD1;SLC6A13","GABRA1;GABRB2","1;1","1","1;1","1","Non-protein Signaling","","CellChat"
"GABA-A-GAD1_SLC6A13_GABR_A1B3","GAD1;SLC6A13","GABRA1;GABRB3","1;1","1","1;1","1","Non-protein Signaling","","CellChat"
"GABA-A-GAD1_SLC6A13_GABR_A1B2D","GAD1;SLC6A13","GABRA1;GABRD;GABRB2","1;1","1","1;1;1","1","Non-protein Signaling","","CellChat"
"GABA-A-GAD1_SLC6A13_GABR_A2B3G2","GAD1;SLC6A13","GABRA2;GABRG2;GABRB3","1;1","1","1;1;1","1","Non-protein Signaling","","CellChat"
"GABA-A-GAD1_SLC6A13_GABR_A3B3G2","GAD1;SLC6A13","GABRA3;GABRG2;GABRB3","1;1","1","1;1;1","1","Non-protein Signaling","","CellChat"
"GABA-A-GAD1_SLC6A13_GABR_A3B3Q","GAD1;SLC6A13","GABRQ;GABRA3;GABRB3","1;1","1","1;1;1","1","Non-protein Signaling","","CellChat"
"GABA-A-GAD1_SLC6A13_GABR_A3B3E","GAD1;SLC6A13","GABRA3;GABRE;GABRB3","1;1","1","1;1;1","1","Non-protein Signaling","","CellChat"
"GABA-A-GAD1_SLC6A13_GABR_A4B3G2","GAD1;SLC6A13","GABRA4;GABRG2;GABRB3","1;1","1","1;1;1","1","Non-protein Signaling","","CellChat"
"GABA-A-GAD1_SLC6A13_GABR_A4B3D","GAD1;SLC6A13","GABRA4;GABRD;GABRB3","1;1","1","1;1;1","1","Non-protein Signaling","","CellChat"
"GABA-A-GAD1_SLC6A13_GABR_A4B2D","GAD1;SLC6A13","GABRA4;GABRD;GABRB2","1;1","1","1;1;1","1","Non-protein Signaling","","CellChat"
"GABA-A-GAD1_SLC6A13_GABR_A5B3G2","GAD1;SLC6A13","GABRA5;GABRG2;GABRB3","1;1","1","1;1;1","1","Non-protein Signaling","","CellChat"
"GABA-A-GAD1_SLC6A13_GABR_A6B3G2","GAD1;SLC6A13","GABRA6;GABRG2;GABRB3","1;1","1","1;1;1","1","Non-protein Signaling","","CellChat"
"GABA-A-GAD1_SLC6A13_GABR_A6B3D","GAD1;SLC6A13","GABRA6;GABRD;GABRB3","1;1","1","1;1;1","1","Non-protein Signaling","","CellChat"
"GABA-A-GAD1_SLC6A6_GABR_A1B3G2","GAD1;SLC6A6","GABRA1;GABRG2;GABRB3","1;1","1","1;1;1","1","Non-protein Signaling","","CellChat"
"GABA-A-GAD1_SLC6A6_GABR_A1B2G2","GAD1;SLC6A6","GABRA1;GABRG2;GABRB2","1;1","1","1;1;1","1","Non-protein Signaling","","CellChat"
"GABA-A-GAD1_SLC6A6_GABR_A1B2","GAD1;SLC6A6","GABRA1;GABRB2","1;1","1","1;1","1","Non-protein Signaling","","CellChat"
"GABA-A-GAD1_SLC6A6_GABR_A1B3","GAD1;SLC6A6","GABRA1;GABRB3","1;1","1","1;1","1","Non-protein Signaling","","CellChat"
"GABA-A-GAD1_SLC6A6_GABR_A1B2D","GAD1;SLC6A6","GABRA1;GABRD;GABRB2","1;1","1","1;1;1","1","Non-protein Signaling","","CellChat"
"GABA-A-GAD1_SLC6A6_GABR_A2B3G2","GAD1;SLC6A6","GABRA2;GABRG2;GABRB3","1;1","1","1;1;1","1","Non-protein Signaling","","CellChat"
"GABA-A-GAD1_SLC6A6_GABR_A3B3G2","GAD1;SLC6A6","GABRA3;GABRG2;GABRB3","1;1","1","1;1;1","1","Non-protein Signaling","","CellChat"
"GABA-A-GAD1_SLC6A6_GABR_A3B3Q","GAD1;SLC6A6","GABRQ;GABRA3;GABRB3","1;1","1","1;1;1","1","Non-protein Signaling","","CellChat"
"GABA-A-GAD1_SLC6A6_GABR_A3B3E","GAD1;SLC6A6","GABRA3;GABRE;GABRB3","1;1","1","1;1;1","1","Non-protein Signaling","","CellChat"
"GABA-A-GAD1_SLC6A6_GABR_A4B3G2","GAD1;SLC6A6","GABRA4;GABRG2;GABRB3","1;1","1","1;1;1","1","Non-protein Signaling","","CellChat"
"GABA-A-GAD1_SLC6A6_GABR_A4B3D","GAD1;SLC6A6","GABRA4;GABRD;GABRB3","1;1","1","1;1;1","1","Non-protein Signaling","","CellChat"
"GABA-A-GAD1_SLC6A6_GABR_A4B2D","GAD1;SLC6A6","GABRA4;GABRD;GABRB2","1;1","1","1;1;1","1","Non-protein Signaling","","CellChat"
"GABA-A-GAD1_SLC6A6_GABR_A5B3G2","GAD1;SLC6A6","GABRA5;GABRG2;GABRB3","1;1","1","1;1;1","1","Non-protein Signaling","","CellChat"
"GABA-A-GAD1_SLC6A6_GABR_A6B3G2","GAD1;SLC6A6","GABRA6;GABRG2;GABRB3","1;1","1","1;1;1","1","Non-protein Signaling","","CellChat"
"GABA-A-GAD1_SLC6A6_GABR_A6B3D","GAD1;SLC6A6","GABRA6;GABRD;GABRB3","1;1","1","1;1;1","1","Non-protein Signaling","","CellChat"
"GABA-A-GAD1_SLC6A8_GABR_A1B3G2","GAD1;SLC6A8","GABRA1;GABRG2;GABRB3","1;1","1","1;1;1","1","Non-protein Signaling","","CellChat"
"GABA-A-GAD1_SLC6A8_GABR_A1B2G2","GAD1;SLC6A8","GABRA1;GABRG2;GABRB2","1;1","1","1;1;1","1","Non-protein Signaling","","CellChat"
"GABA-A-GAD1_SLC6A8_GABR_A1B2","GAD1;SLC6A8","GABRA1;GABRB2","1;1","1","1;1","1","Non-protein Signaling","","CellChat"
"GABA-A-GAD1_SLC6A8_GABR_A1B3","GAD1;SLC6A8","GABRA1;GABRB3","1;1","1","1;1","1","Non-protein Signaling","","CellChat"
"GABA-A-GAD1_SLC6A8_GABR_A1B2D","GAD1;SLC6A8","GABRA1;GABRD;GABRB2","1;1","1","1;1;1","1","Non-protein Signaling","","CellChat"
"GABA-A-GAD1_SLC6A8_GABR_A2B3G2","GAD1;SLC6A8","GABRA2;GABRG2;GABRB3","1;1","1","1;1;1","1","Non-protein Signaling","","CellChat"
"GABA-A-GAD1_SLC6A8_GABR_A3B3G2","GAD1;SLC6A8","GABRA3;GABRG2;GABRB3","1;1","1","1;1;1","1","Non-protein Signaling","","CellChat"
"GABA-A-GAD1_SLC6A8_GABR_A3B3Q","GAD1;SLC6A8","GABRQ;GABRA3;GABRB3","1;1","1","1;1;1","1","Non-protein Signaling","","CellChat"
"GABA-A-GAD1_SLC6A8_GABR_A3B3E","GAD1;SLC6A8","GABRA3;GABRE;GABRB3","1;1","1","1;1;1","1","Non-protein Signaling","","CellChat"
"GABA-A-GAD1_SLC6A8_GABR_A4B3G2","GAD1;SLC6A8","GABRA4;GABRG2;GABRB3","1;1","1","1;1;1","1","Non-protein Signaling","","CellChat"
"GABA-A-GAD1_SLC6A8_GABR_A4B3D","GAD1;SLC6A8","GABRA4;GABRD;GABRB3","1;1","1","1;1;1","1","Non-protein Signaling","","CellChat"
"GABA-A-GAD1_SLC6A8_GABR_A4B2D","GAD1;SLC6A8","GABRA4;GABRD;GABRB2","1;1","1","1;1;1","1","Non-protein Signaling","","CellChat"
"GABA-A-GAD1_SLC6A8_GABR_A5B3G2","GAD1;SLC6A8","GABRA5;GABRG2;GABRB3","1;1","1","1;1;1","1","Non-protein Signaling","","CellChat"
"GABA-A-GAD1_SLC6A8_GABR_A6B3G2","GAD1;SLC6A8","GABRA6;GABRG2;GABRB3","1;1","1","1;1;1","1","Non-protein Signaling","","CellChat"
"GABA-A-GAD1_SLC6A8_GABR_A6B3D","GAD1;SLC6A8","GABRA6;GABRD;GABRB3","1;1","1","1;1;1","1","Non-protein Signaling","","CellChat"
"GABA-A-GAD2_SLC32A1_GABR_A1B3G2","SLC32A1;GAD2","GABRA1;GABRG2;GABRB3","1;1","1","1;1;1","1","Non-protein Signaling","","CellChat"
"GABA-A-GAD2_SLC32A1_GABR_A1B2G2","SLC32A1;GAD2","GABRA1;GABRG2;GABRB2","1;1","1","1;1;1","1","Non-protein Signaling","","CellChat"
"GABA-A-GAD2_SLC32A1_GABR_A1B2","SLC32A1;GAD2","GABRA1;GABRB2","1;1","1","1;1","1","Non-protein Signaling","","CellChat"
"GABA-A-GAD2_SLC32A1_GABR_A1B3","SLC32A1;GAD2","GABRA1;GABRB3","1;1","1","1;1","1","Non-protein Signaling","","CellChat"
"GABA-A-GAD2_SLC32A1_GABR_A1B2D","SLC32A1;GAD2","GABRA1;GABRD;GABRB2","1;1","1","1;1;1","1","Non-protein Signaling","","CellChat"
"GABA-A-GAD2_SLC32A1_GABR_A2B3G2","SLC32A1;GAD2","GABRA2;GABRG2;GABRB3","1;1","1","1;1;1","1","Non-protein Signaling","","CellChat"
"GABA-A-GAD2_SLC32A1_GABR_A3B3G2","SLC32A1;GAD2","GABRA3;GABRG2;GABRB3","1;1","1","1;1;1","1","Non-protein Signaling","","CellChat"
"GABA-A-GAD2_SLC32A1_GABR_A3B3Q","SLC32A1;GAD2","GABRQ;GABRA3;GABRB3","1;1","1","1;1;1","1","Non-protein Signaling","","CellChat"
"GABA-A-GAD2_SLC32A1_GABR_A3B3E","SLC32A1;GAD2","GABRA3;GABRE;GABRB3","1;1","1","1;1;1","1","Non-protein Signaling","","CellChat"
"GABA-A-GAD2_SLC32A1_GABR_A4B3G2","SLC32A1;GAD2","GABRA4;GABRG2;GABRB3","1;1","1","1;1;1","1","Non-protein Signaling","","CellChat"
"GABA-A-GAD2_SLC32A1_GABR_A4B3D","SLC32A1;GAD2","GABRA4;GABRD;GABRB3","1;1","1","1;1;1","1","Non-protein Signaling","","CellChat"
"GABA-A-GAD2_SLC32A1_GABR_A4B2D","SLC32A1;GAD2","GABRA4;GABRD;GABRB2","1;1","1","1;1;1","1","Non-protein Signaling","","CellChat"
"GABA-A-GAD2_SLC32A1_GABR_A5B3G2","SLC32A1;GAD2","GABRA5;GABRG2;GABRB3","1;1","1","1;1;1","1","Non-protein Signaling","","CellChat"
"GABA-A-GAD2_SLC32A1_GABR_A6B3G2","SLC32A1;GAD2","GABRA6;GABRG2;GABRB3","1;1","1","1;1;1","1","Non-protein Signaling","","CellChat"
"GABA-A-GAD2_SLC32A1_GABR_A6B3D","SLC32A1;GAD2","GABRA6;GABRD;GABRB3","1;1","1","1;1;1","1","Non-protein Signaling","","CellChat"
"GABA-A-GAD2_SLC6A1_GABR_A1B3G2","GAD2;SLC6A1","GABRA1;GABRG2;GABRB3","1;1","1","1;1;1","1","Non-protein Signaling","","CellChat"
"GABA-A-GAD2_SLC6A1_GABR_A1B2G2","GAD2;SLC6A1","GABRA1;GABRG2;GABRB2","1;1","1","1;1;1","1","Non-protein Signaling","","CellChat"
"GABA-A-GAD2_SLC6A1_GABR_A1B2","GAD2;SLC6A1","GABRA1;GABRB2","1;1","1","1;1","1","Non-protein Signaling","","CellChat"
"GABA-A-GAD2_SLC6A1_GABR_A1B3","GAD2;SLC6A1","GABRA1;GABRB3","1;1","1","1;1","1","Non-protein Signaling","","CellChat"
"GABA-A-GAD2_SLC6A1_GABR_A1B2D","GAD2;SLC6A1","GABRA1;GABRD;GABRB2","1;1","1","1;1;1","1","Non-protein Signaling","","CellChat"
"GABA-A-GAD2_SLC6A1_GABR_A2B3G2","GAD2;SLC6A1","GABRA2;GABRG2;GABRB3","1;1","1","1;1;1","1","Non-protein Signaling","","CellChat"
"GABA-A-GAD2_SLC6A1_GABR_A3B3G2","GAD2;SLC6A1","GABRA3;GABRG2;GABRB3","1;1","1","1;1;1","1","Non-protein Signaling","","CellChat"
"GABA-A-GAD2_SLC6A1_GABR_A3B3Q","GAD2;SLC6A1","GABRQ;GABRA3;GABRB3","1;1","1","1;1;1","1","Non-protein Signaling","","CellChat"
"GABA-A-GAD2_SLC6A1_GABR_A3B3E","GAD2;SLC6A1","GABRA3;GABRE;GABRB3","1;1","1","1;1;1","1","Non-protein Signaling","","CellChat"
"GABA-A-GAD2_SLC6A1_GABR_A4B3G2","GAD2;SLC6A1","GABRA4;GABRG2;GABRB3","1;1","1","1;1;1","1","Non-protein Signaling","","CellChat"
"GABA-A-GAD2_SLC6A1_GABR_A4B3D","GAD2;SLC6A1","GABRA4;GABRD;GABRB3","1;1","1","1;1;1","1","Non-protein Signaling","","CellChat"
"GABA-A-GAD2_SLC6A1_GABR_A4B2D","GAD2;SLC6A1","GABRA4;GABRD;GABRB2","1;1","1","1;1;1","1","Non-protein Signaling","","CellChat"
"GABA-A-GAD2_SLC6A1_GABR_A5B3G2","GAD2;SLC6A1","GABRA5;GABRG2;GABRB3","1;1","1","1;1;1","1","Non-protein Signaling","","CellChat"
"GABA-A-GAD2_SLC6A1_GABR_A6B3G2","GAD2;SLC6A1","GABRA6;GABRG2;GABRB3","1;1","1","1;1;1","1","Non-protein Signaling","","CellChat"
"GABA-A-GAD2_SLC6A1_GABR_A6B3D","GAD2;SLC6A1","GABRA6;GABRD;GABRB3","1;1","1","1;1;1","1","Non-protein Signaling","","CellChat"
"GABA-A-GAD2_SLC6A11_GABR_A1B3G2","GAD2;SLC6A11","GABRA1;GABRG2;GABRB3","1;1","1","1;1;1","1","Non-protein Signaling","","CellChat"
"GABA-A-GAD2_SLC6A11_GABR_A1B2G2","GAD2;SLC6A11","GABRA1;GABRG2;GABRB2","1;1","1","1;1;1","1","Non-protein Signaling","","CellChat"
"GABA-A-GAD2_SLC6A11_GABR_A1B2","GAD2;SLC6A11","GABRA1;GABRB2","1;1","1","1;1","1","Non-protein Signaling","","CellChat"
"GABA-A-GAD2_SLC6A11_GABR_A1B3","GAD2;SLC6A11","GABRA1;GABRB3","1;1","1","1;1","1","Non-protein Signaling","","CellChat"
"GABA-A-GAD2_SLC6A11_GABR_A1B2D","GAD2;SLC6A11","GABRA1;GABRD;GABRB2","1;1","1","1;1;1","1","Non-protein Signaling","","CellChat"
"GABA-A-GAD2_SLC6A11_GABR_A2B3G2","GAD2;SLC6A11","GABRA2;GABRG2;GABRB3","1;1","1","1;1;1","1","Non-protein Signaling","","CellChat"
"GABA-A-GAD2_SLC6A11_GABR_A3B3G2","GAD2;SLC6A11","GABRA3;GABRG2;GABRB3","1;1","1","1;1;1","1","Non-protein Signaling","","CellChat"
"GABA-A-GAD2_SLC6A11_GABR_A3B3Q","GAD2;SLC6A11","GABRQ;GABRA3;GABRB3","1;1","1","1;1;1","1","Non-protein Signaling","","CellChat"
"GABA-A-GAD2_SLC6A11_GABR_A3B3E","GAD2;SLC6A11","GABRA3;GABRE;GABRB3","1;1","1","1;1;1","1","Non-protein Signaling","","CellChat"
"GABA-A-GAD2_SLC6A11_GABR_A4B3G2","GAD2;SLC6A11","GABRA4;GABRG2;GABRB3","1;1","1","1;1;1","1","Non-protein Signaling","","CellChat"
"GABA-A-GAD2_SLC6A11_GABR_A4B3D","GAD2;SLC6A11","GABRA4;GABRD;GABRB3","1;1","1","1;1;1","1","Non-protein Signaling","","CellChat"
"GABA-A-GAD2_SLC6A11_GABR_A4B2D","GAD2;SLC6A11","GABRA4;GABRD;GABRB2","1;1","1","1;1;1","1","Non-protein Signaling","","CellChat"
"GABA-A-GAD2_SLC6A11_GABR_A5B3G2","GAD2;SLC6A11","GABRA5;GABRG2;GABRB3","1;1","1","1;1;1","1","Non-protein Signaling","","CellChat"
"GABA-A-GAD2_SLC6A11_GABR_A6B3G2","GAD2;SLC6A11","GABRA6;GABRG2;GABRB3","1;1","1","1;1;1","1","Non-protein Signaling","","CellChat"
"GABA-A-GAD2_SLC6A11_GABR_A6B3D","GAD2;SLC6A11","GABRA6;GABRD;GABRB3","1;1","1","1;1;1","1","Non-protein Signaling","","CellChat"
"GABA-A-GAD2_SLC6A12_GABR_A1B3G2","SLC6A12;GAD2","GABRA1;GABRG2;GABRB3","1;1","1","1;1;1","1","Non-protein Signaling","","CellChat"
"GABA-A-GAD2_SLC6A12_GABR_A1B2G2","SLC6A12;GAD2","GABRA1;GABRG2;GABRB2","1;1","1","1;1;1","1","Non-protein Signaling","","CellChat"
"GABA-A-GAD2_SLC6A12_GABR_A1B2","SLC6A12;GAD2","GABRA1;GABRB2","1;1","1","1;1","1","Non-protein Signaling","","CellChat"
"GABA-A-GAD2_SLC6A12_GABR_A1B3","SLC6A12;GAD2","GABRA1;GABRB3","1;1","1","1;1","1","Non-protein Signaling","","CellChat"
"GABA-A-GAD2_SLC6A12_GABR_A1B2D","SLC6A12;GAD2","GABRA1;GABRD;GABRB2","1;1","1","1;1;1","1","Non-protein Signaling","","CellChat"
"GABA-A-GAD2_SLC6A12_GABR_A2B3G2","SLC6A12;GAD2","GABRA2;GABRG2;GABRB3","1;1","1","1;1;1","1","Non-protein Signaling","","CellChat"
"GABA-A-GAD2_SLC6A12_GABR_A3B3G2","SLC6A12;GAD2","GABRA3;GABRG2;GABRB3","1;1","1","1;1;1","1","Non-protein Signaling","","CellChat"
"GABA-A-GAD2_SLC6A12_GABR_A3B3Q","SLC6A12;GAD2","GABRQ;GABRA3;GABRB3","1;1","1","1;1;1","1","Non-protein Signaling","","CellChat"
"GABA-A-GAD2_SLC6A12_GABR_A3B3E","SLC6A12;GAD2","GABRA3;GABRE;GABRB3","1;1","1","1;1;1","1","Non-protein Signaling","","CellChat"
"GABA-A-GAD2_SLC6A12_GABR_A4B3G2","SLC6A12;GAD2","GABRA4;GABRG2;GABRB3","1;1","1","1;1;1","1","Non-protein Signaling","","CellChat"
"GABA-A-GAD2_SLC6A12_GABR_A4B3D","SLC6A12;GAD2","GABRA4;GABRD;GABRB3","1;1","1","1;1;1","1","Non-protein Signaling","","CellChat"
"GABA-A-GAD2_SLC6A12_GABR_A4B2D","SLC6A12;GAD2","GABRA4;GABRD;GABRB2","1;1","1","1;1;1","1","Non-protein Signaling","","CellChat"
"GABA-A-GAD2_SLC6A12_GABR_A5B3G2","SLC6A12;GAD2","GABRA5;GABRG2;GABRB3","1;1","1","1;1;1","1","Non-protein Signaling","","CellChat"
"GABA-A-GAD2_SLC6A12_GABR_A6B3G2","SLC6A12;GAD2","GABRA6;GABRG2;GABRB3","1;1","1","1;1;1","1","Non-protein Signaling","","CellChat"
"GABA-A-GAD2_SLC6A12_GABR_A6B3D","SLC6A12;GAD2","GABRA6;GABRD;GABRB3","1;1","1","1;1;1","1","Non-protein Signaling","","CellChat"
"GABA-A-GAD2_SLC6A13_GABR_A1B3G2","GAD2;SLC6A13","GABRA1;GABRG2;GABRB3","1;1","1","1;1;1","1","Non-protein Signaling","","CellChat"
"GABA-A-GAD2_SLC6A13_GABR_A1B2G2","GAD2;SLC6A13","GABRA1;GABRG2;GABRB2","1;1","1","1;1;1","1","Non-protein Signaling","","CellChat"
"GABA-A-GAD2_SLC6A13_GABR_A1B2","GAD2;SLC6A13","GABRA1;GABRB2","1;1","1","1;1","1","Non-protein Signaling","","CellChat"
"GABA-A-GAD2_SLC6A13_GABR_A1B3","GAD2;SLC6A13","GABRA1;GABRB3","1;1","1","1;1","1","Non-protein Signaling","","CellChat"
"GABA-A-GAD2_SLC6A13_GABR_A1B2D","GAD2;SLC6A13","GABRA1;GABRD;GABRB2","1;1","1","1;1;1","1","Non-protein Signaling","","CellChat"
"GABA-A-GAD2_SLC6A13_GABR_A2B3G2","GAD2;SLC6A13","GABRA2;GABRG2;GABRB3","1;1","1","1;1;1","1","Non-protein Signaling","","CellChat"
"GABA-A-GAD2_SLC6A13_GABR_A3B3G2","GAD2;SLC6A13","GABRA3;GABRG2;GABRB3","1;1","1","1;1;1","1","Non-protein Signaling","","CellChat"
"GABA-A-GAD2_SLC6A13_GABR_A3B3Q","GAD2;SLC6A13","GABRQ;GABRA3;GABRB3","1;1","1","1;1;1","1","Non-protein Signaling","","CellChat"
"GABA-A-GAD2_SLC6A13_GABR_A3B3E","GAD2;SLC6A13","GABRA3;GABRE;GABRB3","1;1","1","1;1;1","1","Non-protein Signaling","","CellChat"
"GABA-A-GAD2_SLC6A13_GABR_A4B3G2","GAD2;SLC6A13","GABRA4;GABRG2;GABRB3","1;1","1","1;1;1","1","Non-protein Signaling","","CellChat"
"GABA-A-GAD2_SLC6A13_GABR_A4B3D","GAD2;SLC6A13","GABRA4;GABRD;GABRB3","1;1","1","1;1;1","1","Non-protein Signaling","","CellChat"
"GABA-A-GAD2_SLC6A13_GABR_A4B2D","GAD2;SLC6A13","GABRA4;GABRD;GABRB2","1;1","1","1;1;1","1","Non-protein Signaling","","CellChat"
"GABA-A-GAD2_SLC6A13_GABR_A5B3G2","GAD2;SLC6A13","GABRA5;GABRG2;GABRB3","1;1","1","1;1;1","1","Non-protein Signaling","","CellChat"
"GABA-A-GAD2_SLC6A13_GABR_A6B3G2","GAD2;SLC6A13","GABRA6;GABRG2;GABRB3","1;1","1","1;1;1","1","Non-protein Signaling","","CellChat"
"GABA-A-GAD2_SLC6A13_GABR_A6B3D","GAD2;SLC6A13","GABRA6;GABRD;GABRB3","1;1","1","1;1;1","1","Non-protein Signaling","","CellChat"
"GABA-A-GAD2_SLC6A6_GABR_A1B3G2","GAD2;SLC6A6","GABRA1;GABRG2;GABRB3","1;1","1","1;1;1","1","Non-protein Signaling","","CellChat"
"GABA-A-GAD2_SLC6A6_GABR_A1B2G2","GAD2;SLC6A6","GABRA1;GABRG2;GABRB2","1;1","1","1;1;1","1","Non-protein Signaling","","CellChat"
"GABA-A-GAD2_SLC6A6_GABR_A1B2","GAD2;SLC6A6","GABRA1;GABRB2","1;1","1","1;1","1","Non-protein Signaling","","CellChat"
"GABA-A-GAD2_SLC6A6_GABR_A1B3","GAD2;SLC6A6","GABRA1;GABRB3","1;1","1","1;1","1","Non-protein Signaling","","CellChat"
"GABA-A-GAD2_SLC6A6_GABR_A1B2D","GAD2;SLC6A6","GABRA1;GABRD;GABRB2","1;1","1","1;1;1","1","Non-protein Signaling","","CellChat"
"GABA-A-GAD2_SLC6A6_GABR_A2B3G2","GAD2;SLC6A6","GABRA2;GABRG2;GABRB3","1;1","1","1;1;1","1","Non-protein Signaling","","CellChat"
"GABA-A-GAD2_SLC6A6_GABR_A3B3G2","GAD2;SLC6A6","GABRA3;GABRG2;GABRB3","1;1","1","1;1;1","1","Non-protein Signaling","","CellChat"
"GABA-A-GAD2_SLC6A6_GABR_A3B3Q","GAD2;SLC6A6","GABRQ;GABRA3;GABRB3","1;1","1","1;1;1","1","Non-protein Signaling","","CellChat"
"GABA-A-GAD2_SLC6A6_GABR_A3B3E","GAD2;SLC6A6","GABRA3;GABRE;GABRB3","1;1","1","1;1;1","1","Non-protein Signaling","","CellChat"
"GABA-A-GAD2_SLC6A6_GABR_A4B3G2","GAD2;SLC6A6","GABRA4;GABRG2;GABRB3","1;1","1","1;1;1","1","Non-protein Signaling","","CellChat"
"GABA-A-GAD2_SLC6A6_GABR_A4B3D","GAD2;SLC6A6","GABRA4;GABRD;GABRB3","1;1","1","1;1;1","1","Non-protein Signaling","","CellChat"
"GABA-A-GAD2_SLC6A6_GABR_A4B2D","GAD2;SLC6A6","GABRA4;GABRD;GABRB2","1;1","1","1;1;1","1","Non-protein Signaling","","CellChat"
"GABA-A-GAD2_SLC6A6_GABR_A5B3G2","GAD2;SLC6A6","GABRA5;GABRG2;GABRB3","1;1","1","1;1;1","1","Non-protein Signaling","","CellChat"
"GABA-A-GAD2_SLC6A6_GABR_A6B3G2","GAD2;SLC6A6","GABRA6;GABRG2;GABRB3","1;1","1","1;1;1","1","Non-protein Signaling","","CellChat"
"GABA-A-GAD2_SLC6A6_GABR_A6B3D","GAD2;SLC6A6","GABRA6;GABRD;GABRB3","1;1","1","1;1;1","1","Non-protein Signaling","","CellChat"
"GABA-A-GAD2_SLC6A8_GABR_A1B3G2","GAD2;SLC6A8","GABRA1;GABRG2;GABRB3","1;1","1","1;1;1","1","Non-protein Signaling","","CellChat"
"GABA-A-GAD2_SLC6A8_GABR_A1B2G2","GAD2;SLC6A8","GABRA1;GABRG2;GABRB2","1;1","1","1;1;1","1","Non-protein Signaling","","CellChat"
"GABA-A-GAD2_SLC6A8_GABR_A1B2","GAD2;SLC6A8","GABRA1;GABRB2","1;1","1","1;1","1","Non-protein Signaling","","CellChat"
"GABA-A-GAD2_SLC6A8_GABR_A1B3","GAD2;SLC6A8","GABRA1;GABRB3","1;1","1","1;1","1","Non-protein Signaling","","CellChat"
"GABA-A-GAD2_SLC6A8_GABR_A1B2D","GAD2;SLC6A8","GABRA1;GABRD;GABRB2","1;1","1","1;1;1","1","Non-protein Signaling","","CellChat"
"GABA-A-GAD2_SLC6A8_GABR_A2B3G2","GAD2;SLC6A8","GABRA2;GABRG2;GABRB3","1;1","1","1;1;1","1","Non-protein Signaling","","CellChat"
"GABA-A-GAD2_SLC6A8_GABR_A3B3G2","GAD2;SLC6A8","GABRA3;GABRG2;GABRB3","1;1","1","1;1;1","1","Non-protein Signaling","","CellChat"
"GABA-A-GAD2_SLC6A8_GABR_A3B3Q","GAD2;SLC6A8","GABRQ;GABRA3;GABRB3","1;1","1","1;1;1","1","Non-protein Signaling","","CellChat"
"GABA-A-GAD2_SLC6A8_GABR_A3B3E","GAD2;SLC6A8","GABRA3;GABRE;GABRB3","1;1","1","1;1;1","1","Non-protein Signaling","","CellChat"
"GABA-A-GAD2_SLC6A8_GABR_A4B3G2","GAD2;SLC6A8","GABRA4;GABRG2;GABRB3","1;1","1","1;1;1","1","Non-protein Signaling","","CellChat"
"GABA-A-GAD2_SLC6A8_GABR_A4B3D","GAD2;SLC6A8","GABRA4;GABRD;GABRB3","1;1","1","1;1;1","1","Non-protein Signaling","","CellChat"
"GABA-A-GAD2_SLC6A8_GABR_A4B2D","GAD2;SLC6A8","GABRA4;GABRD;GABRB2","1;1","1","1;1;1","1","Non-protein Signaling","","CellChat"
"GABA-A-GAD2_SLC6A8_GABR_A5B3G2","GAD2;SLC6A8","GABRA5;GABRG2;GABRB3","1;1","1","1;1;1","1","Non-protein Signaling","","CellChat"
"GABA-A-GAD2_SLC6A8_GABR_A6B3G2","GAD2;SLC6A8","GABRA6;GABRG2;GABRB3","1;1","1","1;1;1","1","Non-protein Signaling","","CellChat"
"GABA-A-GAD2_SLC6A8_GABR_A6B3D","GAD2;SLC6A8","GABRA6;GABRD;GABRB3","1;1","1","1;1;1","1","Non-protein Signaling","","CellChat"
"C1QL1_ADGRB3","C1QL1","ADGRB3","1","1","1","1","Cell-Cell Contact","secreted","CellChat"
"COL4A1_ADGRG6","COL4A1","ADGRG6","1","1","1","1","Cell-Cell Contact","secreted","CellChat"
"COL4A2_ADGRG6","COL4A2","ADGRG6","1","1","1","1","Cell-Cell Contact","secreted","CellChat"
"COL4A3_ADGRG6","COL4A3","ADGRG6","1","1","1","1","Cell-Cell Contact","secreted","CellChat"
"COL4A4_ADGRG6","COL4A4","ADGRG6","1","1","1","1","Cell-Cell Contact","secreted","CellChat"
"COL4A5_ADGRG6","COL4A5","ADGRG6","1","1","1","1","Cell-Cell Contact","secreted","CellChat"
"LAMA2_ADGRG6","LAMA2","ADGRG6","1","1","1","1","Cell-Cell Contact","secreted","CellChat"
"FLRT1_ADGRL2","FLRT1","ADGRL2","1","1","1","1","Cell-Cell Contact","","CellChat"
"FLRT2_ADGRL2","FLRT2","ADGRL2","1","1","1","1","Cell-Cell Contact","","CellChat"
"FLRT3_ADGRL2","FLRT3","ADGRL2","1","1","1","1","Cell-Cell Contact","","CellChat"
"TENM1_ADGRL2","TENM1","ADGRL2","1","1","1","1","Cell-Cell Contact","","CellChat"
"TENM2_ADGRL2","TENM2","ADGRL2","1","1","1","1","Cell-Cell Contact","","CellChat"
"TENM3_ADGRL2","TENM3","ADGRL2","1","1","1","1","Cell-Cell Contact","","CellChat"
"TENM4_ADGRL2","TENM4","ADGRL2","1","1","1","1","Cell-Cell Contact","","CellChat"
"TENM2_FLRT3_ADGRL2","FLRT3;TENM2","ADGRL2","1;1","1","1","1","Cell-Cell Contact","","CellChat"
"FLRT1_ADGRL3","FLRT1","ADGRL3","1","1","1","1","Cell-Cell Contact","","CellChat"
"FLRT2_ADGRL3","FLRT2","ADGRL3","1","1","1","1","Cell-Cell Contact","","CellChat"
"FLRT3_ADGRL3","FLRT3","ADGRL3","1","1","1","1","Cell-Cell Contact","","CellChat"
"TENM1_ADGRL3","TENM1","ADGRL3","1","1","1","1","Cell-Cell Contact","","CellChat"
"TENM2_ADGRL3","TENM2","ADGRL3","1","1","1","1","Cell-Cell Contact","","CellChat"
"TENM3_ADGRL3","TENM3","ADGRL3","1","1","1","1","Cell-Cell Contact","","CellChat"
"TENM4_ADGRL3","TENM4","ADGRL3","1","1","1","1","Cell-Cell Contact","","CellChat"
"TENM3_FLRT1_ADGRL3","FLRT1;TENM3","ADGRL3","1;1","1","1","1","Cell-Cell Contact","","CellChat"
"TENM3_FLRT3_ADGRL3","FLRT3;TENM3","ADGRL3","1;1","1","1","1","Cell-Cell Contact","","CellChat"
"FLRT1_FLRT1","FLRT1","FLRT1","1","1","1","1","Cell-Cell Contact","","CellChat"
"FLRT2_FLRT2","FLRT2","FLRT2","1","1","1","1","Cell-Cell Contact","","CellChat"
"FLRT3_FLRT3","FLRT3","FLRT3","1","1","1","1","Cell-Cell Contact","","CellChat"
"FLRT1_UNC5C","FLRT1","UNC5C","1","1","1","1","Cell-Cell Contact","","CellChat"
"FLRT2_UNC5C","FLRT2","UNC5C","1","1","1","1","Cell-Cell Contact","","CellChat"
"FLRT3_UNC5C","FLRT3","UNC5C","1","1","1","1","Cell-Cell Contact","","CellChat"
"FLRT1_UNC5D","FLRT1","UNC5D","1","1","1","1","Cell-Cell Contact","","CellChat"
"FLRT2_UNC5D","FLRT2","UNC5D","1","1","1","1","Cell-Cell Contact","","CellChat"
"FLRT3_UNC5D","FLRT3","UNC5D","1","1","1","1","Cell-Cell Contact","","CellChat"
"Adrenaline-ADR-PNMT_SLC18A1_ADRA1A","SLC18A1;PNMT","ADRA1A","1;1","1","1","1","Non-protein Signaling","","CellChat"
"Adrenaline-ADR-PNMT_SLC18A2_ADRA1A","SLC18A2;PNMT","ADRA1A","1;1","1","1","1","Non-protein Signaling","","CellChat"
"Noradrenaline-NE-DBH_SLC18A1_ADRA1A","SLC18A1;DBH","ADRA1A","1;1","1","1","1","Non-protein Signaling","secreted","CellChat"
"Noradrenaline-NE-DBH_SLC18A2_ADRA1A","SLC18A2;DBH","ADRA1A","1;1","1","1","1","Non-protein Signaling","secreted","CellChat"
"Adrenaline-ADR-PNMT_SLC18A1_ADRA1B","SLC18A1;PNMT","ADRA1B","1;1","1","1","1","Non-protein Signaling","","CellChat"
"Adrenaline-ADR-PNMT_SLC18A2_ADRA1B","SLC18A2;PNMT","ADRA1B","1;1","1","1","1","Non-protein Signaling","","CellChat"
"Noradrenaline-NE-DBH_SLC18A1_ADRA1B","SLC18A1;DBH","ADRA1B","1;1","1","1","1","Non-protein Signaling","secreted","CellChat"
"Noradrenaline-NE-DBH_SLC18A2_ADRA1B","SLC18A2;DBH","ADRA1B","1;1","1","1","1","Non-protein Signaling","secreted","CellChat"
"Adrenaline-ADR-PNMT_SLC18A1_ADRA2C","SLC18A1;PNMT","ADRA2C","1;1","1","1","1","Non-protein Signaling","","CellChat"
"Adrenaline-ADR-PNMT_SLC18A2_ADRA2C","SLC18A2;PNMT","ADRA2C","1;1","1","1","1","Non-protein Signaling","","CellChat"
"Noradrenaline-NE-DBH_SLC18A1_ADRA2C","SLC18A1;DBH","ADRA2C","1;1","1","1","1","Non-protein Signaling","secreted","CellChat"
"Noradrenaline-NE-DBH_SLC18A2_ADRA2C","SLC18A2;DBH","ADRA2C","1;1","1","1","1","Non-protein Signaling","secreted","CellChat"
"Adrenaline-ADR-PNMT_SLC18A1_ADRB1","SLC18A1;PNMT","ADRB1","1;1","1","1","1","Non-protein Signaling","","CellChat"
"Adrenaline-ADR-PNMT_SLC18A2_ADRB1","SLC18A2;PNMT","ADRB1","1;1","1","1","1","Non-protein Signaling","","CellChat"
"Noradrenaline-NE-DBH_SLC18A1_ADRB1","SLC18A1;DBH","ADRB1","1;1","1","1","1","Non-protein Signaling","secreted","CellChat"
"Noradrenaline-NE-DBH_SLC18A2_ADRB1","SLC18A2;DBH","ADRB1","1;1","1","1","1","Non-protein Signaling","secreted","CellChat"
"Acetylcholine-Ach-CHAT_SLC10A4_CHRM2","SLC10A4;CHAT","CHRM2","1;1","1","1","1","Non-protein Signaling","","CellChat"
"Acetylcholine-Ach-CHAT_SLC5A7_CHRM2","SLC5A7;CHAT","CHRM2","1;1","1","1","1","Non-protein Signaling","","CellChat"
"Acetylcholine-Ach-CHAT_SLC10A4_CHRM3","SLC10A4;CHAT","CHRM3","1;1","1","1","1","Non-protein Signaling","","CellChat"
"Acetylcholine-Ach-CHAT_SLC5A7_CHRM3","SLC5A7;CHAT","CHRM3","1;1","1","1","1","Non-protein Signaling","","CellChat"
"NRXN1_CLSTN2","NRXN1","CLSTN2","1","1","1","1","Cell-Cell Contact","","CellChat"
"Q9HDB5_CLSTN2","NRXN3","CLSTN2","1","1","1","1","Cell-Cell Contact","","CellChat"
"LTE4-DPEP1_CYSLTR2","DPEP1","CYSLTR2","1","1","1","1","Non-protein Signaling","","CellChat"
"LTE4-DPEP3_CYSLTR2","DPEP3","CYSLTR2","1","1","1","1","Non-protein Signaling","","CellChat"
"Dopamine-DOPA-DDC_SLC18A1_DRD1","SLC18A1;DDC","DRD1","1;1","1","1","1","Non-protein Signaling","","CellChat"
"Dopamine-DOPA-DDC_SLC18A2_DRD1","SLC18A2;DDC","DRD1","1;1","1","1","1","Non-protein Signaling","","CellChat"
"Dopamine-DOPA-DDC_SLC6A3_DRD1","SLC6A3;DDC","DRD1","1;1","1","1","1","Non-protein Signaling","","CellChat"
"Dopamine-DOPA-DDC_SLC18A1_DRD2","SLC18A1;DDC","DRD2","1;1","1","1","1","Non-protein Signaling","","CellChat"
"Dopamine-DOPA-DDC_SLC18A2_DRD2","SLC18A2;DDC","DRD2","1;1","1","1","1","Non-protein Signaling","","CellChat"
"Dopamine-DOPA-DDC_SLC6A3_DRD2","SLC6A3;DDC","DRD2","1;1","1","1","1","Non-protein Signaling","","CellChat"
"MT-RNR2_FPRL1","MT-RNR2","FPR2","1","1","1","1","Secreted Signaling","","CellChat"
"ANXA1_FPR3","ANXA1","FPR3","1","1","1","1","Secreted Signaling","secreted","CellChat"
"MT-RNR2_FPRL2","MT-RNR2","FPR3","1","1","1","1","Secreted Signaling","","CellChat"
"GABA-B-GAD1_SLC32A1_GABBR2","SLC32A1;GAD1","GABBR2","1;1","1","1","1","Non-protein Signaling","","CellChat"
"GABA-B-GAD1_SLC6A1_GABBR2","GAD1;SLC6A1","GABBR2","1;1","1","1","1","Non-protein Signaling","","CellChat"
"GABA-B-GAD1_SLC6A11_GABBR2","GAD1;SLC6A11","GABBR2","1;1","1","1","1","Non-protein Signaling","","CellChat"
"GABA-B-GAD1_SLC6A12_GABBR2","SLC6A12;GAD1","GABBR2","1;1","1","1","1","Non-protein Signaling","","CellChat"
"GABA-B-GAD1_SLC6A13_GABBR2","GAD1;SLC6A13","GABBR2","1;1","1","1","1","Non-protein Signaling","","CellChat"
"GABA-B-GAD1_SLC6A6_GABBR2","GAD1;SLC6A6","GABBR2","1;1","1","1","1","Non-protein Signaling","","CellChat"
"GABA-B-GAD1_SLC6A8_GABBR2","GAD1;SLC6A8","GABBR2","1;1","1","1","1","Non-protein Signaling","","CellChat"
"GABA-B-GAD2_SLC32A1_GABBR2","SLC32A1;GAD2","GABBR2","1;1","1","1","1","Non-protein Signaling","","CellChat"
"GABA-B-GAD2_SLC6A1_GABBR2","GAD2;SLC6A1","GABBR2","1;1","1","1","1","Non-protein Signaling","","CellChat"
"GABA-B-GAD2_SLC6A11_GABBR2","GAD2;SLC6A11","GABBR2","1;1","1","1","1","Non-protein Signaling","","CellChat"
"GABA-B-GAD2_SLC6A12_GABBR2","SLC6A12;GAD2","GABBR2","1;1","1","1","1","Non-protein Signaling","","CellChat"
"GABA-B-GAD2_SLC6A13_GABBR2","GAD2;SLC6A13","GABBR2","1;1","1","1","1","Non-protein Signaling","","CellChat"
"GABA-B-GAD2_SLC6A6_GABBR2","GAD2;SLC6A6","GABBR2","1;1","1","1","1","Non-protein Signaling","","CellChat"
"GABA-B-GAD2_SLC6A8_GABBR2","GAD2;SLC6A8","GABBR2","1;1","1","1","1","Non-protein Signaling","","CellChat"
"GALP_GALR3","GALP","GALR3","1","1","1","1","Secreted Signaling","hormone","CellChat"
"Glutamate-Glu-SLC17A6_GLS_GRIA1","SLC17A6;GLS","GRIA1","1;1","1","1","1","Non-protein Signaling","","CellChat"
"Glutamate-Glu-SLC17A7_GLS_GRIA1","SLC17A7;GLS","GRIA1","1;1","1","1","1","Non-protein Signaling","","CellChat"
"Glutamate-Glu-SLC17A8_GLS_GRIA1","SLC17A8;GLS","GRIA1","1;1","1","1","1","Non-protein Signaling","","CellChat"
"Glutamate-Glu-SLC1A1_GLS_GRIA1","GLS;SLC1A1","GRIA1","1;1","1","1","1","Non-protein Signaling","","CellChat"
"Glutamate-Glu-SLC1A2_GLS_GRIA1","GLS;SLC1A2","GRIA1","1;1","1","1","1","Non-protein Signaling","","CellChat"
"Glutamate-Glu-SLC1A3_GLS_GRIA1","GLS;SLC1A3","GRIA1","1;1","1","1","1","Non-protein Signaling","","CellChat"
"Glutamate-Glu-SLC1A7_GLS_GRIA1","GLS;SLC1A7","GRIA1","1;1","1","1","1","Non-protein Signaling","","CellChat"
"Glutamate-Glu-SLC17A6_GLS2_GRIA1","SLC17A6;GLS2","GRIA1","1;1","1","1","1","Non-protein Signaling","","CellChat"
"Glutamate-Glu-SLC17A7_GLS2_GRIA1","SLC17A7;GLS2","GRIA1","1;1","1","1","1","Non-protein Signaling","","CellChat"
"Glutamate-Glu-SLC17A8_GLS2_GRIA1","SLC17A8;GLS2","GRIA1","1;1","1","1","1","Non-protein Signaling","","CellChat"
"Glutamate-Glu-SLC1A1_GLS2_GRIA1","GLS2;SLC1A1","GRIA1","1;1","1","1","1","Non-protein Signaling","","CellChat"
"Glutamate-Glu-SLC1A2_GLS2_GRIA1","GLS2;SLC1A2","GRIA1","1;1","1","1","1","Non-protein Signaling","","CellChat"
"Glutamate-Glu-SLC1A3_GLS2_GRIA1","GLS2;SLC1A3","GRIA1","1;1","1","1","1","Non-protein Signaling","","CellChat"
"Glutamate-Glu-SLC1A7_GLS2_GRIA1","GLS2;SLC1A7","GRIA1","1;1","1","1","1","Non-protein Signaling","","CellChat"
"Glutamate-Glu-SLC17A6_GLS_GRIA2","SLC17A6;GLS","GRIA2","1;1","1","1","1","Non-protein Signaling","","CellChat"
"Glutamate-Glu-SLC17A7_GLS_GRIA2","SLC17A7;GLS","GRIA2","1;1","1","1","1","Non-protein Signaling","","CellChat"
"Glutamate-Glu-SLC17A8_GLS_GRIA2","SLC17A8;GLS","GRIA2","1;1","1","1","1","Non-protein Signaling","","CellChat"
"Glutamate-Glu-SLC1A1_GLS_GRIA2","GLS;SLC1A1","GRIA2","1;1","1","1","1","Non-protein Signaling","","CellChat"
"Glutamate-Glu-SLC1A2_GLS_GRIA2","GLS;SLC1A2","GRIA2","1;1","1","1","1","Non-protein Signaling","","CellChat"
"Glutamate-Glu-SLC1A3_GLS_GRIA2","GLS;SLC1A3","GRIA2","1;1","1","1","1","Non-protein Signaling","","CellChat"
"Glutamate-Glu-SLC1A7_GLS_GRIA2","GLS;SLC1A7","GRIA2","1;1","1","1","1","Non-protein Signaling","","CellChat"
"Glutamate-Glu-SLC17A6_GLS2_GRIA2","SLC17A6;GLS2","GRIA2","1;1","1","1","1","Non-protein Signaling","","CellChat"
"Glutamate-Glu-SLC17A7_GLS2_GRIA2","SLC17A7;GLS2","GRIA2","1;1","1","1","1","Non-protein Signaling","","CellChat"
"Glutamate-Glu-SLC17A8_GLS2_GRIA2","SLC17A8;GLS2","GRIA2","1;1","1","1","1","Non-protein Signaling","","CellChat"
"Glutamate-Glu-SLC1A1_GLS2_GRIA2","GLS2;SLC1A1","GRIA2","1;1","1","1","1","Non-protein Signaling","","CellChat"
"Glutamate-Glu-SLC1A2_GLS2_GRIA2","GLS2;SLC1A2","GRIA2","1;1","1","1","1","Non-protein Signaling","","CellChat"
"Glutamate-Glu-SLC1A3_GLS2_GRIA2","GLS2;SLC1A3","GRIA2","1;1","1","1","1","Non-protein Signaling","","CellChat"
"Glutamate-Glu-SLC1A7_GLS2_GRIA2","GLS2;SLC1A7","GRIA2","1;1","1","1","1","Non-protein Signaling","","CellChat"
"Glutamate-Glu-SLC17A6_GLS_GRIA3","SLC17A6;GLS","GRIA3","1;1","1","1","1","Non-protein Signaling","","CellChat"
"Glutamate-Glu-SLC17A7_GLS_GRIA3","SLC17A7;GLS","GRIA3","1;1","1","1","1","Non-protein Signaling","","CellChat"
"Glutamate-Glu-SLC17A8_GLS_GRIA3","SLC17A8;GLS","GRIA3","1;1","1","1","1","Non-protein Signaling","","CellChat"
"Glutamate-Glu-SLC1A1_GLS_GRIA3","GLS;SLC1A1","GRIA3","1;1","1","1","1","Non-protein Signaling","","CellChat"
"Glutamate-Glu-SLC1A2_GLS_GRIA3","GLS;SLC1A2","GRIA3","1;1","1","1","1","Non-protein Signaling","","CellChat"
"Glutamate-Glu-SLC1A3_GLS_GRIA3","GLS;SLC1A3","GRIA3","1;1","1","1","1","Non-protein Signaling","","CellChat"
"Glutamate-Glu-SLC1A7_GLS_GRIA3","GLS;SLC1A7","GRIA3","1;1","1","1","1","Non-protein Signaling","","CellChat"
"Glutamate-Glu-SLC17A6_GLS2_GRIA3","SLC17A6;GLS2","GRIA3","1;1","1","1","1","Non-protein Signaling","","CellChat"
"Glutamate-Glu-SLC17A7_GLS2_GRIA3","SLC17A7;GLS2","GRIA3","1;1","1","1","1","Non-protein Signaling","","CellChat"
"Glutamate-Glu-SLC17A8_GLS2_GRIA3","SLC17A8;GLS2","GRIA3","1;1","1","1","1","Non-protein Signaling","","CellChat"
"Glutamate-Glu-SLC1A1_GLS2_GRIA3","GLS2;SLC1A1","GRIA3","1;1","1","1","1","Non-protein Signaling","","CellChat"
"Glutamate-Glu-SLC1A2_GLS2_GRIA3","GLS2;SLC1A2","GRIA3","1;1","1","1","1","Non-protein Signaling","","CellChat"
"Glutamate-Glu-SLC1A3_GLS2_GRIA3","GLS2;SLC1A3","GRIA3","1;1","1","1","1","Non-protein Signaling","","CellChat"
"Glutamate-Glu-SLC1A7_GLS2_GRIA3","GLS2;SLC1A7","GRIA3","1;1","1","1","1","Non-protein Signaling","","CellChat"
"Glutamate-Glu-SLC17A6_GLS_GRIA4","SLC17A6;GLS","GRIA4","1;1","1","1","1","Non-protein Signaling","","CellChat"
"Glutamate-Glu-SLC17A7_GLS_GRIA4","SLC17A7;GLS","GRIA4","1;1","1","1","1","Non-protein Signaling","","CellChat"
"Glutamate-Glu-SLC17A8_GLS_GRIA4","SLC17A8;GLS","GRIA4","1;1","1","1","1","Non-protein Signaling","","CellChat"
"Glutamate-Glu-SLC1A1_GLS_GRIA4","GLS;SLC1A1","GRIA4","1;1","1","1","1","Non-protein Signaling","","CellChat"
"Glutamate-Glu-SLC1A2_GLS_GRIA4","GLS;SLC1A2","GRIA4","1;1","1","1","1","Non-protein Signaling","","CellChat"
"Glutamate-Glu-SLC1A3_GLS_GRIA4","GLS;SLC1A3","GRIA4","1;1","1","1","1","Non-protein Signaling","","CellChat"
"Glutamate-Glu-SLC1A7_GLS_GRIA4","GLS;SLC1A7","GRIA4","1;1","1","1","1","Non-protein Signaling","","CellChat"
"Glutamate-Glu-SLC17A6_GLS2_GRIA4","SLC17A6;GLS2","GRIA4","1;1","1","1","1","Non-protein Signaling","","CellChat"
"Glutamate-Glu-SLC17A7_GLS2_GRIA4","SLC17A7;GLS2","GRIA4","1;1","1","1","1","Non-protein Signaling","","CellChat"
"Glutamate-Glu-SLC17A8_GLS2_GRIA4","SLC17A8;GLS2","GRIA4","1;1","1","1","1","Non-protein Signaling","","CellChat"
"Glutamate-Glu-SLC1A1_GLS2_GRIA4","GLS2;SLC1A1","GRIA4","1;1","1","1","1","Non-protein Signaling","","CellChat"
"Glutamate-Glu-SLC1A2_GLS2_GRIA4","GLS2;SLC1A2","GRIA4","1;1","1","1","1","Non-protein Signaling","","CellChat"
"Glutamate-Glu-SLC1A3_GLS2_GRIA4","GLS2;SLC1A3","GRIA4","1;1","1","1","1","Non-protein Signaling","","CellChat"
"Glutamate-Glu-SLC1A7_GLS2_GRIA4","GLS2;SLC1A7","GRIA4","1;1","1","1","1","Non-protein Signaling","","CellChat"
"Glutamate-Glu-NRXN1_CBLN1_GRID2","NRXN1;CBLN1","GRID2","1;1","1","1","1","Non-protein Signaling","secreted","CellChat"
"Glutamate-Glu-SLC17A6_GLS_GRIK1","SLC17A6;GLS","GRIK1","1;1","1","1","1","Non-protein Signaling","","CellChat"
"Glutamate-Glu-SLC17A7_GLS_GRIK1","SLC17A7;GLS","GRIK1","1;1","1","1","1","Non-protein Signaling","","CellChat"
"Glutamate-Glu-SLC17A8_GLS_GRIK1","SLC17A8;GLS","GRIK1","1;1","1","1","1","Non-protein Signaling","","CellChat"
"Glutamate-Glu-SLC1A1_GLS_GRIK1","GLS;SLC1A1","GRIK1","1;1","1","1","1","Non-protein Signaling","","CellChat"
"Glutamate-Glu-SLC1A2_GLS_GRIK1","GLS;SLC1A2","GRIK1","1;1","1","1","1","Non-protein Signaling","","CellChat"
"Glutamate-Glu-SLC1A3_GLS_GRIK1","GLS;SLC1A3","GRIK1","1;1","1","1","1","Non-protein Signaling","","CellChat"
"Glutamate-Glu-SLC1A7_GLS_GRIK1","GLS;SLC1A7","GRIK1","1;1","1","1","1","Non-protein Signaling","","CellChat"
"Glutamate-Glu-SLC17A6_GLS2_GRIK1","SLC17A6;GLS2","GRIK1","1;1","1","1","1","Non-protein Signaling","","CellChat"
"Glutamate-Glu-SLC17A7_GLS2_GRIK1","SLC17A7;GLS2","GRIK1","1;1","1","1","1","Non-protein Signaling","","CellChat"
"Glutamate-Glu-SLC17A8_GLS2_GRIK1","SLC17A8;GLS2","GRIK1","1;1","1","1","1","Non-protein Signaling","","CellChat"
"Glutamate-Glu-SLC1A1_GLS2_GRIK1","GLS2;SLC1A1","GRIK1","1;1","1","1","1","Non-protein Signaling","","CellChat"
"Glutamate-Glu-SLC1A2_GLS2_GRIK1","GLS2;SLC1A2","GRIK1","1;1","1","1","1","Non-protein Signaling","","CellChat"
"Glutamate-Glu-SLC1A3_GLS2_GRIK1","GLS2;SLC1A3","GRIK1","1;1","1","1","1","Non-protein Signaling","","CellChat"
"Glutamate-Glu-SLC1A7_GLS2_GRIK1","GLS2;SLC1A7","GRIK1","1;1","1","1","1","Non-protein Signaling","","CellChat"
"Glutamate-Glu-SLC17A6_GLS_GRIK2","SLC17A6;GLS","GRIK2","1;1","1","1","1","Non-protein Signaling","","CellChat"
"Glutamate-Glu-SLC17A7_GLS_GRIK2","SLC17A7;GLS","GRIK2","1;1","1","1","1","Non-protein Signaling","","CellChat"
"Glutamate-Glu-SLC17A8_GLS_GRIK2","SLC17A8;GLS","GRIK2","1;1","1","1","1","Non-protein Signaling","","CellChat"
"Glutamate-Glu-SLC1A1_GLS_GRIK2","GLS;SLC1A1","GRIK2","1;1","1","1","1","Non-protein Signaling","","CellChat"
"Glutamate-Glu-SLC1A2_GLS_GRIK2","GLS;SLC1A2","GRIK2","1;1","1","1","1","Non-protein Signaling","","CellChat"
"Glutamate-Glu-SLC1A3_GLS_GRIK2","GLS;SLC1A3","GRIK2","1;1","1","1","1","Non-protein Signaling","","CellChat"
"Glutamate-Glu-SLC1A7_GLS_GRIK2","GLS;SLC1A7","GRIK2","1;1","1","1","1","Non-protein Signaling","","CellChat"
"Glutamate-Glu-SLC17A6_GLS2_GRIK2","SLC17A6;GLS2","GRIK2","1;1","1","1","1","Non-protein Signaling","","CellChat"
"Glutamate-Glu-SLC17A7_GLS2_GRIK2","SLC17A7;GLS2","GRIK2","1;1","1","1","1","Non-protein Signaling","","CellChat"
"Glutamate-Glu-SLC17A8_GLS2_GRIK2","SLC17A8;GLS2","GRIK2","1;1","1","1","1","Non-protein Signaling","","CellChat"
"Glutamate-Glu-SLC1A1_GLS2_GRIK2","GLS2;SLC1A1","GRIK2","1;1","1","1","1","Non-protein Signaling","","CellChat"
"Glutamate-Glu-SLC1A2_GLS2_GRIK2","GLS2;SLC1A2","GRIK2","1;1","1","1","1","Non-protein Signaling","","CellChat"
"Glutamate-Glu-SLC1A3_GLS2_GRIK2","GLS2;SLC1A3","GRIK2","1;1","1","1","1","Non-protein Signaling","","CellChat"
"Glutamate-Glu-SLC1A7_GLS2_GRIK2","GLS2;SLC1A7","GRIK2","1;1","1","1","1","Non-protein Signaling","","CellChat"
"Glutamate-Glu-SLC17A6_GLS_GRIK3","SLC17A6;GLS","GRIK3","1;1","1","1","1","Non-protein Signaling","","CellChat"
"Glutamate-Glu-SLC17A7_GLS_GRIK3","SLC17A7;GLS","GRIK3","1;1","1","1","1","Non-protein Signaling","","CellChat"
"Glutamate-Glu-SLC17A8_GLS_GRIK3","SLC17A8;GLS","GRIK3","1;1","1","1","1","Non-protein Signaling","","CellChat"
"Glutamate-Glu-SLC1A1_GLS_GRIK3","GLS;SLC1A1","GRIK3","1;1","1","1","1","Non-protein Signaling","","CellChat"
"Glutamate-Glu-SLC1A2_GLS_GRIK3","GLS;SLC1A2","GRIK3","1;1","1","1","1","Non-protein Signaling","","CellChat"
"Glutamate-Glu-SLC1A3_GLS_GRIK3","GLS;SLC1A3","GRIK3","1;1","1","1","1","Non-protein Signaling","","CellChat"
"Glutamate-Glu-SLC1A7_GLS_GRIK3","GLS;SLC1A7","GRIK3","1;1","1","1","1","Non-protein Signaling","","CellChat"
"Glutamate-Glu-SLC17A6_GLS2_GRIK3","SLC17A6;GLS2","GRIK3","1;1","1","1","1","Non-protein Signaling","","CellChat"
"Glutamate-Glu-SLC17A7_GLS2_GRIK3","SLC17A7;GLS2","GRIK3","1;1","1","1","1","Non-protein Signaling","","CellChat"
"Glutamate-Glu-SLC17A8_GLS2_GRIK3","SLC17A8;GLS2","GRIK3","1;1","1","1","1","Non-protein Signaling","","CellChat"
"Glutamate-Glu-SLC1A1_GLS2_GRIK3","GLS2;SLC1A1","GRIK3","1;1","1","1","1","Non-protein Signaling","","CellChat"
"Glutamate-Glu-SLC1A2_GLS2_GRIK3","GLS2;SLC1A2","GRIK3","1;1","1","1","1","Non-protein Signaling","","CellChat"
"Glutamate-Glu-SLC1A3_GLS2_GRIK3","GLS2;SLC1A3","GRIK3","1;1","1","1","1","Non-protein Signaling","","CellChat"
"Glutamate-Glu-SLC1A7_GLS2_GRIK3","GLS2;SLC1A7","GRIK3","1;1","1","1","1","Non-protein Signaling","","CellChat"
"Glutamate-Glu-SLC17A6_GLS_GRM1","SLC17A6;GLS","GRM1","1;1","1","1","1","Non-protein Signaling","","CellChat"
"Glutamate-Glu-SLC17A7_GLS_GRM1","SLC17A7;GLS","GRM1","1;1","1","1","1","Non-protein Signaling","","CellChat"
"Glutamate-Glu-SLC17A8_GLS_GRM1","SLC17A8;GLS","GRM1","1;1","1","1","1","Non-protein Signaling","","CellChat"
"Glutamate-Glu-SLC1A1_GLS_GRM1","GLS;SLC1A1","GRM1","1;1","1","1","1","Non-protein Signaling","","CellChat"
"Glutamate-Glu-SLC1A2_GLS_GRM1","GLS;SLC1A2","GRM1","1;1","1","1","1","Non-protein Signaling","","CellChat"
"Glutamate-Glu-SLC1A3_GLS_GRM1","GLS;SLC1A3","GRM1","1;1","1","1","1","Non-protein Signaling","","CellChat"
"Glutamate-Glu-SLC1A7_GLS_GRM1","GLS;SLC1A7","GRM1","1;1","1","1","1","Non-protein Signaling","","CellChat"
"Glutamate-Glu-SLC17A6_GLS2_GRM1","SLC17A6;GLS2","GRM1","1;1","1","1","1","Non-protein Signaling","","CellChat"
"Glutamate-Glu-SLC17A7_GLS2_GRM1","SLC17A7;GLS2","GRM1","1;1","1","1","1","Non-protein Signaling","","CellChat"
"Glutamate-Glu-SLC17A8_GLS2_GRM1","SLC17A8;GLS2","GRM1","1;1","1","1","1","Non-protein Signaling","","CellChat"
"Glutamate-Glu-SLC1A1_GLS2_GRM1","GLS2;SLC1A1","GRM1","1;1","1","1","1","Non-protein Signaling","","CellChat"
"Glutamate-Glu-SLC1A2_GLS2_GRM1","GLS2;SLC1A2","GRM1","1;1","1","1","1","Non-protein Signaling","","CellChat"
"Glutamate-Glu-SLC1A3_GLS2_GRM1","GLS2;SLC1A3","GRM1","1;1","1","1","1","Non-protein Signaling","","CellChat"
"Glutamate-Glu-SLC1A7_GLS2_GRM1","GLS2;SLC1A7","GRM1","1;1","1","1","1","Non-protein Signaling","","CellChat"
"Glutamate-Glu-SLC17A6_GLS_GRM2","SLC17A6;GLS","GRM2","1;1","1","1","1","Non-protein Signaling","","CellChat"
"Glutamate-Glu-SLC17A7_GLS_GRM2","SLC17A7;GLS","GRM2","1;1","1","1","1","Non-protein Signaling","","CellChat"
"Glutamate-Glu-SLC17A8_GLS_GRM2","SLC17A8;GLS","GRM2","1;1","1","1","1","Non-protein Signaling","","CellChat"
"Glutamate-Glu-SLC1A1_GLS_GRM2","GLS;SLC1A1","GRM2","1;1","1","1","1","Non-protein Signaling","","CellChat"
"Glutamate-Glu-SLC1A2_GLS_GRM2","GLS;SLC1A2","GRM2","1;1","1","1","1","Non-protein Signaling","","CellChat"
"Glutamate-Glu-SLC1A3_GLS_GRM2","GLS;SLC1A3","GRM2","1;1","1","1","1","Non-protein Signaling","","CellChat"
"Glutamate-Glu-SLC1A7_GLS_GRM2","GLS;SLC1A7","GRM2","1;1","1","1","1","Non-protein Signaling","","CellChat"
"Glutamate-Glu-SLC17A6_GLS2_GRM2","SLC17A6;GLS2","GRM2","1;1","1","1","1","Non-protein Signaling","","CellChat"
"Glutamate-Glu-SLC17A7_GLS2_GRM2","SLC17A7;GLS2","GRM2","1;1","1","1","1","Non-protein Signaling","","CellChat"
"Glutamate-Glu-SLC17A8_GLS2_GRM2","SLC17A8;GLS2","GRM2","1;1","1","1","1","Non-protein Signaling","","CellChat"
"Glutamate-Glu-SLC1A1_GLS2_GRM2","GLS2;SLC1A1","GRM2","1;1","1","1","1","Non-protein Signaling","","CellChat"
"Glutamate-Glu-SLC1A2_GLS2_GRM2","GLS2;SLC1A2","GRM2","1;1","1","1","1","Non-protein Signaling","","CellChat"
"Glutamate-Glu-SLC1A3_GLS2_GRM2","GLS2;SLC1A3","GRM2","1;1","1","1","1","Non-protein Signaling","","CellChat"
"Glutamate-Glu-SLC1A7_GLS2_GRM2","GLS2;SLC1A7","GRM2","1;1","1","1","1","Non-protein Signaling","","CellChat"
"Glutamate-Glu-SLC17A6_GLS_GRM3","SLC17A6;GLS","GRM3","1;1","1","1","1","Non-protein Signaling","","CellChat"
"Glutamate-Glu-SLC17A7_GLS_GRM3","SLC17A7;GLS","GRM3","1;1","1","1","1","Non-protein Signaling","","CellChat"
"Glutamate-Glu-SLC17A8_GLS_GRM3","SLC17A8;GLS","GRM3","1;1","1","1","1","Non-protein Signaling","","CellChat"
"Glutamate-Glu-SLC1A1_GLS_GRM3","GLS;SLC1A1","GRM3","1;1","1","1","1","Non-protein Signaling","","CellChat"
"Glutamate-Glu-SLC1A2_GLS_GRM3","GLS;SLC1A2","GRM3","1;1","1","1","1","Non-protein Signaling","","CellChat"
"Glutamate-Glu-SLC1A3_GLS_GRM3","GLS;SLC1A3","GRM3","1;1","1","1","1","Non-protein Signaling","","CellChat"
"Glutamate-Glu-SLC1A7_GLS_GRM3","GLS;SLC1A7","GRM3","1;1","1","1","1","Non-protein Signaling","","CellChat"
"Glutamate-Glu-SLC17A6_GLS2_GRM3","SLC17A6;GLS2","GRM3","1;1","1","1","1","Non-protein Signaling","","CellChat"
"Glutamate-Glu-SLC17A7_GLS2_GRM3","SLC17A7;GLS2","GRM3","1;1","1","1","1","Non-protein Signaling","","CellChat"
"Glutamate-Glu-SLC17A8_GLS2_GRM3","SLC17A8;GLS2","GRM3","1;1","1","1","1","Non-protein Signaling","","CellChat"
"Glutamate-Glu-SLC1A1_GLS2_GRM3","GLS2;SLC1A1","GRM3","1;1","1","1","1","Non-protein Signaling","","CellChat"
"Glutamate-Glu-SLC1A2_GLS2_GRM3","GLS2;SLC1A2","GRM3","1;1","1","1","1","Non-protein Signaling","","CellChat"
"Glutamate-Glu-SLC1A3_GLS2_GRM3","GLS2;SLC1A3","GRM3","1;1","1","1","1","Non-protein Signaling","","CellChat"
"Glutamate-Glu-SLC1A7_GLS2_GRM3","GLS2;SLC1A7","GRM3","1;1","1","1","1","Non-protein Signaling","","CellChat"
"Glutamate-Glu-SLC17A6_GLS_GRM4","SLC17A6;GLS","GRM4","1;1","1","1","1","Non-protein Signaling","","CellChat"
"Glutamate-Glu-SLC17A7_GLS_GRM4","SLC17A7;GLS","GRM4","1;1","1","1","1","Non-protein Signaling","","CellChat"
"Glutamate-Glu-SLC17A8_GLS_GRM4","SLC17A8;GLS","GRM4","1;1","1","1","1","Non-protein Signaling","","CellChat"
"Glutamate-Glu-SLC1A1_GLS_GRM4","GLS;SLC1A1","GRM4","1;1","1","1","1","Non-protein Signaling","","CellChat"
"Glutamate-Glu-SLC1A2_GLS_GRM4","GLS;SLC1A2","GRM4","1;1","1","1","1","Non-protein Signaling","","CellChat"
"Glutamate-Glu-SLC1A3_GLS_GRM4","GLS;SLC1A3","GRM4","1;1","1","1","1","Non-protein Signaling","","CellChat"
"Glutamate-Glu-SLC1A7_GLS_GRM4","GLS;SLC1A7","GRM4","1;1","1","1","1","Non-protein Signaling","","CellChat"
"Glutamate-Glu-SLC17A6_GLS2_GRM4","SLC17A6;GLS2","GRM4","1;1","1","1","1","Non-protein Signaling","","CellChat"
"Glutamate-Glu-SLC17A7_GLS2_GRM4","SLC17A7;GLS2","GRM4","1;1","1","1","1","Non-protein Signaling","","CellChat"
"Glutamate-Glu-SLC17A8_GLS2_GRM4","SLC17A8;GLS2","GRM4","1;1","1","1","1","Non-protein Signaling","","CellChat"
"Glutamate-Glu-SLC1A1_GLS2_GRM4","GLS2;SLC1A1","GRM4","1;1","1","1","1","Non-protein Signaling","","CellChat"
"Glutamate-Glu-SLC1A2_GLS2_GRM4","GLS2;SLC1A2","GRM4","1;1","1","1","1","Non-protein Signaling","","CellChat"
"Glutamate-Glu-SLC1A3_GLS2_GRM4","GLS2;SLC1A3","GRM4","1;1","1","1","1","Non-protein Signaling","","CellChat"
"Glutamate-Glu-SLC1A7_GLS2_GRM4","GLS2;SLC1A7","GRM4","1;1","1","1","1","Non-protein Signaling","","CellChat"
"Glutamate-Glu-SLC17A6_GLS_GRM5","SLC17A6;GLS","GRM5","1;1","1","1","1","Non-protein Signaling","","CellChat"
"Glutamate-Glu-SLC17A7_GLS_GRM5","SLC17A7;GLS","GRM5","1;1","1","1","1","Non-protein Signaling","","CellChat"
"Glutamate-Glu-SLC17A8_GLS_GRM5","SLC17A8;GLS","GRM5","1;1","1","1","1","Non-protein Signaling","","CellChat"
"Glutamate-Glu-SLC1A1_GLS_GRM5","GLS;SLC1A1","GRM5","1;1","1","1","1","Non-protein Signaling","","CellChat"
"Glutamate-Glu-SLC1A2_GLS_GRM5","GLS;SLC1A2","GRM5","1;1","1","1","1","Non-protein Signaling","","CellChat"
"Glutamate-Glu-SLC1A3_GLS_GRM5","GLS;SLC1A3","GRM5","1;1","1","1","1","Non-protein Signaling","","CellChat"
"Glutamate-Glu-SLC1A7_GLS_GRM5","GLS;SLC1A7","GRM5","1;1","1","1","1","Non-protein Signaling","","CellChat"
"Glutamate-Glu-SLC17A6_GLS2_GRM5","SLC17A6;GLS2","GRM5","1;1","1","1","1","Non-protein Signaling","","CellChat"
"Glutamate-Glu-SLC17A7_GLS2_GRM5","SLC17A7;GLS2","GRM5","1;1","1","1","1","Non-protein Signaling","","CellChat"
"Glutamate-Glu-SLC17A8_GLS2_GRM5","SLC17A8;GLS2","GRM5","1;1","1","1","1","Non-protein Signaling","","CellChat"
"Glutamate-Glu-SLC1A1_GLS2_GRM5","GLS2;SLC1A1","GRM5","1;1","1","1","1","Non-protein Signaling","","CellChat"
"Glutamate-Glu-SLC1A2_GLS2_GRM5","GLS2;SLC1A2","GRM5","1;1","1","1","1","Non-protein Signaling","","CellChat"
"Glutamate-Glu-SLC1A3_GLS2_GRM5","GLS2;SLC1A3","GRM5","1;1","1","1","1","Non-protein Signaling","","CellChat"
"Glutamate-Glu-SLC1A7_GLS2_GRM5","GLS2;SLC1A7","GRM5","1;1","1","1","1","Non-protein Signaling","","CellChat"
"Glutamate-Glu-SLC17A6_GLS_GRM7","SLC17A6;GLS","GRM7","1;1","1","1","1","Non-protein Signaling","","CellChat"
"Glutamate-Glu-SLC17A7_GLS_GRM7","SLC17A7;GLS","GRM7","1;1","1","1","1","Non-protein Signaling","","CellChat"
"Glutamate-Glu-SLC17A8_GLS_GRM7","SLC17A8;GLS","GRM7","1;1","1","1","1","Non-protein Signaling","","CellChat"
"Glutamate-Glu-SLC1A1_GLS_GRM7","GLS;SLC1A1","GRM7","1;1","1","1","1","Non-protein Signaling","","CellChat"
"Glutamate-Glu-SLC1A2_GLS_GRM7","GLS;SLC1A2","GRM7","1;1","1","1","1","Non-protein Signaling","","CellChat"
"Glutamate-Glu-SLC1A3_GLS_GRM7","GLS;SLC1A3","GRM7","1;1","1","1","1","Non-protein Signaling","","CellChat"
"Glutamate-Glu-SLC1A7_GLS_GRM7","GLS;SLC1A7","GRM7","1;1","1","1","1","Non-protein Signaling","","CellChat"
"Glutamate-Glu-SLC17A6_GLS2_GRM7","SLC17A6;GLS2","GRM7","1;1","1","1","1","Non-protein Signaling","","CellChat"
"Glutamate-Glu-SLC17A7_GLS2_GRM7","SLC17A7;GLS2","GRM7","1;1","1","1","1","Non-protein Signaling","","CellChat"
"Glutamate-Glu-SLC17A8_GLS2_GRM7","SLC17A8;GLS2","GRM7","1;1","1","1","1","Non-protein Signaling","","CellChat"
"Glutamate-Glu-SLC1A1_GLS2_GRM7","GLS2;SLC1A1","GRM7","1;1","1","1","1","Non-protein Signaling","","CellChat"
"Glutamate-Glu-SLC1A2_GLS2_GRM7","GLS2;SLC1A2","GRM7","1;1","1","1","1","Non-protein Signaling","","CellChat"
"Glutamate-Glu-SLC1A3_GLS2_GRM7","GLS2;SLC1A3","GRM7","1;1","1","1","1","Non-protein Signaling","","CellChat"
"Glutamate-Glu-SLC1A7_GLS2_GRM7","GLS2;SLC1A7","GRM7","1;1","1","1","1","Non-protein Signaling","","CellChat"
"Glutamate-Glu-SLC17A6_GLS_GRM8","SLC17A6;GLS","GRM8","1;1","1","1","1","Non-protein Signaling","","CellChat"
"Glutamate-Glu-SLC17A7_GLS_GRM8","SLC17A7;GLS","GRM8","1;1","1","1","1","Non-protein Signaling","","CellChat"
"Glutamate-Glu-SLC17A8_GLS_GRM8","SLC17A8;GLS","GRM8","1;1","1","1","1","Non-protein Signaling","","CellChat"
"Glutamate-Glu-SLC1A1_GLS_GRM8","GLS;SLC1A1","GRM8","1;1","1","1","1","Non-protein Signaling","","CellChat"
"Glutamate-Glu-SLC1A2_GLS_GRM8","GLS;SLC1A2","GRM8","1;1","1","1","1","Non-protein Signaling","","CellChat"
"Glutamate-Glu-SLC1A3_GLS_GRM8","GLS;SLC1A3","GRM8","1;1","1","1","1","Non-protein Signaling","","CellChat"
"Glutamate-Glu-SLC1A7_GLS_GRM8","GLS;SLC1A7","GRM8","1;1","1","1","1","Non-protein Signaling","","CellChat"
"Glutamate-Glu-SLC17A6_GLS2_GRM8","SLC17A6;GLS2","GRM8","1;1","1","1","1","Non-protein Signaling","","CellChat"
"Glutamate-Glu-SLC17A7_GLS2_GRM8","SLC17A7;GLS2","GRM8","1;1","1","1","1","Non-protein Signaling","","CellChat"
"Glutamate-Glu-SLC17A8_GLS2_GRM8","SLC17A8;GLS2","GRM8","1;1","1","1","1","Non-protein Signaling","","CellChat"
"Glutamate-Glu-SLC1A1_GLS2_GRM8","GLS2;SLC1A1","GRM8","1;1","1","1","1","Non-protein Signaling","","CellChat"
"Glutamate-Glu-SLC1A2_GLS2_GRM8","GLS2;SLC1A2","GRM8","1;1","1","1","1","Non-protein Signaling","","CellChat"
"Glutamate-Glu-SLC1A3_GLS2_GRM8","GLS2;SLC1A3","GRM8","1;1","1","1","1","Non-protein Signaling","","CellChat"
"Glutamate-Glu-SLC1A7_GLS2_GRM8","GLS2;SLC1A7","GRM8","1;1","1","1","1","Non-protein Signaling","","CellChat"
"Histamine-Hist-HDC_HRH1","HDC","HRH1","1","1","1","1","Non-protein Signaling","","CellChat"
"5-HT-TPH1_SLC18A1_HTR1A","SLC18A1;TPH1","HTR1A","1;1","1","1","1","Non-protein Signaling","","CellChat"
"5-HT-TPH1_SLC18A2_HTR1A","SLC18A2;TPH1","HTR1A","1;1","1","1","1","Non-protein Signaling","","CellChat"
"5-HT-TPH2_SLC18A1_HTR1A","SLC18A1;TPH2","HTR1A","1;1","1","1","1","Non-protein Signaling","","CellChat"
"5-HT-TPH2_SLC18A2_HTR1A","SLC18A2;TPH2","HTR1A","1;1","1","1","1","Non-protein Signaling","","CellChat"
"5-HT-TPH1_SLC18A1_HTR1B","SLC18A1;TPH1","HTR1B","1;1","1","1","1","Non-protein Signaling","","CellChat"
"5-HT-TPH1_SLC18A2_HTR1B","SLC18A2;TPH1","HTR1B","1;1","1","1","1","Non-protein Signaling","","CellChat"
"5-HT-TPH2_SLC18A1_HTR1B","SLC18A1;TPH2","HTR1B","1;1","1","1","1","Non-protein Signaling","","CellChat"
"5-HT-TPH2_SLC18A2_HTR1B","SLC18A2;TPH2","HTR1B","1;1","1","1","1","Non-protein Signaling","","CellChat"
"5-HT-TPH1_SLC18A1_HTR1E","SLC18A1;TPH1","HTR1E","1;1","1","1","1","Non-protein Signaling","","CellChat"
"5-HT-TPH1_SLC18A2_HTR1E","SLC18A2;TPH1","HTR1E","1;1","1","1","1","Non-protein Signaling","","CellChat"
"5-HT-TPH2_SLC18A1_HTR1E","SLC18A1;TPH2","HTR1E","1;1","1","1","1","Non-protein Signaling","","CellChat"
"5-HT-TPH2_SLC18A2_HTR1E","SLC18A2;TPH2","HTR1E","1;1","1","1","1","Non-protein Signaling","","CellChat"
"5-HT-TPH1_SLC18A1_HTR1F","SLC18A1;TPH1","HTR1F","1;1","1","1","1","Non-protein Signaling","","CellChat"
"5-HT-TPH1_SLC18A2_HTR1F","SLC18A2;TPH1","HTR1F","1;1","1","1","1","Non-protein Signaling","","CellChat"
"5-HT-TPH2_SLC18A1_HTR1F","SLC18A1;TPH2","HTR1F","1;1","1","1","1","Non-protein Signaling","","CellChat"
"5-HT-TPH2_SLC18A2_HTR1F","SLC18A2;TPH2","HTR1F","1;1","1","1","1","Non-protein Signaling","","CellChat"
"5-HT-TPH1_SLC18A1_HTR2A","SLC18A1;TPH1","HTR2A","1;1","1","1","1","Non-protein Signaling","","CellChat"
"5-HT-TPH1_SLC18A2_HTR2A","SLC18A2;TPH1","HTR2A","1;1","1","1","1","Non-protein Signaling","","CellChat"
"5-HT-TPH2_SLC18A1_HTR2A","SLC18A1;TPH2","HTR2A","1;1","1","1","1","Non-protein Signaling","","CellChat"
"5-HT-TPH2_SLC18A2_HTR2A","SLC18A2;TPH2","HTR2A","1;1","1","1","1","Non-protein Signaling","","CellChat"
"5-HT-TPH1_SLC18A1_HTR2C","SLC18A1;TPH1","HTR2C","1;1","1","1","1","Non-protein Signaling","","CellChat"
"5-HT-TPH1_SLC18A2_HTR2C","SLC18A2;TPH1","HTR2C","1;1","1","1","1","Non-protein Signaling","","CellChat"
"5-HT-TPH2_SLC18A1_HTR2C","SLC18A1;TPH2","HTR2C","1;1","1","1","1","Non-protein Signaling","","CellChat"
"5-HT-TPH2_SLC18A2_HTR2C","SLC18A2;TPH2","HTR2C","1;1","1","1","1","Non-protein Signaling","","CellChat"
"5-HT-TPH1_SLC18A1_HTR4","SLC18A1;TPH1","HTR4","1;1","1","1","1","Non-protein Signaling","","CellChat"
"5-HT-TPH1_SLC18A2_HTR4","SLC18A2;TPH1","HTR4","1;1","1","1","1","Non-protein Signaling","","CellChat"
"5-HT-TPH2_SLC18A1_HTR4","SLC18A1;TPH2","HTR4","1;1","1","1","1","Non-protein Signaling","","CellChat"
"5-HT-TPH2_SLC18A2_HTR4","SLC18A2;TPH2","HTR4","1;1","1","1","1","Non-protein Signaling","","CellChat"
"5-HT-TPH1_SLC18A1_HTR7","SLC18A1;TPH1","HTR7","1;1","1","1","1","Non-protein Signaling","","CellChat"
"5-HT-TPH1_SLC18A2_HTR7","SLC18A2;TPH1","HTR7","1;1","1","1","1","Non-protein Signaling","","CellChat"
"5-HT-TPH2_SLC18A1_HTR7","SLC18A1;TPH2","HTR7","1;1","1","1","1","Non-protein Signaling","","CellChat"
"5-HT-TPH2_SLC18A2_HTR7","SLC18A2;TPH2","HTR7","1;1","1","1","1","Non-protein Signaling","","CellChat"
"LRFN5_PTPRD","LRFN5","PTPRD","1","1","1","1","Cell-Cell Contact","","CellChat"
"NRXN1_LRRTM3","NRXN1","LRRTM3","1","1","1","1","Cell-Cell Contact","","CellChat"
"NRXN3_LRRTM3","NRXN3","LRRTM3","1","1","1","1","Cell-Cell Contact","","CellChat"
"NRXN1_LRRTM4","NRXN1","LRRTM4","1","1","1","1","Cell-Cell Contact","","CellChat"
"NRXN3_LRRTM4","NRXN3","LRRTM4","1","1","1","1","Cell-Cell Contact","","CellChat"
"PGD2-PTGDS_PTGDR","PTGDS","PTGDR","1","1","1","1","Non-protein Signaling","secreted","CellChat"
"PGD2-PTGDS_PTGDR2","PTGDS","PTGDR2","1","1","1","1","Non-protein Signaling","secreted","CellChat"
"Glutamate-Glu-SLC17A6_GLS_GRIK1_GRIK4","SLC17A6;GLS","GRIK1;GRIK4","1;1","1","1;1","1","Non-protein Signaling","","CellChat"
"Glutamate-Glu-SLC17A6_GLS_GRIK2_GRIK4","SLC17A6;GLS","GRIK2;GRIK4","1;1","1","1;1","1","Non-protein Signaling","","CellChat"
"Glutamate-Glu-SLC17A6_GLS_GRIK3_GRIK4","SLC17A6;GLS","GRIK3;GRIK4","1;1","1","1;1","1","Non-protein Signaling","","CellChat"
"Glutamate-Glu-SLC17A6_GLS_GRIK1_GRIK5","SLC17A6;GLS","GRIK5;GRIK1","1;1","1","1;1","1","Non-protein Signaling","","CellChat"
"Glutamate-Glu-SLC17A6_GLS_GRIK2_GRIK5","SLC17A6;GLS","GRIK5;GRIK2","1;1","1","1;1","1","Non-protein Signaling","","CellChat"
"Glutamate-Glu-SLC17A6_GLS_GRIK3_GRIK5","SLC17A6;GLS","GRIK3;GRIK5","1;1","1","1;1","1","Non-protein Signaling","","CellChat"
"Glutamate-Glu-SLC17A6_GLS_GRIN1_GRIN2A","SLC17A6;GLS","GRIN1;GRIN2A","1;1","1","1;1","1","Non-protein Signaling","","CellChat"
"Glutamate-Glu-SLC17A6_GLS_GRIN1_GRIN2B","SLC17A6;GLS","GRIN1;GRIN2B","1;1","1","1;1","1","Non-protein Signaling","","CellChat"
"Glutamate-Glu-SLC17A6_GLS_GRIN1_GRIN2C","SLC17A6;GLS","GRIN2C;GRIN1","1;1","1","1;1","1","Non-protein Signaling","","CellChat"
"Glutamate-Glu-SLC17A7_GLS_GRIK1_GRIK4","SLC17A7;GLS","GRIK1;GRIK4","1;1","1","1;1","1","Non-protein Signaling","","CellChat"
"Glutamate-Glu-SLC17A7_GLS_GRIK2_GRIK4","SLC17A7;GLS","GRIK2;GRIK4","1;1","1","1;1","1","Non-protein Signaling","","CellChat"
"Glutamate-Glu-SLC17A7_GLS_GRIK3_GRIK4","SLC17A7;GLS","GRIK3;GRIK4","1;1","1","1;1","1","Non-protein Signaling","","CellChat"
"Glutamate-Glu-SLC17A7_GLS_GRIK1_GRIK5","SLC17A7;GLS","GRIK5;GRIK1","1;1","1","1;1","1","Non-protein Signaling","","CellChat"
"Glutamate-Glu-SLC17A7_GLS_GRIK2_GRIK5","SLC17A7;GLS","GRIK5;GRIK2","1;1","1","1;1","1","Non-protein Signaling","","CellChat"
"Glutamate-Glu-SLC17A7_GLS_GRIK3_GRIK5","SLC17A7;GLS","GRIK3;GRIK5","1;1","1","1;1","1","Non-protein Signaling","","CellChat"
"Glutamate-Glu-SLC17A7_GLS_GRIN1_GRIN2A","SLC17A7;GLS","GRIN1;GRIN2A","1;1","1","1;1","1","Non-protein Signaling","","CellChat"
"Glutamate-Glu-SLC17A7_GLS_GRIN1_GRIN2B","SLC17A7;GLS","GRIN1;GRIN2B","1;1","1","1;1","1","Non-protein Signaling","","CellChat"
"Glutamate-Glu-SLC17A7_GLS_GRIN1_GRIN2C","SLC17A7;GLS","GRIN2C;GRIN1","1;1","1","1;1","1","Non-protein Signaling","","CellChat"
"Glutamate-Glu-SLC17A8_GLS_GRIK1_GRIK4","SLC17A8;GLS","GRIK1;GRIK4","1;1","1","1;1","1","Non-protein Signaling","","CellChat"
"Glutamate-Glu-SLC17A8_GLS_GRIK2_GRIK4","SLC17A8;GLS","GRIK2;GRIK4","1;1","1","1;1","1","Non-protein Signaling","","CellChat"
"Glutamate-Glu-SLC17A8_GLS_GRIK3_GRIK4","SLC17A8;GLS","GRIK3;GRIK4","1;1","1","1;1","1","Non-protein Signaling","","CellChat"
"Glutamate-Glu-SLC17A8_GLS_GRIK1_GRIK5","SLC17A8;GLS","GRIK5;GRIK1","1;1","1","1;1","1","Non-protein Signaling","","CellChat"
"Glutamate-Glu-SLC17A8_GLS_GRIK2_GRIK5","SLC17A8;GLS","GRIK5;GRIK2","1;1","1","1;1","1","Non-protein Signaling","","CellChat"
"Glutamate-Glu-SLC17A8_GLS_GRIK3_GRIK5","SLC17A8;GLS","GRIK3;GRIK5","1;1","1","1;1","1","Non-protein Signaling","","CellChat"
"Glutamate-Glu-SLC17A8_GLS_GRIN1_GRIN2A","SLC17A8;GLS","GRIN1;GRIN2A","1;1","1","1;1","1","Non-protein Signaling","","CellChat"
"Glutamate-Glu-SLC17A8_GLS_GRIN1_GRIN2B","SLC17A8;GLS","GRIN1;GRIN2B","1;1","1","1;1","1","Non-protein Signaling","","CellChat"
"Glutamate-Glu-SLC17A8_GLS_GRIN1_GRIN2C","SLC17A8;GLS","GRIN2C;GRIN1","1;1","1","1;1","1","Non-protein Signaling","","CellChat"
"Glutamate-Glu-SLC1A1_GLS_GRIK1_GRIK4","GLS;SLC1A1","GRIK1;GRIK4","1;1","1","1;1","1","Non-protein Signaling","","CellChat"
"Glutamate-Glu-SLC1A1_GLS_GRIK2_GRIK4","GLS;SLC1A1","GRIK2;GRIK4","1;1","1","1;1","1","Non-protein Signaling","","CellChat"
"Glutamate-Glu-SLC1A1_GLS_GRIK3_GRIK4","GLS;SLC1A1","GRIK3;GRIK4","1;1","1","1;1","1","Non-protein Signaling","","CellChat"
"Glutamate-Glu-SLC1A1_GLS_GRIK1_GRIK5","GLS;SLC1A1","GRIK5;GRIK1","1;1","1","1;1","1","Non-protein Signaling","","CellChat"
"Glutamate-Glu-SLC1A1_GLS_GRIK2_GRIK5","GLS;SLC1A1","GRIK5;GRIK2","1;1","1","1;1","1","Non-protein Signaling","","CellChat"
"Glutamate-Glu-SLC1A1_GLS_GRIK3_GRIK5","GLS;SLC1A1","GRIK3;GRIK5","1;1","1","1;1","1","Non-protein Signaling","","CellChat"
"Glutamate-Glu-SLC1A1_GLS_GRIN1_GRIN2A","GLS;SLC1A1","GRIN1;GRIN2A","1;1","1","1;1","1","Non-protein Signaling","","CellChat"
"Glutamate-Glu-SLC1A1_GLS_GRIN1_GRIN2B","GLS;SLC1A1","GRIN1;GRIN2B","1;1","1","1;1","1","Non-protein Signaling","","CellChat"
"Glutamate-Glu-SLC1A1_GLS_GRIN1_GRIN2C","GLS;SLC1A1","GRIN2C;GRIN1","1;1","1","1;1","1","Non-protein Signaling","","CellChat"
"Glutamate-Glu-SLC1A2_GLS_GRIK1_GRIK4","GLS;SLC1A2","GRIK1;GRIK4","1;1","1","1;1","1","Non-protein Signaling","","CellChat"
"Glutamate-Glu-SLC1A2_GLS_GRIK2_GRIK4","GLS;SLC1A2","GRIK2;GRIK4","1;1","1","1;1","1","Non-protein Signaling","","CellChat"
"Glutamate-Glu-SLC1A2_GLS_GRIK3_GRIK4","GLS;SLC1A2","GRIK3;GRIK4","1;1","1","1;1","1","Non-protein Signaling","","CellChat"
"Glutamate-Glu-SLC1A2_GLS_GRIK1_GRIK5","GLS;SLC1A2","GRIK5;GRIK1","1;1","1","1;1","1","Non-protein Signaling","","CellChat"
"Glutamate-Glu-SLC1A2_GLS_GRIK2_GRIK5","GLS;SLC1A2","GRIK5;GRIK2","1;1","1","1;1","1","Non-protein Signaling","","CellChat"
"Glutamate-Glu-SLC1A2_GLS_GRIK3_GRIK5","GLS;SLC1A2","GRIK3;GRIK5","1;1","1","1;1","1","Non-protein Signaling","","CellChat"
"Glutamate-Glu-SLC1A2_GLS_GRIN1_GRIN2A","GLS;SLC1A2","GRIN1;GRIN2A","1;1","1","1;1","1","Non-protein Signaling","","CellChat"
"Glutamate-Glu-SLC1A2_GLS_GRIN1_GRIN2B","GLS;SLC1A2","GRIN1;GRIN2B","1;1","1","1;1","1","Non-protein Signaling","","CellChat"
"Glutamate-Glu-SLC1A2_GLS_GRIN1_GRIN2C","GLS;SLC1A2","GRIN2C;GRIN1","1;1","1","1;1","1","Non-protein Signaling","","CellChat"
"Glutamate-Glu-SLC1A3_GLS_GRIK1_GRIK4","GLS;SLC1A3","GRIK1;GRIK4","1;1","1","1;1","1","Non-protein Signaling","","CellChat"
"Glutamate-Glu-SLC1A3_GLS_GRIK2_GRIK4","GLS;SLC1A3","GRIK2;GRIK4","1;1","1","1;1","1","Non-protein Signaling","","CellChat"
"Glutamate-Glu-SLC1A3_GLS_GRIK3_GRIK4","GLS;SLC1A3","GRIK3;GRIK4","1;1","1","1;1","1","Non-protein Signaling","","CellChat"
"Glutamate-Glu-SLC1A3_GLS_GRIK1_GRIK5","GLS;SLC1A3","GRIK5;GRIK1","1;1","1","1;1","1","Non-protein Signaling","","CellChat"
"Glutamate-Glu-SLC1A3_GLS_GRIK2_GRIK5","GLS;SLC1A3","GRIK5;GRIK2","1;1","1","1;1","1","Non-protein Signaling","","CellChat"
"Glutamate-Glu-SLC1A3_GLS_GRIK3_GRIK5","GLS;SLC1A3","GRIK3;GRIK5","1;1","1","1;1","1","Non-protein Signaling","","CellChat"
"Glutamate-Glu-SLC1A3_GLS_GRIN1_GRIN2A","GLS;SLC1A3","GRIN1;GRIN2A","1;1","1","1;1","1","Non-protein Signaling","","CellChat"
"Glutamate-Glu-SLC1A3_GLS_GRIN1_GRIN2B","GLS;SLC1A3","GRIN1;GRIN2B","1;1","1","1;1","1","Non-protein Signaling","","CellChat"
"Glutamate-Glu-SLC1A3_GLS_GRIN1_GRIN2C","GLS;SLC1A3","GRIN2C;GRIN1","1;1","1","1;1","1","Non-protein Signaling","","CellChat"
"Glutamate-Glu-SLC1A7_GLS_GRIK1_GRIK4","GLS;SLC1A7","GRIK1;GRIK4","1;1","1","1;1","1","Non-protein Signaling","","CellChat"
"Glutamate-Glu-SLC1A7_GLS_GRIK2_GRIK4","GLS;SLC1A7","GRIK2;GRIK4","1;1","1","1;1","1","Non-protein Signaling","","CellChat"
"Glutamate-Glu-SLC1A7_GLS_GRIK3_GRIK4","GLS;SLC1A7","GRIK3;GRIK4","1;1","1","1;1","1","Non-protein Signaling","","CellChat"
"Glutamate-Glu-SLC1A7_GLS_GRIK1_GRIK5","GLS;SLC1A7","GRIK5;GRIK1","1;1","1","1;1","1","Non-protein Signaling","","CellChat"
"Glutamate-Glu-SLC1A7_GLS_GRIK2_GRIK5","GLS;SLC1A7","GRIK5;GRIK2","1;1","1","1;1","1","Non-protein Signaling","","CellChat"
"Glutamate-Glu-SLC1A7_GLS_GRIK3_GRIK5","GLS;SLC1A7","GRIK3;GRIK5","1;1","1","1;1","1","Non-protein Signaling","","CellChat"
"Glutamate-Glu-SLC1A7_GLS_GRIN1_GRIN2A","GLS;SLC1A7","GRIN1;GRIN2A","1;1","1","1;1","1","Non-protein Signaling","","CellChat"
"Glutamate-Glu-SLC1A7_GLS_GRIN1_GRIN2B","GLS;SLC1A7","GRIN1;GRIN2B","1;1","1","1;1","1","Non-protein Signaling","","CellChat"
"Glutamate-Glu-SLC1A7_GLS_GRIN1_GRIN2C","GLS;SLC1A7","GRIN2C;GRIN1","1;1","1","1;1","1","Non-protein Signaling","","CellChat"
"Glutamate-Glu-SLC17A6_GLS2_GRIK1_GRIK4","SLC17A6;GLS2","GRIK1;GRIK4","1;1","1","1;1","1","Non-protein Signaling","","CellChat"
"Glutamate-Glu-SLC17A6_GLS2_GRIK2_GRIK4","SLC17A6;GLS2","GRIK2;GRIK4","1;1","1","1;1","1","Non-protein Signaling","","CellChat"
"Glutamate-Glu-SLC17A6_GLS2_GRIK3_GRIK4","SLC17A6;GLS2","GRIK3;GRIK4","1;1","1","1;1","1","Non-protein Signaling","","CellChat"
"Glutamate-Glu-SLC17A6_GLS2_GRIK1_GRIK5","SLC17A6;GLS2","GRIK5;GRIK1","1;1","1","1;1","1","Non-protein Signaling","","CellChat"
"Glutamate-Glu-SLC17A6_GLS2_GRIK2_GRIK5","SLC17A6;GLS2","GRIK5;GRIK2","1;1","1","1;1","1","Non-protein Signaling","","CellChat"
"Glutamate-Glu-SLC17A6_GLS2_GRIK3_GRIK5","SLC17A6;GLS2","GRIK3;GRIK5","1;1","1","1;1","1","Non-protein Signaling","","CellChat"
"Glutamate-Glu-SLC17A6_GLS2_GRIN1_GRIN2A","SLC17A6;GLS2","GRIN1;GRIN2A","1;1","1","1;1","1","Non-protein Signaling","","CellChat"
"Glutamate-Glu-SLC17A6_GLS2_GRIN1_GRIN2B","SLC17A6;GLS2","GRIN1;GRIN2B","1;1","1","1;1","1","Non-protein Signaling","","CellChat"
"Glutamate-Glu-SLC17A6_GLS2_GRIN1_GRIN2C","SLC17A6;GLS2","GRIN2C;GRIN1","1;1","1","1;1","1","Non-protein Signaling","","CellChat"
"Glutamate-Glu-SLC17A7_GLS2_GRIK1_GRIK4","SLC17A7;GLS2","GRIK1;GRIK4","1;1","1","1;1","1","Non-protein Signaling","","CellChat"
"Glutamate-Glu-SLC17A7_GLS2_GRIK2_GRIK4","SLC17A7;GLS2","GRIK2;GRIK4","1;1","1","1;1","1","Non-protein Signaling","","CellChat"
"Glutamate-Glu-SLC17A7_GLS2_GRIK3_GRIK4","SLC17A7;GLS2","GRIK3;GRIK4","1;1","1","1;1","1","Non-protein Signaling","","CellChat"
"Glutamate-Glu-SLC17A7_GLS2_GRIK1_GRIK5","SLC17A7;GLS2","GRIK5;GRIK1","1;1","1","1;1","1","Non-protein Signaling","","CellChat"
"Glutamate-Glu-SLC17A7_GLS2_GRIK2_GRIK5","SLC17A7;GLS2","GRIK5;GRIK2","1;1","1","1;1","1","Non-protein Signaling","","CellChat"
"Glutamate-Glu-SLC17A7_GLS2_GRIK3_GRIK5","SLC17A7;GLS2","GRIK3;GRIK5","1;1","1","1;1","1","Non-protein Signaling","","CellChat"
"Glutamate-Glu-SLC17A7_GLS2_GRIN1_GRIN2A","SLC17A7;GLS2","GRIN1;GRIN2A","1;1","1","1;1","1","Non-protein Signaling","","CellChat"
"Glutamate-Glu-SLC17A7_GLS2_GRIN1_GRIN2B","SLC17A7;GLS2","GRIN1;GRIN2B","1;1","1","1;1","1","Non-protein Signaling","","CellChat"
"Glutamate-Glu-SLC17A7_GLS2_GRIN1_GRIN2C","SLC17A7;GLS2","GRIN2C;GRIN1","1;1","1","1;1","1","Non-protein Signaling","","CellChat"
"Glutamate-Glu-SLC17A8_GLS2_GRIK1_GRIK4","SLC17A8;GLS2","GRIK1;GRIK4","1;1","1","1;1","1","Non-protein Signaling","","CellChat"
"Glutamate-Glu-SLC17A8_GLS2_GRIK2_GRIK4","SLC17A8;GLS2","GRIK2;GRIK4","1;1","1","1;1","1","Non-protein Signaling","","CellChat"
"Glutamate-Glu-SLC17A8_GLS2_GRIK3_GRIK4","SLC17A8;GLS2","GRIK3;GRIK4","1;1","1","1;1","1","Non-protein Signaling","","CellChat"
"Glutamate-Glu-SLC17A8_GLS2_GRIK1_GRIK5","SLC17A8;GLS2","GRIK5;GRIK1","1;1","1","1;1","1","Non-protein Signaling","","CellChat"
"Glutamate-Glu-SLC17A8_GLS2_GRIK2_GRIK5","SLC17A8;GLS2","GRIK5;GRIK2","1;1","1","1;1","1","Non-protein Signaling","","CellChat"
"Glutamate-Glu-SLC17A8_GLS2_GRIK3_GRIK5","SLC17A8;GLS2","GRIK3;GRIK5","1;1","1","1;1","1","Non-protein Signaling","","CellChat"
"Glutamate-Glu-SLC17A8_GLS2_GRIN1_GRIN2A","SLC17A8;GLS2","GRIN1;GRIN2A","1;1","1","1;1","1","Non-protein Signaling","","CellChat"
"Glutamate-Glu-SLC17A8_GLS2_GRIN1_GRIN2B","SLC17A8;GLS2","GRIN1;GRIN2B","1;1","1","1;1","1","Non-protein Signaling","","CellChat"
"Glutamate-Glu-SLC17A8_GLS2_GRIN1_GRIN2C","SLC17A8;GLS2","GRIN2C;GRIN1","1;1","1","1;1","1","Non-protein Signaling","","CellChat"
"Glutamate-Glu-SLC1A1_GLS2_GRIK1_GRIK4","GLS2;SLC1A1","GRIK1;GRIK4","1;1","1","1;1","1","Non-protein Signaling","","CellChat"
"Glutamate-Glu-SLC1A1_GLS2_GRIK2_GRIK4","GLS2;SLC1A1","GRIK2;GRIK4","1;1","1","1;1","1","Non-protein Signaling","","CellChat"
"Glutamate-Glu-SLC1A1_GLS2_GRIK3_GRIK4","GLS2;SLC1A1","GRIK3;GRIK4","1;1","1","1;1","1","Non-protein Signaling","","CellChat"
"Glutamate-Glu-SLC1A1_GLS2_GRIK1_GRIK5","GLS2;SLC1A1","GRIK5;GRIK1","1;1","1","1;1","1","Non-protein Signaling","","CellChat"
"Glutamate-Glu-SLC1A1_GLS2_GRIK2_GRIK5","GLS2;SLC1A1","GRIK5;GRIK2","1;1","1","1;1","1","Non-protein Signaling","","CellChat"
"Glutamate-Glu-SLC1A1_GLS2_GRIK3_GRIK5","GLS2;SLC1A1","GRIK3;GRIK5","1;1","1","1;1","1","Non-protein Signaling","","CellChat"
"Glutamate-Glu-SLC1A1_GLS2_GRIN1_GRIN2A","GLS2;SLC1A1","GRIN1;GRIN2A","1;1","1","1;1","1","Non-protein Signaling","","CellChat"
"Glutamate-Glu-SLC1A1_GLS2_GRIN1_GRIN2B","GLS2;SLC1A1","GRIN1;GRIN2B","1;1","1","1;1","1","Non-protein Signaling","","CellChat"
"Glutamate-Glu-SLC1A1_GLS2_GRIN1_GRIN2C","GLS2;SLC1A1","GRIN2C;GRIN1","1;1","1","1;1","1","Non-protein Signaling","","CellChat"
"Glutamate-Glu-SLC1A2_GLS2_GRIK1_GRIK4","GLS2;SLC1A2","GRIK1;GRIK4","1;1","1","1;1","1","Non-protein Signaling","","CellChat"
"Glutamate-Glu-SLC1A2_GLS2_GRIK2_GRIK4","GLS2;SLC1A2","GRIK2;GRIK4","1;1","1","1;1","1","Non-protein Signaling","","CellChat"
"Glutamate-Glu-SLC1A2_GLS2_GRIK3_GRIK4","GLS2;SLC1A2","GRIK3;GRIK4","1;1","1","1;1","1","Non-protein Signaling","","CellChat"
"Glutamate-Glu-SLC1A2_GLS2_GRIK1_GRIK5","GLS2;SLC1A2","GRIK5;GRIK1","1;1","1","1;1","1","Non-protein Signaling","","CellChat"
"Glutamate-Glu-SLC1A2_GLS2_GRIK2_GRIK5","GLS2;SLC1A2","GRIK5;GRIK2","1;1","1","1;1","1","Non-protein Signaling","","CellChat"
"Glutamate-Glu-SLC1A2_GLS2_GRIK3_GRIK5","GLS2;SLC1A2","GRIK3;GRIK5","1;1","1","1;1","1","Non-protein Signaling","","CellChat"
"Glutamate-Glu-SLC1A2_GLS2_GRIN1_GRIN2A","GLS2;SLC1A2","GRIN1;GRIN2A","1;1","1","1;1","1","Non-protein Signaling","","CellChat"
"Glutamate-Glu-SLC1A2_GLS2_GRIN1_GRIN2B","GLS2;SLC1A2","GRIN1;GRIN2B","1;1","1","1;1","1","Non-protein Signaling","","CellChat"
"Glutamate-Glu-SLC1A2_GLS2_GRIN1_GRIN2C","GLS2;SLC1A2","GRIN2C;GRIN1","1;1","1","1;1","1","Non-protein Signaling","","CellChat"
"Glutamate-Glu-SLC1A3_GLS2_GRIK1_GRIK4","GLS2;SLC1A3","GRIK1;GRIK4","1;1","1","1;1","1","Non-protein Signaling","","CellChat"
"Glutamate-Glu-SLC1A3_GLS2_GRIK2_GRIK4","GLS2;SLC1A3","GRIK2;GRIK4","1;1","1","1;1","1","Non-protein Signaling","","CellChat"
"Glutamate-Glu-SLC1A3_GLS2_GRIK3_GRIK4","GLS2;SLC1A3","GRIK3;GRIK4","1;1","1","1;1","1","Non-protein Signaling","","CellChat"
"Glutamate-Glu-SLC1A3_GLS2_GRIK1_GRIK5","GLS2;SLC1A3","GRIK5;GRIK1","1;1","1","1;1","1","Non-protein Signaling","","CellChat"
"Glutamate-Glu-SLC1A3_GLS2_GRIK2_GRIK5","GLS2;SLC1A3","GRIK5;GRIK2","1;1","1","1;1","1","Non-protein Signaling","","CellChat"
"Glutamate-Glu-SLC1A3_GLS2_GRIK3_GRIK5","GLS2;SLC1A3","GRIK3;GRIK5","1;1","1","1;1","1","Non-protein Signaling","","CellChat"
"Glutamate-Glu-SLC1A3_GLS2_GRIN1_GRIN2A","GLS2;SLC1A3","GRIN1;GRIN2A","1;1","1","1;1","1","Non-protein Signaling","","CellChat"
"Glutamate-Glu-SLC1A3_GLS2_GRIN1_GRIN2B","GLS2;SLC1A3","GRIN1;GRIN2B","1;1","1","1;1","1","Non-protein Signaling","","CellChat"
"Glutamate-Glu-SLC1A3_GLS2_GRIN1_GRIN2C","GLS2;SLC1A3","GRIN2C;GRIN1","1;1","1","1;1","1","Non-protein Signaling","","CellChat"
"Glutamate-Glu-SLC1A7_GLS2_GRIK1_GRIK4","GLS2;SLC1A7","GRIK1;GRIK4","1;1","1","1;1","1","Non-protein Signaling","","CellChat"
"Glutamate-Glu-SLC1A7_GLS2_GRIK2_GRIK4","GLS2;SLC1A7","GRIK2;GRIK4","1;1","1","1;1","1","Non-protein Signaling","","CellChat"
"Glutamate-Glu-SLC1A7_GLS2_GRIK3_GRIK4","GLS2;SLC1A7","GRIK3;GRIK4","1;1","1","1;1","1","Non-protein Signaling","","CellChat"
"Glutamate-Glu-SLC1A7_GLS2_GRIK1_GRIK5","GLS2;SLC1A7","GRIK5;GRIK1","1;1","1","1;1","1","Non-protein Signaling","","CellChat"
"Glutamate-Glu-SLC1A7_GLS2_GRIK2_GRIK5","GLS2;SLC1A7","GRIK5;GRIK2","1;1","1","1;1","1","Non-protein Signaling","","CellChat"
"Glutamate-Glu-SLC1A7_GLS2_GRIK3_GRIK5","GLS2;SLC1A7","GRIK3;GRIK5","1;1","1","1;1","1","Non-protein Signaling","","CellChat"
"Glutamate-Glu-SLC1A7_GLS2_GRIN1_GRIN2A","GLS2;SLC1A7","GRIN1;GRIN2A","1;1","1","1;1","1","Non-protein Signaling","","CellChat"
"Glutamate-Glu-SLC1A7_GLS2_GRIN1_GRIN2B","GLS2;SLC1A7","GRIN1;GRIN2B","1;1","1","1;1","1","Non-protein Signaling","","CellChat"
"Glutamate-Glu-SLC1A7_GLS2_GRIN1_GRIN2C","GLS2;SLC1A7","GRIN2C;GRIN1","1;1","1","1;1","1","Non-protein Signaling","","CellChat"
"5alphaDihydroprogesterone-DHRS9_PGR","DHRS9","PGR","1","1","1","1","Non-protein Signaling","","CellChat"
"APP_SORL1","APP","SORL1","1","1","1","1","Cell-Cell Contact","","CellChat"
"APP_TNFRSF21","APP","TNFRSF21","1","1","1","1","Cell-Cell Contact","","CellChat"
"APP_TREM2_TYROBP","APP","TREM2;TYROBP","1","1","1;1","1","Cell-Cell Contact","","CellChat"
"APOB_APOBR","APOB","APOBR","1","1","1","1","Cell-Cell Contact","secreted","CellChat"
"APOB_TREM2_TYROBP","APOB","TREM2;TYROBP","1","1","1;1","1","Cell-Cell Contact","secreted","CellChat"
"APOE_TREM2_TYROBP","APOE","TREM2;TYROBP","1","1","1;1","1","Cell-Cell Contact","secreted","CellChat"
"RetinoicAcid-RA-ALDH1A1_RARB_CRABP2","ALDH1A1","RARB;CRABP2","1","1","1;1","1","Non-protein Signaling","","CellChat"
"RetinoicAcid-RA-ALDH1A1_RARB_RXRB_CRABP2","ALDH1A1","RARB;CRABP2;RXRB","1","1","1;1;1","1","Non-protein Signaling","","CellChat"
"RetinoicAcid-RA-ALDH1A1_RARG_CRABP2","ALDH1A1","RARG;CRABP2","1","1","1;1","1","Non-protein Signaling","","CellChat"
"RetinoicAcid-RA-ALDH1A1_RARG_RXRG_CRABP2","ALDH1A1","RARG;CRABP2;RXRG","1","1","1;1;1","1","Non-protein Signaling","","CellChat"
"RetinoicAcid-RA-ALDH1A1_RXRB_CRABP2","ALDH1A1","CRABP2;RXRB","1","1","1;1","1","Non-protein Signaling","","CellChat"
"RetinoicAcid-RA-ALDH1A1_RXRG_CRABP2","ALDH1A1","CRABP2;RXRG","1","1","1;1","1","Non-protein Signaling","","CellChat"
"RetinoicAcid-RA-ALDH1A1_RORB","ALDH1A1","RORB","1","1","1","1","Non-protein Signaling","","CellChat"
"RetinoicAcid-RA-ALDH1A2_RARB_CRABP2","ALDH1A2","RARB;CRABP2","1","1","1;1","1","Non-protein Signaling","","CellChat"
"RetinoicAcid-RA-ALDH1A2_RARB_RXRB_CRABP2","ALDH1A2","RARB;CRABP2;RXRB","1","1","1;1;1","1","Non-protein Signaling","","CellChat"
"RetinoicAcid-RA-ALDH1A2_RARG_CRABP2","ALDH1A2","RARG;CRABP2","1","1","1;1","1","Non-protein Signaling","","CellChat"
"RetinoicAcid-RA-ALDH1A2_RARG_RXRG_CRABP2","ALDH1A2","RARG;CRABP2;RXRG","1","1","1;1;1","1","Non-protein Signaling","","CellChat"
"RetinoicAcid-RA-ALDH1A2_RXRB_CRABP2","ALDH1A2","CRABP2;RXRB","1","1","1;1","1","Non-protein Signaling","","CellChat"
"RetinoicAcid-RA-ALDH1A2_RXRG_CRABP2","ALDH1A2","CRABP2;RXRG","1","1","1;1","1","Non-protein Signaling","","CellChat"
"RetinoicAcid-RA-ALDH1A2_RORB","ALDH1A2","RORB","1","1","1","1","Non-protein Signaling","","CellChat"
"BDNF_NGFR","BDNF","NGFR","1","1","1","1","Secreted Signaling","growth factor","CellChat"
"CADM1_NECTIN3","CADM1","NECTIN3","1","1","1","1","Cell-Cell Contact","","CellChat"
"Cholesterol-Cholesterol-DHCR24_RORA","DHCR24","RORA","1","1","1","1","Non-protein Signaling","","CellChat"
"Cholesterol-Cholesterol-DHCR24_RORC","DHCR24","RORC","1","1","1","1","Non-protein Signaling","","CellChat"
"Dehydroepiandrosterone-DHEA-STS_ESR1","UBASH3B","ESR1","1","1","1","1","Non-protein Signaling","","CellChat"
"Dehydroepiandrosterone-DHEA-STS_NR1I2","UBASH3B","NR1I2","1","1","1","1","Non-protein Signaling","","CellChat"
"NTN4_UNC5D","NTN4","UNC5D","1","1","1","1","Cell-Cell Contact","secreted","CellChat"
"NRG1_INTEGRIN_A6B4_COMPLEX","NRG1","ITGA6;ITGB4","1","1","1;1","1","Secreted Signaling","growth factor","CellChat"
"PECAM1_CD177","PECAM1","CD177","1","1","1","1","Cell-Cell Contact","","CellChat"
"Progesterone-Progesterone-HSD3B1_CATSPER1_CATSPERB","HSD3B1","CATSPER1;CATSPERB","1","1","1;1","1","Non-protein Signaling","","CellChat"
"Progesterone-Progesterone-HSD3B1_CATSPER1_CATSPERD","HSD3B1","CATSPER1;CATSPERD","1","1","1;1","1","Non-protein Signaling","","CellChat"
"Progesterone-Progesterone-HSD3B1_CATSPER4_CATSPERB","HSD3B1","CATSPER4;CATSPERB","1","1","1;1","1","Non-protein Signaling","","CellChat"
"Progesterone-Progesterone-HSD3B1_CATSPER4_CATSPERD","HSD3B1","CATSPER4;CATSPERD","1","1","1;1","1","Non-protein Signaling","","CellChat"
"ULBP1_NKG2D_HCST","ULBP1","KLRK1;HCST","1","1","1;1","1","Secreted Signaling","","CellChat"
"SerotoninDopamin-5-HT-DOPA-DDC_HTR1A","DDC","HTR1A","1","1","1","1","Non-protein Signaling","","CellChat"
"SerotoninDopamin-5-HT-DOPA-DDC_HTR1B","DDC","HTR1B","1","1","1","1","Non-protein Signaling","","CellChat"
"SerotoninDopamin-5-HT-DOPA-DDC_P28566","DDC","HTR1E","1","1","1","1","Non-protein Signaling","","CellChat"
"SerotoninDopamin-5-HT-DOPA-DDC_HTR1F","DDC","HTR1F","1","1","1","1","Non-protein Signaling","","CellChat"
"SerotoninDopamin-5-HT-DOPA-DDC_HTR2A","DDC","HTR2A","1","1","1","1","Non-protein Signaling","","CellChat"
"SerotoninDopamin-5-HT-DOPA-DDC_HTR2C","DDC","HTR2C","1","1","1","1","Non-protein Signaling","","CellChat"
"SerotoninDopamin-5-HT-DOPA-DDC_HTR3A","DDC","HTR3A","1","1","1","1","Non-protein Signaling","","CellChat"
"SerotoninDopamin-5-HT-DOPA-DDC_Q8WXA8","DDC","HTR3C","1","1","1","1","Non-protein Signaling","","CellChat"
"SerotoninDopamin-5-HT-DOPA-DDC_HTR4","DDC","HTR4","1","1","1","1","Non-protein Signaling","","CellChat"
"SerotoninDopamin-5-HT-DOPA-DDC_HTR7","DDC","HTR7","1","1","1","1","Non-protein Signaling","","CellChat"
"SerotoninDopamin-5-HT-DOPA-DDC_DRD1","DDC","DRD1","1","1","1","1","Non-protein Signaling","","CellChat"
"SerotoninDopamin-5-HT-DOPA-DDC_DRD2","DDC","DRD2","1","1","1","1","Non-protein Signaling","","CellChat"
"SLIT1_ROBO1","SLIT1","ROBO1","1","1","1","1","Secreted Signaling","secreted","CellChat"
"SLIT2_ROBO1","SLIT2","ROBO1","1","1","1","1","Secreted Signaling","secreted","CellChat"
"SLIT2_ROBO2","SLIT2","ROBO2","1","1","1","1","Secreted Signaling","secreted","CellChat"
"Triiodothyronine-T3-DIO3_THRB","DIO3;TG","THRB","1;1","1","1","1","Non-protein Signaling","hormone","CellChat"
