"interaction_name","lig_contributor","receptor_subunit","lig_contributor_group","lig_contributor_coeff","receptor_subunit_group","receptor_subunit_coeff","interaction_type","ligand_type","source"
"VIP_VIPR1","VIP","VIPR1","1","1","1","1","ligand-receptor","Neuropeptide","NeuronChat"
"VIP_VIPR2","VIP","VIPR2","1","1","1","1","ligand-receptor","Neuropeptide","NeuronChat"
"NPY_NPY1R","NPY","NPY1R","1","1","1","1","ligand-receptor","Neuropeptide","NeuronChat"
"NPY_NPY2R","NPY","NPY2R","1","1","1","1","ligand-receptor","Neuropeptide","NeuronChat"
"NPY_NPY5R","NPY","NPY5R","1","1","1","1","ligand-receptor","Neuropeptide","NeuronChat"
"SST_SSTR1","SST","SSTR1","1","1","1","1","ligand-receptor","Neuropeptide","NeuronChat"
"SST_SSTR2","SST","SSTR2","1","1","1","1","ligand-receptor","Neuropeptide","NeuronChat"
"SST_SSTR3","SST","SSTR3","1","1","1","1","ligand-receptor","Neuropeptide","NeuronChat"
"SST_SSTR4","SST","SSTR4","1","1","1","1","ligand-receptor","Neuropeptide","NeuronChat"
"PENK_OPRD1","PENK","OPRD1","1","1","1","1","ligand-receptor","Neuropeptide","NeuronChat"
"PENK_OPRM1","PENK","OPRM1","1","1","1","1","ligand-receptor","Neuropeptide","NeuronChat"
"TAC3_TACR3","TAC3","TACR3","1","1","1","1","ligand-receptor","Neuropeptide","NeuronChat"
"CCK_CCKBR","CCK","CCKBR","1","1","1","1","ligand-receptor","Neuropeptide","NeuronChat"
"CRH_CRHR1","CRH","CRHR1","1","1","1","1","ligand-receptor","Neuropeptide","NeuronChat"
"CRH_CRHR2","CRH","CRHR2","1","1","1","1","ligand-receptor","Neuropeptide","NeuronChat"
"TAC1_TACR1","TAC1","TACR1","1","1","1","1","ligand-receptor","Neuropeptide","NeuronChat"
"PDYN_OPRD1","PDYN","OPRD1","1","1","1","1","ligand-receptor","Neuropeptide","NeuronChat"
"PDYN_OPRK1","PDYN","OPRK1","1","1","1","1","ligand-receptor","Neuropeptide","NeuronChat"
"PDYN_OPRM1","PDYN","OPRM1","1","1","1","1","ligand-receptor","Neuropeptide","NeuronChat"
"CORT_SSTR1","CORT","SSTR1","1","1","1","1","ligand-receptor","Neuropeptide","NeuronChat"
"CORT_SSTR2","CORT","SSTR2","1","1","1","1","ligand-receptor","Neuropeptide","NeuronChat"
"CORT_SSTR3","CORT","SSTR3","1","1","1","1","ligand-receptor","Neuropeptide","NeuronChat"
"CORT_SSTR4","CORT","SSTR4","1","1","1","1","ligand-receptor","Neuropeptide","NeuronChat"
"PTHLH_PTH1R","PTHLH","PTH1R","1","1","1","1","ligand-receptor","Neuropeptide","NeuronChat"
"PNOC_OPRL1","PNOC","OPRL1","1","1","1","1","ligand-receptor","Neuropeptide","NeuronChat"
"ADCYAP1_ADCYAP1R1","ADCYAP1","ADCYAP1R1","1","1","1","1","ligand-receptor","Neuropeptide","NeuronChat"
"ADCYAP1_VIPR1","ADCYAP1","VIPR1","1","1","1","1","ligand-receptor","Neuropeptide","NeuronChat"
"ADCYAP1_VIPR2","ADCYAP1","VIPR2","1","1","1","1","ligand-receptor","Neuropeptide","NeuronChat"
"TRH_TRHR","TRH","TRHR","1","1","1","1","ligand-receptor","Neuropeptide","NeuronChat"
"GRP_GRPR","GRP","GRPR","1","1","1","1","ligand-receptor","Neuropeptide","NeuronChat"
"NMB_NMBR","NMB","NMBR","1","1","1","1","ligand-receptor","Neuropeptide","NeuronChat"
"NTS_NTSR1","NTS","NTSR1","1","1","1","1","ligand-receptor","Neuropeptide","NeuronChat"
"NTS_NTSR2","NTS","NTSR2","1","1","1","1","ligand-receptor","Neuropeptide","NeuronChat"
"RLN1_RXFP1","RLN1","RXFP1","1","1","1","1","ligand-receptor","Neuropeptide","NeuronChat"
"RLN1_RXFP2","RLN1","RXFP2","1","1","1","1","ligand-receptor","Neuropeptide","NeuronChat"
"RLN1_RXFP3","RLN1","RXFP3","1","1","1","1","ligand-receptor","Neuropeptide","NeuronChat"
"Glu_GRIN1","GLS;SLC17A6;SLC17A7;SLC17A8","GRIN1","1;2;2;2","1;1","1","1","ligand-receptor","Neurotransmitter","NeuronChat"
"Glu_GRIN2A","GLS;SLC17A6;SLC17A7;SLC17A8","GRIN2A","1;2;2;2","1;1","1","1","ligand-receptor","Neurotransmitter","NeuronChat"
"Glu_GRIN2B","GLS;SLC17A6;SLC17A7;SLC17A8","GRIN2B","1;2;2;2","1;1","1","1","ligand-receptor","Neurotransmitter","NeuronChat"
"Glu_GRIN2C","GLS;SLC17A6;SLC17A7;SLC17A8","GRIN2C","1;2;2;2","1;1","1","1","ligand-receptor","Neurotransmitter","NeuronChat"
"Glu_GRIN2D","GLS;SLC17A6;SLC17A7;SLC17A8","GRIN2D","1;2;2;2","1;1","1","1","ligand-receptor","Neurotransmitter","NeuronChat"
"Glu_GRIN3A","GLS;SLC17A6;SLC17A7;SLC17A8","GRIN3A","1;2;2;2","1;1","1","1","ligand-receptor","Neurotransmitter","NeuronChat"
"Glu_GRIN3B","GLS;SLC17A6;SLC17A7;SLC17A8","GRIN3B","1;2;2;2","1;1","1","1","ligand-receptor","Neurotransmitter","NeuronChat"
"Glu_GRIA1","GLS;SLC17A6;SLC17A7;SLC17A8","GRIA1","1;2;2;2","1;1","1","1","ligand-receptor","Neurotransmitter","NeuronChat"
"Glu_GRIA2","GLS;SLC17A6;SLC17A7;SLC17A8","GRIA2","1;2;2;2","1;1","1","1","ligand-receptor","Neurotransmitter","NeuronChat"
"Glu_GRIA3","GLS;SLC17A6;SLC17A7;SLC17A8","GRIA3","1;2;2;2","1;1","1","1","ligand-receptor","Neurotransmitter","NeuronChat"
"Glu_GRIA4","GLS;SLC17A6;SLC17A7;SLC17A8","GRIA4","1;2;2;2","1;1","1","1","ligand-receptor","Neurotransmitter","NeuronChat"
"Glu_GRIK1","GLS;SLC17A6;SLC17A7;SLC17A8","GRIK1","1;2;2;2","1;1","1","1","ligand-receptor","Neurotransmitter","NeuronChat"
"Glu_GRIK2","GLS;SLC17A6;SLC17A7;SLC17A8","GRIK2","1;2;2;2","1;1","1","1","ligand-receptor","Neurotransmitter","NeuronChat"
"Glu_GRIK3","GLS;SLC17A6;SLC17A7;SLC17A8","GRIK3","1;2;2;2","1;1","1","1","ligand-receptor","Neurotransmitter","NeuronChat"
"Glu_GRIK4","GLS;SLC17A6;SLC17A7;SLC17A8","GRIK4","1;2;2;2","1;1","1","1","ligand-receptor","Neurotransmitter","NeuronChat"
"Glu_GRIK5","GLS;SLC17A6;SLC17A7;SLC17A8","GRIK5","1;2;2;2","1;1","1","1","ligand-receptor","Neurotransmitter","NeuronChat"
"Glu_GRM1","GLS;SLC17A6;SLC17A7;SLC17A8","GRM1","1;2;2;2","1;1","1","1","ligand-receptor","Neurotransmitter","NeuronChat"
"Glu_GRM5","GLS;SLC17A6;SLC17A7;SLC17A8","GRM5","1;2;2;2","1;1","1","1","ligand-receptor","Neurotransmitter","NeuronChat"
"Glu_GRM4","GLS;SLC17A6;SLC17A7;SLC17A8","GRM4","1;2;2;2","1;1","1","1","ligand-receptor","Neurotransmitter","NeuronChat"
"Glu_GRM6","GLS;SLC17A6;SLC17A7;SLC17A8","GRM6","1;2;2;2","1;1","1","1","ligand-receptor","Neurotransmitter","NeuronChat"
"Glu_GRM7","GLS;SLC17A6;SLC17A7;SLC17A8","GRM7","1;2;2;2","1;1","1","1","ligand-receptor","Neurotransmitter","NeuronChat"
"Glu_GRM8","GLS;SLC17A6;SLC17A7;SLC17A8","GRM8","1;2;2;2","1;1","1","1","ligand-receptor","Neurotransmitter","NeuronChat"
"Glu_GRM2","GLS;SLC17A6;SLC17A7;SLC17A8","GRM2","1;2;2;2","1;1","1","1","ligand-receptor","Neurotransmitter","NeuronChat"
"Glu_GRM3","GLS;SLC17A6;SLC17A7;SLC17A8","GRM3","1;2;2;2","1;1","1","1","ligand-receptor","Neurotransmitter","NeuronChat"
"NRXN1_NLGN1","NRXN1","NLGN1","1","1","1","1","ligand-receptor","Synaptic adhesion molecule","NeuronChat"
"NRXN2_NLGN2","NRXN2","NLGN2","1","1","1","1","ligand-receptor","Synaptic adhesion molecule","NeuronChat"
"NRXN3_NLGN3","NRXN3","NLGN3","1","1","1","1","ligand-receptor","Synaptic adhesion molecule","NeuronChat"
"GABA_GABRA1","GAD1;GAD2;SLC32A1","GABRA1","1;1;2","1;1","1","1","ligand-receptor","Neurotransmitter","NeuronChat"
"GABA_GABRA2","GAD1;GAD2;SLC32A1","GABRA2","1;1;2","1;1","1","1","ligand-receptor","Neurotransmitter","NeuronChat"
"GABA_GABRA3","GAD1;GAD2;SLC32A1","GABRA3","1;1;2","1;1","1","1","ligand-receptor","Neurotransmitter","NeuronChat"
"GABA_GABRA4","GAD1;GAD2;SLC32A1","GABRA4","1;1;2","1;1","1","1","ligand-receptor","Neurotransmitter","NeuronChat"
"GABA_GABRA5","GAD1;GAD2;SLC32A1","GABRA5","1;1;2","1;1","1","1","ligand-receptor","Neurotransmitter","NeuronChat"
"GABA_GABRA6","GAD1;GAD2;SLC32A1","GABRA6","1;1;2","1;1","1","1","ligand-receptor","Neurotransmitter","NeuronChat"
"GABA_GABRB1","GAD1;GAD2;SLC32A1","GABRB1","1;1;2","1;1","1","1","ligand-receptor","Neurotransmitter","NeuronChat"
"GABA_GABRB2","GAD1;GAD2;SLC32A1","GABRB2","1;1;2","1;1","1","1","ligand-receptor","Neurotransmitter","NeuronChat"
"GABA_GABRB3","GAD1;GAD2;SLC32A1","GABRB3","1;1;2","1;1","1","1","ligand-receptor","Neurotransmitter","NeuronChat"
"GABA_GABRG1","GAD1;GAD2;SLC32A1","GABRG1","1;1;2","1;1","1","1","ligand-receptor","Neurotransmitter","NeuronChat"
"GABA_GABRG2","GAD1;GAD2;SLC32A1","GABRG2","1;1;2","1;1","1","1","ligand-receptor","Neurotransmitter","NeuronChat"
"GABA_GABRG3","GAD1;GAD2;SLC32A1","GABRG3","1;1;2","1;1","1","1","ligand-receptor","Neurotransmitter","NeuronChat"
"GABA_GABBR1","GAD1;GAD2;SLC32A1","GABBR1","1;1;2","1;1","1","1","ligand-receptor","Neurotransmitter","NeuronChat"
"GABA_GABBR2","GAD1;GAD2;SLC32A1","GABBR2","1;1;2","1;1","1","1","ligand-receptor","Neurotransmitter","NeuronChat"
"GJA1_GJA1","GJA1","GJA1","1","1","1","1","ligand-receptor","Gap junction protein","NeuronChat"
"GJA3_GJA3","GJA3","GJA3","1","1","1","1","ligand-receptor","Gap junction protein","NeuronChat"
"GJA4_GJA4","GJA4","GJA4","1","1","1","1","ligand-receptor","Gap junction protein","NeuronChat"
"GJA5_GJA5","GJA5","GJA5","1","1","1","1","ligand-receptor","Gap junction protein","NeuronChat"
"GJA8_GJA8","GJA8","GJA8","1","1","1","1","ligand-receptor","Gap junction protein","NeuronChat"
"GJA10_GJA10","GJA10","GJA10","1","1","1","1","ligand-receptor","Gap junction protein","NeuronChat"
"GJB1_GJB1","GJB1","GJB1","1","1","1","1","ligand-receptor","Gap junction protein","NeuronChat"
"GJB2_GJB2","GJB2","GJB2","1","1","1","1","ligand-receptor","Gap junction protein","NeuronChat"
"GJB3_GJB3","GJB3","GJB3","1","1","1","1","ligand-receptor","Gap junction protein","NeuronChat"
"GJB4_GJB4","GJB4","GJB4","1","1","1","1","ligand-receptor","Gap junction protein","NeuronChat"
"GJB5_GJB5","GJB5","GJB5","1","1","1","1","ligand-receptor","Gap junction protein","NeuronChat"
"GJB6_GJB6","GJB6","GJB6","1","1","1","1","ligand-receptor","Gap junction protein","NeuronChat"
"GJC1_GJC1","GJC1","GJC1","1","1","1","1","ligand-receptor","Gap junction protein","NeuronChat"
"GJC2_GJC2","GJC2","GJC2","1","1","1","1","ligand-receptor","Gap junction protein","NeuronChat"
"GJC3_GJC3","GJC3","GJC3","1","1","1","1","ligand-receptor","Gap junction protein","NeuronChat"
"GJD2_GJD2","GJD2","GJD2","1","1","1","1","ligand-receptor","Gap junction protein","NeuronChat"
"GJD3_GJD3","GJD3","GJD3","1","1","1","1","ligand-receptor","Gap junction protein","NeuronChat"
"GJD4_GJD4","GJD4","GJD4","1","1","1","1","ligand-receptor","Gap junction protein","NeuronChat"
"GJE1_GJE1","GJE1","GJE1","1","1","1","1","ligand-receptor","Gap junction protein","NeuronChat"
"Ach_CHRNA1","CHAT;SLC18A3","CHRNA1","1;2","1;1","1","1","ligand-receptor","Neurotransmitter","NeuronChat"
"Ach_CHRNA2","CHAT;SLC18A3","CHRNA2","1;2","1;1","1","1","ligand-receptor","Neurotransmitter","NeuronChat"
"Ach_CHRNA3","CHAT;SLC18A3","CHRNA3","1;2","1;1","1","1","ligand-receptor","Neurotransmitter","NeuronChat"
"Ach_CHRNA4","CHAT;SLC18A3","CHRNA4","1;2","1;1","1","1","ligand-receptor","Neurotransmitter","NeuronChat"
"Ach_CHRNA5","CHAT;SLC18A3","CHRNA5","1;2","1;1","1","1","ligand-receptor","Neurotransmitter","NeuronChat"
"Ach_CHRNA6","CHAT;SLC18A3","CHRNA6","1;2","1;1","1","1","ligand-receptor","Neurotransmitter","NeuronChat"
"Ach_CHRNA7","CHAT;SLC18A3","CHRNA7","1;2","1;1","1","1","ligand-receptor","Neurotransmitter","NeuronChat"
"Ach_CHRNA9","CHAT;SLC18A3","CHRNA9","1;2","1;1","1","1","ligand-receptor","Neurotransmitter","NeuronChat"
"Ach_CHRNA10","CHAT;SLC18A3","CHRNA10","1;2","1;1","1","1","ligand-receptor","Neurotransmitter","NeuronChat"
"Ach_CHRNB1","CHAT;SLC18A3","CHRNB1","1;2","1;1","1","1","ligand-receptor","Neurotransmitter","NeuronChat"
"Ach_CHRNB2","CHAT;SLC18A3","CHRNB2","1;2","1;1","1","1","ligand-receptor","Neurotransmitter","NeuronChat"
"Ach_CHRNB3","CHAT;SLC18A3","CHRNB3","1;2","1;1","1","1","ligand-receptor","Neurotransmitter","NeuronChat"
"Ach_CHRNB4","CHAT;SLC18A3","CHRNB4","1;2","1;1","1","1","ligand-receptor","Neurotransmitter","NeuronChat"
"Ach_CHRND","CHAT;SLC18A3","CHRND","1;2","1;1","1","1","ligand-receptor","Neurotransmitter","NeuronChat"
"Ach_CHRNE","CHAT;SLC18A3","CHRNE","1;2","1;1","1","1","ligand-receptor","Neurotransmitter","NeuronChat"
"Ach_CHRNG","CHAT;SLC18A3","CHRNG","1;2","1;1","1","1","ligand-receptor","Neurotransmitter","NeuronChat"
"Ach_CHRM1","CHAT;SLC18A3","CHRM1","1;2","1;1","1","1","ligand-receptor","Neurotransmitter","NeuronChat"
"Ach_CHRM2","CHAT;SLC18A3","CHRM2","1;2","1;1","1","1","ligand-receptor","Neurotransmitter","NeuronChat"
"Ach_CHRM3","CHAT;SLC18A3","CHRM3","1;2","1;1","1","1","ligand-receptor","Neurotransmitter","NeuronChat"
"Ach_CHRM4","CHAT;SLC18A3","CHRM4","1;2","1;1","1","1","ligand-receptor","Neurotransmitter","NeuronChat"
"Ach_CHRM5","CHAT;SLC18A3","CHRM5","1;2","1;1","1","1","ligand-receptor","Neurotransmitter","NeuronChat"
"Ach_ACHE","CHAT;SLC18A3","ACHE","1;2","1;1","1","1","ligand degradation","Neurotransmitter","NeuronChat"
"Gly_GLRA1","SHMT1;SHMT2;SLC32A1","GLRA1","1;1;2","1;1","1","1","ligand-receptor","Neurotransmitter","NeuronChat"
"Gly_GLRA2","SHMT1;SHMT2;SLC32A1","GLRA2","1;1;2","1;1","1","1","ligand-receptor","Neurotransmitter","NeuronChat"
"Gly_GLRA3","SHMT1;SHMT2;SLC32A1","GLRA3","1;1;2","1;1","1","1","ligand-receptor","Neurotransmitter","NeuronChat"
"Gly_GLRA4","SHMT1;SHMT2;SLC32A1","GLRA4","1;1;2","1;1","1","1","ligand-receptor","Neurotransmitter","NeuronChat"
"Gly_GLRB","SHMT1;SHMT2;SLC32A1","GLRB","1;1;2","1;1","1","1","ligand-receptor","Neurotransmitter","NeuronChat"
"Gly_SLC6A9","SHMT1;SHMT2;SLC32A1","SLC6A9","1;1;2","1;1","1","1","ligand uptake","Neurotransmitter","NeuronChat"
"Gly_SLC6A5","SHMT1;SHMT2;SLC32A1","SLC6A5","1;1;2","1;1","1","1","ligand uptake","Neurotransmitter","NeuronChat"
"5HT_HTR1A","TPH1;TPH2;DDC;SLC18A1;SLC18A2","HTR1A","1;1;2;3;3","1;1;1","1","1","ligand-receptor","Neurotransmitter","NeuronChat"
"5HT_HTR1B","TPH1;TPH2;DDC;SLC18A1;SLC18A2","HTR1B","1;1;2;3;3","1;1;1","1","1","ligand-receptor","Neurotransmitter","NeuronChat"
"5HT_HTR1D","TPH1;TPH2;DDC;SLC18A1;SLC18A2","HTR1D","1;1;2;3;3","1;1;1","1","1","ligand-receptor","Neurotransmitter","NeuronChat"
"5HT_HTR1E","TPH1;TPH2;DDC;SLC18A1;SLC18A2","HTR1E","1;1;2;3;3","1;1;1","1","1","ligand-receptor","Neurotransmitter","NeuronChat"
"5HT_HTR1F","TPH1;TPH2;DDC;SLC18A1;SLC18A2","HTR1F","1;1;2;3;3","1;1;1","1","1","ligand-receptor","Neurotransmitter","NeuronChat"
"5HT_HTR2A","TPH1;TPH2;DDC;SLC18A1;SLC18A2","HTR2A","1;1;2;3;3","1;1;1","1","1","ligand-receptor","Neurotransmitter","NeuronChat"
"5HT_HTR2B","TPH1;TPH2;DDC;SLC18A1;SLC18A2","HTR2B","1;1;2;3;3","1;1;1","1","1","ligand-receptor","Neurotransmitter","NeuronChat"
"5HT_HTR2C","TPH1;TPH2;DDC;SLC18A1;SLC18A2","HTR2C","1;1;2;3;3","1;1;1","1","1","ligand-receptor","Neurotransmitter","NeuronChat"
"5HT_HTR3A","TPH1;TPH2;DDC;SLC18A1;SLC18A2","HTR3A","1;1;2;3;3","1;1;1","1","1","ligand-receptor","Neurotransmitter","NeuronChat"
"5HT_HTR3B","TPH1;TPH2;DDC;SLC18A1;SLC18A2","HTR3B","1;1;2;3;3","1;1;1","1","1","ligand-receptor","Neurotransmitter","NeuronChat"
"5HT_HTR3C","TPH1;TPH2;DDC;SLC18A1;SLC18A2","HTR3C","1;1;2;3;3","1;1;1","1","1","ligand-receptor","Neurotransmitter","NeuronChat"
"5HT_HTR3D","TPH1;TPH2;DDC;SLC18A1;SLC18A2","HTR3D","1;1;2;3;3","1;1;1","1","1","ligand-receptor","Neurotransmitter","NeuronChat"
"5HT_HTR3E","TPH1;TPH2;DDC;SLC18A1;SLC18A2","HTR3E","1;1;2;3;3","1;1;1","1","1","ligand-receptor","Neurotransmitter","NeuronChat"
"5HT_HTR4","TPH1;TPH2;DDC;SLC18A1;SLC18A2","HTR4","1;1;2;3;3","1;1;1","1","1","ligand-receptor","Neurotransmitter","NeuronChat"
"5HT_HTR5A","TPH1;TPH2;DDC;SLC18A1;SLC18A2","HTR5A","1;1;2;3;3","1;1;1","1","1","ligand-receptor","Neurotransmitter","NeuronChat"
"5HT_HTR6","TPH1;TPH2;DDC;SLC18A1;SLC18A2","HTR6","1;1;2;3;3","1;1;1","1","1","ligand-receptor","Neurotransmitter","NeuronChat"
"5HT_HTR7","TPH1;TPH2;DDC;SLC18A1;SLC18A2","HTR7","1;1;2;3;3","1;1;1","1","1","ligand-receptor","Neurotransmitter","NeuronChat"
"5HT_SLC6A4","TPH1;TPH2;DDC;SLC18A1;SLC18A2","SLC6A4","1;1;2;3;3","1;1;1","1","1","ligand uptake","Neurotransmitter","NeuronChat"
"DA_DRD1","TH;DDC;SLC18A1;SLC18A2","DRD1","1;2;3;3","1;1;1","1","1","ligand-receptor","Neurotransmitter","NeuronChat"
"DA_DRD5","TH;DDC;SLC18A1;SLC18A2","DRD5","1;2;3;3","1;1;1","1","1","ligand-receptor","Neurotransmitter","NeuronChat"
"DA_DRD2","TH;DDC;SLC18A1;SLC18A2","DRD2","1;2;3;3","1;1;1","1","1","ligand-receptor","Neurotransmitter","NeuronChat"
"DA_DRD3","TH;DDC;SLC18A1;SLC18A2","DRD3","1;2;3;3","1;1;1","1","1","ligand-receptor","Neurotransmitter","NeuronChat"
"DA_DRD4","TH;DDC;SLC18A1;SLC18A2","DRD4","1;2;3;3","1;1;1","1","1","ligand-receptor","Neurotransmitter","NeuronChat"
"DA_SLC6A3","TH;DDC;SLC18A1;SLC18A2","SLC6A3","1;2;3;3","1;1;1","1","1","ligand uptake","Neurotransmitter","NeuronChat"
"DA_COMT","TH;DDC;SLC18A1;SLC18A2","COMT","1;2;3;3","1;1;1","1","1","ligand degradation","Neurotransmitter","NeuronChat"
"Epi_ADRA1A","TH;DDC;DBH;PNMT;SLC18A1;SLC18A2","ADRA1A","1;2;3;4;5;5","1;1;1;1;1","1","1","ligand-receptor","Neurotransmitter","NeuronChat"
"Epi_ADRA1B","TH;DDC;DBH;PNMT;SLC18A1;SLC18A2","ADRA1B","1;2;3;4;5;5","1;1;1;1;1","1","1","ligand-receptor","Neurotransmitter","NeuronChat"
"Epi_ADRA1D","TH;DDC;DBH;PNMT;SLC18A1;SLC18A2","ADRA1D","1;2;3;4;5;5","1;1;1;1;1","1","1","ligand-receptor","Neurotransmitter","NeuronChat"
"Epi_ADRA2A","TH;DDC;DBH;PNMT;SLC18A1;SLC18A2","ADRA2A","1;2;3;4;5;5","1;1;1;1;1","1","1","ligand-receptor","Neurotransmitter","NeuronChat"
"Epi_ADRA2B","TH;DDC;DBH;PNMT;SLC18A1;SLC18A2","ADRA2B","1;2;3;4;5;5","1;1;1;1;1","1","1","ligand-receptor","Neurotransmitter","NeuronChat"
"Epi_ADRA2C","TH;DDC;DBH;PNMT;SLC18A1;SLC18A2","ADRA2C","1;2;3;4;5;5","1;1;1;1;1","1","1","ligand-receptor","Neurotransmitter","NeuronChat"
"Epi_ADRB1","TH;DDC;DBH;PNMT;SLC18A1;SLC18A2","ADRB1","1;2;3;4;5;5","1;1;1;1;1","1","1","ligand-receptor","Neurotransmitter","NeuronChat"
"Epi_ADRB2","TH;DDC;DBH;PNMT;SLC18A1;SLC18A2","ADRB2","1;2;3;4;5;5","1;1;1;1;1","1","1","ligand-receptor","Neurotransmitter","NeuronChat"
"Epi_ADRB3","TH;DDC;DBH;PNMT;SLC18A1;SLC18A2","ADRB3","1;2;3;4;5;5","1;1;1;1;1","1","1","ligand-receptor","Neurotransmitter","NeuronChat"
"NE_ADRA1A","TH;DDC;DBH;SLC18A1;SLC18A2","ADRA1A","1;2;3;4;4","1;1;1;1","1","1","ligand-receptor","Neurotransmitter","NeuronChat"
"NE_ADRA1B","TH;DDC;DBH;SLC18A1;SLC18A2","ADRA1B","1;2;3;4;4","1;1;1;1","1","1","ligand-receptor","Neurotransmitter","NeuronChat"
"NE_ADRA1D","TH;DDC;DBH;SLC18A1;SLC18A2","ADRA1D","1;2;3;4;4","1;1;1;1","1","1","ligand-receptor","Neurotransmitter","NeuronChat"
"NE_ADRA2A","TH;DDC;DBH;SLC18A1;SLC18A2","ADRA2A","1;2;3;4;4","1;1;1;1","1","1","ligand-receptor","Neurotransmitter","NeuronChat"
"NE_ADRA2B","TH;DDC;DBH;SLC18A1;SLC18A2","ADRA2B","1;2;3;4;4","1;1;1;1","1","1","ligand-receptor","Neurotransmitter","NeuronChat"
"NE_ADRA2C","TH;DDC;DBH;SLC18A1;SLC18A2","ADRA2C","1;2;3;4;4","1;1;1;1","1","1","ligand-receptor","Neurotransmitter","NeuronChat"
"NE_ADRB1","TH;DDC;DBH;SLC18A1;SLC18A2","ADRB1","1;2;3;4;4","1;1;1;1","1","1","ligand-receptor","Neurotransmitter","NeuronChat"
"NE_ADRB2","TH;DDC;DBH;SLC18A1;SLC18A2","ADRB2","1;2;3;4;4","1;1;1;1","1","1","ligand-receptor","Neurotransmitter","NeuronChat"
"NE_ADRB3","TH;DDC;DBH;SLC18A1;SLC18A2","ADRB3","1;2;3;4;4","1;1;1;1","1","1","ligand-receptor","Neurotransmitter","NeuronChat"
"NE_SLC6A2","TH;DDC;DBH;SLC18A1;SLC18A2","SLC6A2","1;2;3;4;4","1;1;1;1","1","1","ligand uptake","Neurotransmitter","NeuronChat"
"NE_COMT","TH;DDC;DBH;SLC18A1;SLC18A2","COMT","1;2;3;4;4","1;1;1;1","1","1","ligand degradation","Neurotransmitter","NeuronChat"
"CO_GUCY1B1","HMOX1;HMOX2","GUCY1B1","1;1","1","1","1","gas-effector","Gas","NeuronChat"
"CO_GUCY1B2","HMOX1;HMOX2","GUCY1B2","1;1","1","1","1","gas-effector","Gas","NeuronChat"
"CO_GUCY1A1","HMOX1;HMOX2","GUCY1A1","1;1","1","1","1","gas-effector","Gas","NeuronChat"
"CO_GUCY1A2","HMOX1;HMOX2","GUCY1A2","1;1","1","1","1","gas-effector","Gas","NeuronChat"
"NO_GUCY1B1","NOS1;NOS2;NOS3","GUCY1B1","1;1;1","1","1","1","gas-effector","Gas","NeuronChat"
"NO_GUCY1B2","NOS1;NOS2;NOS3","GUCY1B2","1;1;1","1","1","1","gas-effector","Gas","NeuronChat"
"NO_GUCY1A1","NOS1;NOS2;NOS3","GUCY1A1","1;1;1","1","1","1","gas-effector","Gas","NeuronChat"
"NO_GUCY1A2","NOS1;NOS2;NOS3","GUCY1A2","1;1;1","1","1","1","gas-effector","Gas","NeuronChat"
"NRXN2_NLGN1","NRXN2","NLGN1","1","1","1","1","ligand-receptor","Synaptic adhesion molecule","NeuronChat"
"NRXN3_NLGN1","NRXN3","NLGN1","1","1","1","1","ligand-receptor","Synaptic adhesion molecule","NeuronChat"
"NRXN1_NLGN2","NRXN1","NLGN2","1","1","1","1","ligand-receptor","Synaptic adhesion molecule","NeuronChat"
"NRXN3_NLGN2","NRXN3","NLGN2","1","1","1","1","ligand-receptor","Synaptic adhesion molecule","NeuronChat"
"NRXN1_NLGN3","NRXN1","NLGN3","1","1","1","1","ligand-receptor","Synaptic adhesion molecule","NeuronChat"
"NRXN2_NLGN3","NRXN2","NLGN3","1","1","1","1","ligand-receptor","Synaptic adhesion molecule","NeuronChat"
"NRXN1_NLGN4X","NRXN1","NLGN4X","1","1","1","1","ligand-receptor","Synaptic adhesion molecule","NeuronChat"
"NRXN2_NLGN4X","NRXN2","NLGN4X","1","1","1","1","ligand-receptor","Synaptic adhesion molecule","NeuronChat"
"NRXN3_NLGN4X","NRXN3","NLGN4X","1","1","1","1","ligand-receptor","Synaptic adhesion molecule","NeuronChat"
"NRXN1_NLGN4Y","NRXN1","NLGN4Y","1","1","1","1","ligand-receptor","Synaptic adhesion molecule","NeuronChat"
"NRXN2_NLGN4Y","NRXN2","NLGN4Y","1","1","1","1","ligand-receptor","Synaptic adhesion molecule","NeuronChat"
"NRXN3_NLGN4Y","NRXN3","NLGN4Y","1","1","1","1","ligand-receptor","Synaptic adhesion molecule","NeuronChat"
"TGFB1_TGFBR1_TGFBR2","TGFB1","TGFBR2;TGFBR1","1","1","1;1","1","Secreted Signaling","growth factor","CellChat"
"TGFB2_TGFBR1_TGFBR2","TGFB2","TGFBR2;TGFBR1","1","1","1;1","1","Secreted Signaling","growth factor","CellChat"
"TGFB3_TGFBR1_TGFBR2","TGFB3","TGFBR2;TGFBR1","1","1","1;1","1","Secreted Signaling","cytokine;growth factor","CellChat"
"TGFB1_ACVR1B_TGFBR2","TGFB1","TGFBR2;ACVR1B","1","1","1;1","1","Secreted Signaling","growth factor","CellChat"
"TGFB1_ACVR1C_TGFBR2","TGFB1","TGFBR2;ACVR1C","1","1","1;1","1","Secreted Signaling","growth factor","CellChat"
"TGFB2_ACVR1B_TGFBR2","TGFB2","TGFBR2;ACVR1B","1","1","1;1","1","Secreted Signaling","growth factor","CellChat"
"TGFB2_ACVR1C_TGFBR2","TGFB2","TGFBR2;ACVR1C","1","1","1;1","1","Secreted Signaling","growth factor","CellChat"
"TGFB3_ACVR1B_TGFBR2","TGFB3","TGFBR2;ACVR1B","1","1","1;1","1","Secreted Signaling","cytokine;growth factor","CellChat"
"TGFB3_ACVR1C_TGFBR2","TGFB3","TGFBR2;ACVR1C","1","1","1;1","1","Secreted Signaling","cytokine;growth factor","CellChat"
"TGFB1_ACVR1_TGFBR1","TGFB1","TGFBR2;ACVR1;TGFBR1","1","1","1;1;1","1","Secreted Signaling","growth factor","CellChat"
"TGFB2_ACVR1_TGFBR1","TGFB2","TGFBR2;ACVR1;TGFBR1","1","1","1;1;1","1","Secreted Signaling","growth factor","CellChat"
"TGFB3_ACVR1_TGFBR1","TGFB3","TGFBR2;ACVR1;TGFBR1","1","1","1;1;1","1","Secreted Signaling","cytokine;growth factor","CellChat"
"BMP2_BMPR1A_ACVR2A","BMP2","ACVR2A;BMPR1A","1","1","1;1","1","Secreted Signaling","cytokine;growth factor","CellChat"
"BMP2_BMPR1A_ACVR2B","BMP2","ACVR2B;BMPR1A","1","1","1;1","1","Secreted Signaling","cytokine;growth factor","CellChat"
"BMP2_BMPR1A_BMPR2","BMP2","BMPR2;BMPR1A","1","1","1;1","1","Secreted Signaling","cytokine;growth factor","CellChat"
"BMP2_BMPR1B_ACVR2A","BMP2","BMPR1B;ACVR2A","1","1","1;1","1","Secreted Signaling","cytokine;growth factor","CellChat"
"BMP2_BMPR1B_ACVR2B","BMP2","BMPR1B;ACVR2B","1","1","1;1","1","Secreted Signaling","cytokine;growth factor","CellChat"
"BMP2_BMPR1B_BMPR2","BMP2","BMPR1B;BMPR2","1","1","1;1","1","Secreted Signaling","cytokine;growth factor","CellChat"
"BMP4_BMPR1A_ACVR2A","BMP4","ACVR2A;BMPR1A","1","1","1;1","1","Secreted Signaling","cytokine;growth factor","CellChat"
"BMP4_BMPR1A_ACVR2B","BMP4","ACVR2B;BMPR1A","1","1","1;1","1","Secreted Signaling","cytokine;growth factor","CellChat"
"BMP4_BMPR1A_BMPR2","BMP4","BMPR2;BMPR1A","1","1","1;1","1","Secreted Signaling","cytokine;growth factor","CellChat"
"BMP4_BMPR1B_ACVR2A","BMP4","BMPR1B;ACVR2A","1","1","1;1","1","Secreted Signaling","cytokine;growth factor","CellChat"
"BMP4_BMPR1B_ACVR2B","BMP4","BMPR1B;ACVR2B","1","1","1;1","1","Secreted Signaling","cytokine;growth factor","CellChat"
"BMP4_BMPR1B_BMPR2","BMP4","BMPR1B;BMPR2","1","1","1;1","1","Secreted Signaling","cytokine;growth factor","CellChat"
"GDF5_BMPR1A_ACVR2A","GDF5","ACVR2A;BMPR1A","1","1","1;1","1","Secreted Signaling","cytokine;growth factor","CellChat"
"GDF5_BMPR1A_ACVR2B","GDF5","ACVR2B;BMPR1A","1","1","1;1","1","Secreted Signaling","cytokine;growth factor","CellChat"
"GDF5_BMPR1A_BMPR2","GDF5","BMPR2;BMPR1A","1","1","1;1","1","Secreted Signaling","cytokine;growth factor","CellChat"
"GDF5_BMPR1B_ACVR2A","GDF5","BMPR1B;ACVR2A","1","1","1;1","1","Secreted Signaling","cytokine;growth factor","CellChat"
"GDF5_BMPR1B_ACVR2B","GDF5","BMPR1B;ACVR2B","1","1","1;1","1","Secreted Signaling","cytokine;growth factor","CellChat"
"GDF5_BMPR1B_BMPR2","GDF5","BMPR1B;BMPR2","1","1","1;1","1","Secreted Signaling","cytokine;growth factor","CellChat"
"GDF6_BMPR1A_ACVR2A","GDF6","ACVR2A;BMPR1A","1","1","1;1","1","Secreted Signaling","cytokine;growth factor","CellChat"
"GDF6_BMPR1A_ACVR2B","GDF6","ACVR2B;BMPR1A","1","1","1;1","1","Secreted Signaling","cytokine;growth factor","CellChat"
"GDF6_BMPR1A_BMPR2","GDF6","BMPR2;BMPR1A","1","1","1;1","1","Secreted Signaling","cytokine;growth factor","CellChat"
"GDF6_BMPR1B_ACVR2A","GDF6","BMPR1B;ACVR2A","1","1","1;1","1","Secreted Signaling","cytokine;growth factor","CellChat"
"GDF6_BMPR1B_ACVR2B","GDF6","BMPR1B;ACVR2B","1","1","1;1","1","Secreted Signaling","cytokine;growth factor","CellChat"
"GDF6_BMPR1B_BMPR2","GDF6","BMPR1B;BMPR2","1","1","1;1","1","Secreted Signaling","cytokine;growth factor","CellChat"
"GDF7_BMPR1A_ACVR2A","GDF7","ACVR2A;BMPR1A","1","1","1;1","1","Secreted Signaling","cytokine;growth factor","CellChat"
"GDF7_BMPR1A_ACVR2B","GDF7","ACVR2B;BMPR1A","1","1","1;1","1","Secreted Signaling","cytokine;growth factor","CellChat"
"GDF7_BMPR1A_BMPR2","GDF7","BMPR2;BMPR1A","1","1","1;1","1","Secreted Signaling","cytokine;growth factor","CellChat"
"GDF7_BMPR1B_ACVR2A","GDF7","BMPR1B;ACVR2A","1","1","1;1","1","Secreted Signaling","cytokine;growth factor","CellChat"
"GDF7_BMPR1B_ACVR2B","GDF7","BMPR1B;ACVR2B","1","1","1;1","1","Secreted Signaling","cytokine;growth factor","CellChat"
"GDF7_BMPR1B_BMPR2","GDF7","BMPR1B;BMPR2","1","1","1;1","1","Secreted Signaling","cytokine;growth factor","CellChat"
"BMP15_BMPR1B_BMPR2","BMP15","BMPR1B;BMPR2","1","1","1;1","1","Secreted Signaling","cytokine;growth factor","CellChat"
"BMP5_ACVR1_ACVR2A","BMP5","ACVR1;ACVR2A","1","1","1;1","1","Secreted Signaling","cytokine;growth factor","CellChat"
"BMP5_ACVR1_ACVR2B","BMP5","ACVR1;ACVR2B","1","1","1;1","1","Secreted Signaling","cytokine;growth factor","CellChat"
"BMP5_ACVR1_BMPR2","BMP5","BMPR2;ACVR1","1","1","1;1","1","Secreted Signaling","cytokine;growth factor","CellChat"
"BMP5_BMPR1A_ACVR2A","BMP5","ACVR2A;BMPR1A","1","1","1;1","1","Secreted Signaling","cytokine;growth factor","CellChat"
"BMP5_BMPR1A_ACVR2B","BMP5","ACVR2B;BMPR1A","1","1","1;1","1","Secreted Signaling","cytokine;growth factor","CellChat"
"BMP5_BMPR1A_BMPR2","BMP5","BMPR2;BMPR1A","1","1","1;1","1","Secreted Signaling","cytokine;growth factor","CellChat"
"BMP5_BMPR1B_ACVR2A","BMP5","BMPR1B;ACVR2A","1","1","1;1","1","Secreted Signaling","cytokine;growth factor","CellChat"
"BMP5_BMPR1B_ACVR2B","BMP5","BMPR1B;ACVR2B","1","1","1;1","1","Secreted Signaling","cytokine;growth factor","CellChat"
"BMP5_BMPR1B_BMPR2","BMP5","BMPR1B;BMPR2","1","1","1;1","1","Secreted Signaling","cytokine;growth factor","CellChat"
"BMP6_ACVR1_ACVR2A","BMP6","ACVR1;ACVR2A","1","1","1;1","1","Secreted Signaling","cytokine;growth factor","CellChat"
"BMP6_ACVR1_ACVR2B","BMP6","ACVR1;ACVR2B","1","1","1;1","1","Secreted Signaling","cytokine;growth factor","CellChat"
"BMP6_ACVR1_BMPR2","BMP6","BMPR2;ACVR1","1","1","1;1","1","Secreted Signaling","cytokine;growth factor","CellChat"
"BMP6_BMPR1A_ACVR2A","BMP6","ACVR2A;BMPR1A","1","1","1;1","1","Secreted Signaling","cytokine;growth factor","CellChat"
"BMP6_BMPR1A_ACVR2B","BMP6","ACVR2B;BMPR1A","1","1","1;1","1","Secreted Signaling","cytokine;growth factor","CellChat"
"BMP6_BMPR1A_BMPR2","BMP6","BMPR2;BMPR1A","1","1","1;1","1","Secreted Signaling","cytokine;growth factor","CellChat"
"BMP6_BMPR1B_ACVR2A","BMP6","BMPR1B;ACVR2A","1","1","1;1","1","Secreted Signaling","cytokine;growth factor","CellChat"
"BMP6_BMPR1B_ACVR2B","BMP6","BMPR1B;ACVR2B","1","1","1;1","1","Secreted Signaling","cytokine;growth factor","CellChat"
"BMP6_BMPR1B_BMPR2","BMP6","BMPR1B;BMPR2","1","1","1;1","1","Secreted Signaling","cytokine;growth factor","CellChat"
"BMP7_ACVR1_ACVR2A","BMP7","ACVR1;ACVR2A","1","1","1;1","1","Secreted Signaling","cytokine;growth factor","CellChat"
"BMP7_ACVR1_ACVR2B","BMP7","ACVR1;ACVR2B","1","1","1;1","1","Secreted Signaling","cytokine;growth factor","CellChat"
"BMP7_ACVR1_BMPR2","BMP7","BMPR2;ACVR1","1","1","1;1","1","Secreted Signaling","cytokine;growth factor","CellChat"
"BMP7_BMPR1A_ACVR2A","BMP7","ACVR2A;BMPR1A","1","1","1;1","1","Secreted Signaling","cytokine;growth factor","CellChat"
"BMP7_BMPR1A_ACVR2B","BMP7","ACVR2B;BMPR1A","1","1","1;1","1","Secreted Signaling","cytokine;growth factor","CellChat"
"BMP7_BMPR1A_BMPR2","BMP7","BMPR2;BMPR1A","1","1","1;1","1","Secreted Signaling","cytokine;growth factor","CellChat"
"BMP7_BMPR1B_ACVR2A","BMP7","BMPR1B;ACVR2A","1","1","1;1","1","Secreted Signaling","cytokine;growth factor","CellChat"
"BMP7_BMPR1B_ACVR2B","BMP7","BMPR1B;ACVR2B","1","1","1;1","1","Secreted Signaling","cytokine;growth factor","CellChat"
"BMP7_BMPR1B_BMPR2","BMP7","BMPR1B;BMPR2","1","1","1;1","1","Secreted Signaling","cytokine;growth factor","CellChat"
"BMP8A_ACVR1_ACVR2A","BMP8A","ACVR1;ACVR2A","1","1","1;1","1","Secreted Signaling","cytokine;growth factor","CellChat"
"BMP8A_ACVR1_ACVR2B","BMP8A","ACVR1;ACVR2B","1","1","1;1","1","Secreted Signaling","cytokine;growth factor","CellChat"
"BMP8A_ACVR1_BMPR2","BMP8A","BMPR2;ACVR1","1","1","1;1","1","Secreted Signaling","cytokine;growth factor","CellChat"
"BMP8A_BMPR1A_ACVR2A","BMP8A","ACVR2A;BMPR1A","1","1","1;1","1","Secreted Signaling","cytokine;growth factor","CellChat"
"BMP8A_BMPR1A_ACVR2B","BMP8A","ACVR2B;BMPR1A","1","1","1;1","1","Secreted Signaling","cytokine;growth factor","CellChat"
"BMP8A_BMPR1A_BMPR2","BMP8A","BMPR2;BMPR1A","1","1","1;1","1","Secreted Signaling","cytokine;growth factor","CellChat"
"BMP8A_BMPR1B_ACVR2A","BMP8A","BMPR1B;ACVR2A","1","1","1;1","1","Secreted Signaling","cytokine;growth factor","CellChat"
"BMP8A_BMPR1B_ACVR2B","BMP8A","BMPR1B;ACVR2B","1","1","1;1","1","Secreted Signaling","cytokine;growth factor","CellChat"
"BMP8A_BMPR1B_BMPR2","BMP8A","BMPR1B;BMPR2","1","1","1;1","1","Secreted Signaling","cytokine;growth factor","CellChat"
"BMP8B_ACVR1_ACVR2A","BMP8B","ACVR1;ACVR2A","1","1","1;1","1","Secreted Signaling","","CellChat"
"BMP8B_ACVR1_ACVR2B","BMP8B","ACVR1;ACVR2B","1","1","1;1","1","Secreted Signaling","","CellChat"
"BMP8B_ACVR1_BMPR2","BMP8B","BMPR2;ACVR1","1","1","1;1","1","Secreted Signaling","","CellChat"
"BMP8B_BMPR1A_ACVR2A","BMP8B","ACVR2A;BMPR1A","1","1","1;1","1","Secreted Signaling","","CellChat"
"BMP8B_BMPR1A_ACVR2B","BMP8B","ACVR2B;BMPR1A","1","1","1;1","1","Secreted Signaling","","CellChat"
"BMP8B_BMPR1A_BMPR2","BMP8B","BMPR2;BMPR1A","1","1","1;1","1","Secreted Signaling","","CellChat"
"BMP8B_BMPR1B_ACVR2A","BMP8B","BMPR1B;ACVR2A","1","1","1;1","1","Secreted Signaling","","CellChat"
"BMP8B_BMPR1B_ACVR2B","BMP8B","BMPR1B;ACVR2B","1","1","1;1","1","Secreted Signaling","","CellChat"
"BMP8B_BMPR1B_BMPR2","BMP8B","BMPR1B;BMPR2","1","1","1;1","1","Secreted Signaling","","CellChat"
"BMP10_ACVRL1_BMPR2","BMP10","BMPR2;ACVRL1","1","1","1;1","1","Secreted Signaling","cytokine;growth factor","CellChat"
"BMP10_ACVRL1_ACVR2A","BMP10","ACVR2A;ACVRL1","1","1","1;1","1","Secreted Signaling","cytokine;growth factor","CellChat"
"GDF2_ACVRL1_BMPR2","GDF2","BMPR2;ACVRL1","1","1","1;1","1","Secreted Signaling","cytokine;growth factor","CellChat"
"GDF2_ACVRL1_ACVR2A","GDF2","ACVR2A;ACVRL1","1","1","1;1","1","Secreted Signaling","cytokine;growth factor","CellChat"
"GDF9_ACVR1B_BMPR2","GDF9","BMPR2;ACVR1B","1","1","1;1","1","Secreted Signaling","cytokine;growth factor","CellChat"
"GDF10_ACVR1B_ACVR2A","GDF10","ACVR1B;ACVR2A","1","1","1;1","1","Secreted Signaling","cytokine;growth factor","CellChat"
"GDF11_TGFBR1_ACVR2A","GDF11","ACVR2A;TGFBR1","1","1","1;1","1","Secreted Signaling","cytokine;growth factor","CellChat"
"GDF11_TGFBR1_ACVR2B","GDF11","ACVR2B;TGFBR1","1","1","1;1","1","Secreted Signaling","cytokine;growth factor","CellChat"
"GDF11_ACVR1B_ACVR2B","GDF11","ACVR1B;ACVR2B","1","1","1;1","1","Secreted Signaling","cytokine;growth factor","CellChat"
"GDF15_TGFBR2","GDF15","TGFBR2","1","1","1","1","Secreted Signaling","","CellChat"
"MSTN_TGFBR1_ACVR2B","MSTN","ACVR2B;TGFBR1","1","1","1;1","1","Secreted Signaling","cytokine;growth factor","CellChat"
"MSTN_ACVR1B_ACVR2B","MSTN","ACVR1B;ACVR2B","1","1","1;1","1","Secreted Signaling","cytokine;growth factor","CellChat"
"MSTN_ACVR1B_ACVR2A","MSTN","ACVR1B;ACVR2A","1","1","1;1","1","Secreted Signaling","cytokine;growth factor","CellChat"
"MSTN_TGFBR1_ACVR2A","MSTN","ACVR2A;TGFBR1","1","1","1;1","1","Secreted Signaling","cytokine;growth factor","CellChat"
"AMH_AMHR2_ACVR1","AMH","ACVR1;AMHR2","1","1","1;1","1","Secreted Signaling","growth factor","CellChat"
"AMH_AMHR2_BMPR1A","AMH","AMHR2;BMPR1A","1","1","1;1","1","Secreted Signaling","growth factor","CellChat"
"GDNF_GFRA1","GDNF","GFRA1;RET","1","1","1;1","1","Secreted Signaling","growth factor","CellChat"
"NRTN_GFRA2","NRTN","GFRA2;RET","1","1","1;1","1","Secreted Signaling","growth factor","CellChat"
"ARTN_GFRA3","ARTN","GFRA3;RET","1","1","1;1","1","Secreted Signaling","growth factor","CellChat"
"PSPN_GFRA4","PSPN","GFRA4;RET","1","1","1;1","1","Secreted Signaling","growth factor","CellChat"
"ARTN_GFRA1","ARTN","GFRA1;RET","1","1","1;1","1","Secreted Signaling","growth factor","CellChat"
"NODAL_ACVR1B_ACVR2A","NODAL","ACVR1B;ACVR2A;CFC1","1","1","1;1;1","1","Secreted Signaling","cytokine;growth factor","CellChat"
"NODAL_ACVR1C_ACVR2A","NODAL","ACVR1C;ACVR2A;CFC1","1","1","1;1;1","1","Secreted Signaling","cytokine;growth factor","CellChat"
"NODAL_ACVR1B_ACVR2B","NODAL","ACVR1B;ACVR2B;CFC1","1","1","1;1;1","1","Secreted Signaling","cytokine;growth factor","CellChat"
"NODAL_ACVR1C_ACVR2B","NODAL","ACVR1C;ACVR2B;CFC1","1","1","1;1;1","1","Secreted Signaling","cytokine;growth factor","CellChat"
"GDF1_ACVR1B_ACVR2A","GDF1","ACVR1B;ACVR2A;CFC1","1","1","1;1;1","1","Secreted Signaling","cytokine;growth factor","CellChat"
"GDF1_ACVR1B_ACVR2B","GDF1","ACVR1B;ACVR2B;CFC1","1","1","1;1;1","1","Secreted Signaling","cytokine;growth factor","CellChat"
"GDF1_ACVR1C_ACVR2A","GDF1","ACVR1C;ACVR2A;CFC1","1","1","1;1;1","1","Secreted Signaling","cytokine;growth factor","CellChat"
"GDF1_ACVR1C_ACVR2B","GDF1","ACVR1C;ACVR2B;CFC1","1","1","1;1;1","1","Secreted Signaling","cytokine;growth factor","CellChat"
"GDF3_ACVR1B_ACVR2A","GDF3","ACVR1B;ACVR2A;CFC1","1","1","1;1;1","1","Secreted Signaling","cytokine;growth factor","CellChat"
"GDF3_ACVR1B_ACVR2B","GDF3","ACVR1B;ACVR2B;CFC1","1","1","1;1;1","1","Secreted Signaling","cytokine;growth factor","CellChat"
"GDF3_ACVR1C_ACVR2A","GDF3","ACVR1C;ACVR2A;CFC1","1","1","1;1;1","1","Secreted Signaling","cytokine;growth factor","CellChat"
"GDF3_ACVR1C_ACVR2B","GDF3","ACVR1C;ACVR2B;CFC1","1","1","1;1;1","1","Secreted Signaling","cytokine;growth factor","CellChat"
"INHBA_ACVR1B_ACVR2A","INHBA","ACVR1B;ACVR2A","1","1","1;1","1","Secreted Signaling","growth factor;hormone","CellChat"
"INHBA_ACVR1B_ACVR2B","INHBA","ACVR1B;ACVR2B","1","1","1;1","1","Secreted Signaling","growth factor;hormone","CellChat"
"INHBB_ACVR1B_ACVR2A","INHBB","ACVR1B;ACVR2A","1","1","1;1","1","Secreted Signaling","growth factor;hormone","CellChat"
"INHBB_ACVR1B_ACVR2B","INHBB","ACVR1B;ACVR2B","1","1","1;1","1","Secreted Signaling","growth factor;hormone","CellChat"
"INHBB_ACVR1C_ACVR2A","INHBB","ACVR1C;ACVR2A","1","1","1;1","1","Secreted Signaling","growth factor;hormone","CellChat"
"INHBB_ACVR1C_ACVR2B","INHBB","ACVR1C;ACVR2B","1","1","1;1","1","Secreted Signaling","growth factor;hormone","CellChat"
"INHBC_ACVR1B_ACVR2A","INHBC","ACVR1B;ACVR2A","1","1","1;1","1","Secreted Signaling","growth factor;hormone","CellChat"
"INHBC_ACVR1B_ACVR2B","INHBC","ACVR1B;ACVR2B","1","1","1;1","1","Secreted Signaling","growth factor;hormone","CellChat"
"INHBC_ACVR1C_ACVR2A","INHBC","ACVR1C;ACVR2A","1","1","1;1","1","Secreted Signaling","growth factor;hormone","CellChat"
"INHBC_ACVR1C_ACVR2B","INHBC","ACVR1C;ACVR2B","1","1","1;1","1","Secreted Signaling","growth factor;hormone","CellChat"
"INHBE_ACVR1B_ACVR2A","INHBE","ACVR1B;ACVR2A","1","1","1;1","1","Secreted Signaling","growth factor;hormone","CellChat"
"INHBE_ACVR1B_ACVR2B","INHBE","ACVR1B;ACVR2B","1","1","1;1","1","Secreted Signaling","growth factor;hormone","CellChat"
"INHBE_ACVR1C_ACVR2A","INHBE","ACVR1C;ACVR2A","1","1","1;1","1","Secreted Signaling","growth factor;hormone","CellChat"
"INHBE_ACVR1C_ACVR2B","INHBE","ACVR1C;ACVR2B","1","1","1;1","1","Secreted Signaling","growth factor;hormone","CellChat"
"INHBABB_ACVR1B_ACVR2A","INHBA;INHBB","ACVR1B;ACVR2A","1;1","1","1;1","1","Secreted Signaling","growth factor;hormone","CellChat"
"INHBABB_ACVR1B_ACVR2B","INHBA;INHBB","ACVR1B;ACVR2B","1;1","1","1;1","1","Secreted Signaling","growth factor;hormone","CellChat"
"INHBABB_ACVR1C_ACVR2A","INHBA;INHBB","ACVR1C;ACVR2A","1;1","1","1;1","1","Secreted Signaling","growth factor;hormone","CellChat"
"INHB_ACVR1C_ACVR2B","INHBA;INHBB","ACVR1C;ACVR2B","1;1","1","1;1","1","Secreted Signaling","growth factor;hormone","CellChat"
"INHABA_ACVR2A","INHBA;INHA","ACVR2A","1;1","1","1","1","Secreted Signaling","growth factor;hormone","CellChat"
"INHABB_ACVR2B","INHA;INHBB","ACVR2B","1;1","1","1","1","Secreted Signaling","growth factor;hormone","CellChat"
"WNT1_FZD1_LRP5","WNT1","FZD1;LRP5","1","1","1;1","1","Secreted Signaling","cellsignal_wnt","CellChat"
"WNT1_FZD10_LRP5","WNT1","FZD10;LRP5","1","1","1;1","1","Secreted Signaling","cellsignal_wnt","CellChat"
"WNT1_FZD2_LRP5","WNT1","FZD2;LRP5","1","1","1;1","1","Secreted Signaling","cellsignal_wnt","CellChat"
"WNT1_FZD3_LRP5","WNT1","LRP5;FZD3","1","1","1;1","1","Secreted Signaling","cellsignal_wnt","CellChat"
"WNT1_FZD4_LRP5","WNT1","FZD4;LRP5","1","1","1;1","1","Secreted Signaling","cellsignal_wnt","CellChat"
"WNT1_FZD5_LRP5","WNT1","FZD5;LRP5","1","1","1;1","1","Secreted Signaling","cellsignal_wnt","CellChat"
"WNT1_FZD6_LRP5","WNT1","FZD6;LRP5","1","1","1;1","1","Secreted Signaling","cellsignal_wnt","CellChat"
"WNT1_FZD7_LRP5","WNT1","LRP5;FZD7","1","1","1;1","1","Secreted Signaling","cellsignal_wnt","CellChat"
"WNT1_FZD8_LRP5","WNT1","FZD8;LRP5","1","1","1;1","1","Secreted Signaling","cellsignal_wnt","CellChat"
"WNT1_FZD9_LRP5","WNT1","FZD9;LRP5","1","1","1;1","1","Secreted Signaling","cellsignal_wnt","CellChat"
"WNT10A_FZD1_LRP5","WNT10A","FZD1;LRP5","1","1","1;1","1","Secreted Signaling","secreted","CellChat"
"WNT10A_FZD10_LRP5","WNT10A","FZD10;LRP5","1","1","1;1","1","Secreted Signaling","secreted","CellChat"
"WNT10A_FZD2_LRP5","WNT10A","FZD2;LRP5","1","1","1;1","1","Secreted Signaling","secreted","CellChat"
"WNT10A_FZD3_LRP5","WNT10A","LRP5;FZD3","1","1","1;1","1","Secreted Signaling","secreted","CellChat"
"WNT10A_FZD4_LRP5","WNT10A","FZD4;LRP5","1","1","1;1","1","Secreted Signaling","secreted","CellChat"
"WNT10A_FZD5_LRP5","WNT10A","FZD5;LRP5","1","1","1;1","1","Secreted Signaling","secreted","CellChat"
"WNT10A_FZD6_LRP5","WNT10A","FZD6;LRP5","1","1","1;1","1","Secreted Signaling","secreted","CellChat"
"WNT10A_FZD7_LRP5","WNT10A","LRP5;FZD7","1","1","1;1","1","Secreted Signaling","secreted","CellChat"
"WNT10A_FZD8_LRP5","WNT10A","FZD8;LRP5","1","1","1;1","1","Secreted Signaling","secreted","CellChat"
"WNT10A_FZD9_LRP5","WNT10A","FZD9;LRP5","1","1","1;1","1","Secreted Signaling","secreted","CellChat"
"WNT10B_FZD1_LRP5","WNT10B","FZD1;LRP5","1","1","1;1","1","Secreted Signaling","","CellChat"
"WNT10B_FZD10_LRP5","WNT10B","FZD10;LRP5","1","1","1;1","1","Secreted Signaling","","CellChat"
"WNT10B_FZD2_LRP5","WNT10B","FZD2;LRP5","1","1","1;1","1","Secreted Signaling","","CellChat"
"WNT10B_FZD3_LRP5","WNT10B","LRP5;FZD3","1","1","1;1","1","Secreted Signaling","","CellChat"
"WNT10B_FZD4_LRP5","WNT10B","FZD4;LRP5","1","1","1;1","1","Secreted Signaling","","CellChat"
"WNT10B_FZD5_LRP5","WNT10B","FZD5;LRP5","1","1","1;1","1","Secreted Signaling","","CellChat"
"WNT10B_FZD6_LRP5","WNT10B","FZD6;LRP5","1","1","1;1","1","Secreted Signaling","","CellChat"
"WNT10B_FZD7_LRP5","WNT10B","LRP5;FZD7","1","1","1;1","1","Secreted Signaling","","CellChat"
"WNT10B_FZD8_LRP5","WNT10B","FZD8;LRP5","1","1","1;1","1","Secreted Signaling","","CellChat"
"WNT10B_FZD9_LRP5","WNT10B","FZD9;LRP5","1","1","1;1","1","Secreted Signaling","","CellChat"
"WNT16_FZD1_LRP5","WNT16","FZD1;LRP5","1","1","1;1","1","Secreted Signaling","cellsignal_wnt","CellChat"
"WNT16_FZD10_LRP5","WNT16","FZD10;LRP5","1","1","1;1","1","Secreted Signaling","cellsignal_wnt","CellChat"
"WNT16_FZD2_LRP5","WNT16","FZD2;LRP5","1","1","1;1","1","Secreted Signaling","cellsignal_wnt","CellChat"
"WNT16_FZD3_LRP5","WNT16","LRP5;FZD3","1","1","1;1","1","Secreted Signaling","cellsignal_wnt","CellChat"
"WNT16_FZD4_LRP5","WNT16","FZD4;LRP5","1","1","1;1","1","Secreted Signaling","cellsignal_wnt","CellChat"
"WNT16_FZD5_LRP5","WNT16","FZD5;LRP5","1","1","1;1","1","Secreted Signaling","cellsignal_wnt","CellChat"
"WNT16_FZD6_LRP5","WNT16","FZD6;LRP5","1","1","1;1","1","Secreted Signaling","cellsignal_wnt","CellChat"
"WNT16_FZD7_LRP5","WNT16","LRP5;FZD7","1","1","1;1","1","Secreted Signaling","cellsignal_wnt","CellChat"
"WNT16_FZD8_LRP5","WNT16","FZD8;LRP5","1","1","1;1","1","Secreted Signaling","cellsignal_wnt","CellChat"
"WNT16_FZD9_LRP5","WNT16","FZD9;LRP5","1","1","1;1","1","Secreted Signaling","cellsignal_wnt","CellChat"
"WNT2_FZD1_LRP5","WNT2","FZD1;LRP5","1","1","1;1","1","Secreted Signaling","cellsignal_wnt","CellChat"
"WNT2_FZD10_LRP5","WNT2","FZD10;LRP5","1","1","1;1","1","Secreted Signaling","cellsignal_wnt","CellChat"
"WNT2_FZD2_LRP5","WNT2","FZD2;LRP5","1","1","1;1","1","Secreted Signaling","cellsignal_wnt","CellChat"
"WNT2_FZD3_LRP5","WNT2","LRP5;FZD3","1","1","1;1","1","Secreted Signaling","cellsignal_wnt","CellChat"
"WNT2_FZD4_LRP5","WNT2","FZD4;LRP5","1","1","1;1","1","Secreted Signaling","cellsignal_wnt","CellChat"
"WNT2_FZD5_LRP5","WNT2","FZD5;LRP5","1","1","1;1","1","Secreted Signaling","cellsignal_wnt","CellChat"
"WNT2_FZD6_LRP5","WNT2","FZD6;LRP5","1","1","1;1","1","Secreted Signaling","cellsignal_wnt","CellChat"
"WNT2_FZD7_LRP5","WNT2","LRP5;FZD7","1","1","1;1","1","Secreted Signaling","cellsignal_wnt","CellChat"
"WNT2_FZD8_LRP5","WNT2","FZD8;LRP5","1","1","1;1","1","Secreted Signaling","cellsignal_wnt","CellChat"
"WNT2_FZD9_LRP5","WNT2","FZD9;LRP5","1","1","1;1","1","Secreted Signaling","cellsignal_wnt","CellChat"
"WNT2B_FZD1_LRP5","WNT2B","FZD1;LRP5","1","1","1;1","1","Secreted Signaling","cellsignal_wnt","CellChat"
"WNT2B_FZD10_LRP5","WNT2B","FZD10;LRP5","1","1","1;1","1","Secreted Signaling","cellsignal_wnt","CellChat"
"WNT2B_FZD2_LRP5","WNT2B","FZD2;LRP5","1","1","1;1","1","Secreted Signaling","cellsignal_wnt","CellChat"
"WNT2B_FZD3_LRP5","WNT2B","LRP5;FZD3","1","1","1;1","1","Secreted Signaling","cellsignal_wnt","CellChat"
"WNT2B_FZD4_LRP5","WNT2B","FZD4;LRP5","1","1","1;1","1","Secreted Signaling","cellsignal_wnt","CellChat"
"WNT2B_FZD5_LRP5","WNT2B","FZD5;LRP5","1","1","1;1","1","Secreted Signaling","cellsignal_wnt","CellChat"
"WNT2B_FZD6_LRP5","WNT2B","FZD6;LRP5","1","1","1;1","1","Secreted Signaling","cellsignal_wnt","CellChat"
"WNT2B_FZD7_LRP5","WNT2B","LRP5;FZD7","1","1","1;1","1","Secreted Signaling","cellsignal_wnt","CellChat"
"WNT2B_FZD8_LRP5","WNT2B","FZD8;LRP5","1","1","1;1","1","Secreted Signaling","cellsignal_wnt","CellChat"
"WNT2B_FZD9_LRP5","WNT2B","FZD9;LRP5","1","1","1;1","1","Secreted Signaling","cellsignal_wnt","CellChat"
"WNT3_FZD1_LRP5","WNT3","FZD1;LRP5","1","1","1;1","1","Secreted Signaling","cellsignal_wnt","CellChat"
"WNT3_FZD10_LRP5","WNT3","FZD10;LRP5","1","1","1;1","1","Secreted Signaling","cellsignal_wnt","CellChat"
"WNT3_FZD2_LRP5","WNT3","FZD2;LRP5","1","1","1;1","1","Secreted Signaling","cellsignal_wnt","CellChat"
"WNT3_FZD3_LRP5","WNT3","LRP5;FZD3","1","1","1;1","1","Secreted Signaling","cellsignal_wnt","CellChat"
"WNT3_FZD4_LRP5","WNT3","FZD4;LRP5","1","1","1;1","1","Secreted Signaling","cellsignal_wnt","CellChat"
"WNT3_FZD5_LRP5","WNT3","FZD5;LRP5","1","1","1;1","1","Secreted Signaling","cellsignal_wnt","CellChat"
"WNT3_FZD6_LRP5","WNT3","FZD6;LRP5","1","1","1;1","1","Secreted Signaling","cellsignal_wnt","CellChat"
"WNT3_FZD7_LRP5","WNT3","LRP5;FZD7","1","1","1;1","1","Secreted Signaling","cellsignal_wnt","CellChat"
"WNT3_FZD8_LRP5","WNT3","FZD8;LRP5","1","1","1;1","1","Secreted Signaling","cellsignal_wnt","CellChat"
"WNT3_FZD9_LRP5","WNT3","FZD9;LRP5","1","1","1;1","1","Secreted Signaling","cellsignal_wnt","CellChat"
"WNT3A_FZD1_LRP5","WNT3A","FZD1;LRP5","1","1","1;1","1","Secreted Signaling","cellsignal_wnt","CellChat"
"WNT3A_FZD10_LRP5","WNT3A","FZD10;LRP5","1","1","1;1","1","Secreted Signaling","cellsignal_wnt","CellChat"
"WNT3A_FZD2_LRP5","WNT3A","FZD2;LRP5","1","1","1;1","1","Secreted Signaling","cellsignal_wnt","CellChat"
"WNT3A_FZD3_LRP5","WNT3A","LRP5;FZD3","1","1","1;1","1","Secreted Signaling","cellsignal_wnt","CellChat"
"WNT3A_FZD4_LRP5","WNT3A","FZD4;LRP5","1","1","1;1","1","Secreted Signaling","cellsignal_wnt","CellChat"
"WNT3A_FZD5_LRP5","WNT3A","FZD5;LRP5","1","1","1;1","1","Secreted Signaling","cellsignal_wnt","CellChat"
"WNT3A_FZD6_LRP5","WNT3A","FZD6;LRP5","1","1","1;1","1","Secreted Signaling","cellsignal_wnt","CellChat"
"WNT3A_FZD7_LRP5","WNT3A","LRP5;FZD7","1","1","1;1","1","Secreted Signaling","cellsignal_wnt","CellChat"
"WNT3A_FZD8_LRP5","WNT3A","FZD8;LRP5","1","1","1;1","1","Secreted Signaling","cellsignal_wnt","CellChat"
"WNT3A_FZD9_LRP5","WNT3A","FZD9;LRP5","1","1","1;1","1","Secreted Signaling","cellsignal_wnt","CellChat"
"WNT4_FZD1_LRP5","WNT4","FZD1;LRP5","1","1","1;1","1","Secreted Signaling","cellsignal_wnt","CellChat"
"WNT4_FZD10_LRP5","WNT4","FZD10;LRP5","1","1","1;1","1","Secreted Signaling","cellsignal_wnt","CellChat"
"WNT4_FZD2_LRP5","WNT4","FZD2;LRP5","1","1","1;1","1","Secreted Signaling","cellsignal_wnt","CellChat"
"WNT4_FZD3_LRP5","WNT4","LRP5;FZD3","1","1","1;1","1","Secreted Signaling","cellsignal_wnt","CellChat"
"WNT4_FZD4_LRP5","WNT4","FZD4;LRP5","1","1","1;1","1","Secreted Signaling","cellsignal_wnt","CellChat"
"WNT4_FZD5_LRP5","WNT4","FZD5;LRP5","1","1","1;1","1","Secreted Signaling","cellsignal_wnt","CellChat"
"WNT4_FZD6_LRP5","WNT4","FZD6;LRP5","1","1","1;1","1","Secreted Signaling","cellsignal_wnt","CellChat"
"WNT4_FZD7_LRP5","WNT4","LRP5;FZD7","1","1","1;1","1","Secreted Signaling","cellsignal_wnt","CellChat"
"WNT4_FZD8_LRP5","WNT4","FZD8;LRP5","1","1","1;1","1","Secreted Signaling","cellsignal_wnt","CellChat"
"WNT4_FZD9_LRP5","WNT4","FZD9;LRP5","1","1","1;1","1","Secreted Signaling","cellsignal_wnt","CellChat"
"WNT6_FZD1_LRP5","WNT6","FZD1;LRP5","1","1","1;1","1","Secreted Signaling","cellsignal_wnt","CellChat"
"WNT6_FZD10_LRP5","WNT6","FZD10;LRP5","1","1","1;1","1","Secreted Signaling","cellsignal_wnt","CellChat"
"WNT6_FZD2_LRP5","WNT6","FZD2;LRP5","1","1","1;1","1","Secreted Signaling","cellsignal_wnt","CellChat"
"WNT6_FZD3_LRP5","WNT6","LRP5;FZD3","1","1","1;1","1","Secreted Signaling","cellsignal_wnt","CellChat"
"WNT6_FZD4_LRP5","WNT6","FZD4;LRP5","1","1","1;1","1","Secreted Signaling","cellsignal_wnt","CellChat"
"WNT6_FZD5_LRP5","WNT6","FZD5;LRP5","1","1","1;1","1","Secreted Signaling","cellsignal_wnt","CellChat"
"WNT6_FZD6_LRP5","WNT6","FZD6;LRP5","1","1","1;1","1","Secreted Signaling","cellsignal_wnt","CellChat"
"WNT6_FZD7_LRP5","WNT6","LRP5;FZD7","1","1","1;1","1","Secreted Signaling","cellsignal_wnt","CellChat"
"WNT6_FZD8_LRP5","WNT6","FZD8;LRP5","1","1","1;1","1","Secreted Signaling","cellsignal_wnt","CellChat"
"WNT6_FZD9_LRP5","WNT6","FZD9;LRP5","1","1","1;1","1","Secreted Signaling","cellsignal_wnt","CellChat"
"WNT7A_FZD1_LRP5","WNT7A","FZD1;LRP5","1","1","1;1","1","Secreted Signaling","cellsignal_wnt","CellChat"
"WNT7A_FZD10_LRP5","WNT7A","FZD10;LRP5","1","1","1;1","1","Secreted Signaling","cellsignal_wnt","CellChat"
"WNT7A_FZD2_LRP5","WNT7A","FZD2;LRP5","1","1","1;1","1","Secreted Signaling","cellsignal_wnt","CellChat"
"WNT7A_FZD3_LRP5","WNT7A","LRP5;FZD3","1","1","1;1","1","Secreted Signaling","cellsignal_wnt","CellChat"
"WNT7A_FZD4_LRP5","WNT7A","FZD4;LRP5","1","1","1;1","1","Secreted Signaling","cellsignal_wnt","CellChat"
"WNT7A_FZD5_LRP5","WNT7A","FZD5;LRP5","1","1","1;1","1","Secreted Signaling","cellsignal_wnt","CellChat"
"WNT7A_FZD6_LRP5","WNT7A","FZD6;LRP5","1","1","1;1","1","Secreted Signaling","cellsignal_wnt","CellChat"
"WNT7A_FZD7_LRP5","WNT7A","LRP5;FZD7","1","1","1;1","1","Secreted Signaling","cellsignal_wnt","CellChat"
"WNT7A_FZD8_LRP5","WNT7A","FZD8;LRP5","1","1","1;1","1","Secreted Signaling","cellsignal_wnt","CellChat"
"WNT7A_FZD9_LRP5","WNT7A","FZD9;LRP5","1","1","1;1","1","Secreted Signaling","cellsignal_wnt","CellChat"
"WNT7B_FZD1_LRP5","WNT7B","FZD1;LRP5","1","1","1;1","1","Secreted Signaling","cellsignal_wnt","CellChat"
"WNT7B_FZD10_LRP5","WNT7B","FZD10;LRP5","1","1","1;1","1","Secreted Signaling","cellsignal_wnt","CellChat"
"WNT7B_FZD2_LRP5","WNT7B","FZD2;LRP5","1","1","1;1","1","Secreted Signaling","cellsignal_wnt","CellChat"
"WNT7B_FZD3_LRP5","WNT7B","LRP5;FZD3","1","1","1;1","1","Secreted Signaling","cellsignal_wnt","CellChat"
"WNT7B_FZD4_LRP5","WNT7B","FZD4;LRP5","1","1","1;1","1","Secreted Signaling","cellsignal_wnt","CellChat"
"WNT7B_FZD5_LRP5","WNT7B","FZD5;LRP5","1","1","1;1","1","Secreted Signaling","cellsignal_wnt","CellChat"
"WNT7B_FZD6_LRP5","WNT7B","FZD6;LRP5","1","1","1;1","1","Secreted Signaling","cellsignal_wnt","CellChat"
"WNT7B_FZD7_LRP5","WNT7B","LRP5;FZD7","1","1","1;1","1","Secreted Signaling","cellsignal_wnt","CellChat"
"WNT7B_FZD8_LRP5","WNT7B","FZD8;LRP5","1","1","1;1","1","Secreted Signaling","cellsignal_wnt","CellChat"
"WNT7B_FZD9_LRP5","WNT7B","FZD9;LRP5","1","1","1;1","1","Secreted Signaling","cellsignal_wnt","CellChat"
"WNT8A_FZD1_LRP5","WNT8A","FZD1;LRP5","1","1","1;1","1","Secreted Signaling","cellsignal_wnt","CellChat"
"WNT8A_FZD10_LRP5","WNT8A","FZD10;LRP5","1","1","1;1","1","Secreted Signaling","cellsignal_wnt","CellChat"
"WNT8A_FZD2_LRP5","WNT8A","FZD2;LRP5","1","1","1;1","1","Secreted Signaling","cellsignal_wnt","CellChat"
"WNT8A_FZD3_LRP5","WNT8A","LRP5;FZD3","1","1","1;1","1","Secreted Signaling","cellsignal_wnt","CellChat"
"WNT8A_FZD4_LRP5","WNT8A","FZD4;LRP5","1","1","1;1","1","Secreted Signaling","cellsignal_wnt","CellChat"
"WNT8A_FZD5_LRP5","WNT8A","FZD5;LRP5","1","1","1;1","1","Secreted Signaling","cellsignal_wnt","CellChat"
"WNT8A_FZD6_LRP5","WNT8A","FZD6;LRP5","1","1","1;1","1","Secreted Signaling","cellsignal_wnt","CellChat"
"WNT8A_FZD7_LRP5","WNT8A","LRP5;FZD7","1","1","1;1","1","Secreted Signaling","cellsignal_wnt","CellChat"
"WNT8A_FZD8_LRP5","WNT8A","FZD8;LRP5","1","1","1;1","1","Secreted Signaling","cellsignal_wnt","CellChat"
"WNT8A_FZD9_LRP5","WNT8A","FZD9;LRP5","1","1","1;1","1","Secreted Signaling","cellsignal_wnt","CellChat"
"WNT8B_FZD1_LRP5","WNT8B","FZD1;LRP5","1","1","1;1","1","Secreted Signaling","secreted","CellChat"
"WNT8B_FZD10_LRP5","WNT8B","FZD10;LRP5","1","1","1;1","1","Secreted Signaling","secreted","CellChat"
"WNT8B_FZD2_LRP5","WNT8B","FZD2;LRP5","1","1","1;1","1","Secreted Signaling","secreted","CellChat"
"WNT8B_FZD3_LRP5","WNT8B","LRP5;FZD3","1","1","1;1","1","Secreted Signaling","secreted","CellChat"
"WNT8B_FZD4_LRP5","WNT8B","FZD4;LRP5","1","1","1;1","1","Secreted Signaling","secreted","CellChat"
"WNT8B_FZD5_LRP5","WNT8B","FZD5;LRP5","1","1","1;1","1","Secreted Signaling","secreted","CellChat"
"WNT8B_FZD6_LRP5","WNT8B","FZD6;LRP5","1","1","1;1","1","Secreted Signaling","secreted","CellChat"
"WNT8B_FZD7_LRP5","WNT8B","LRP5;FZD7","1","1","1;1","1","Secreted Signaling","secreted","CellChat"
"WNT8B_FZD8_LRP5","WNT8B","FZD8;LRP5","1","1","1;1","1","Secreted Signaling","secreted","CellChat"
"WNT8B_FZD9_LRP5","WNT8B","FZD9;LRP5","1","1","1;1","1","Secreted Signaling","secreted","CellChat"
"WNT9A_FZD1_LRP5","WNT9A","FZD1;LRP5","1","1","1;1","1","Secreted Signaling","secreted","CellChat"
"WNT9A_FZD10_LRP5","WNT9A","FZD10;LRP5","1","1","1;1","1","Secreted Signaling","secreted","CellChat"
"WNT9A_FZD2_LRP5","WNT9A","FZD2;LRP5","1","1","1;1","1","Secreted Signaling","secreted","CellChat"
"WNT9A_FZD3_LRP5","WNT9A","LRP5;FZD3","1","1","1;1","1","Secreted Signaling","secreted","CellChat"
"WNT9A_FZD4_LRP5","WNT9A","FZD4;LRP5","1","1","1;1","1","Secreted Signaling","secreted","CellChat"
"WNT9A_FZD5_LRP5","WNT9A","FZD5;LRP5","1","1","1;1","1","Secreted Signaling","secreted","CellChat"
"WNT9A_FZD6_LRP5","WNT9A","FZD6;LRP5","1","1","1;1","1","Secreted Signaling","secreted","CellChat"
"WNT9A_FZD7_LRP5","WNT9A","LRP5;FZD7","1","1","1;1","1","Secreted Signaling","secreted","CellChat"
"WNT9A_FZD8_LRP5","WNT9A","FZD8;LRP5","1","1","1;1","1","Secreted Signaling","secreted","CellChat"
"WNT9A_FZD9_LRP5","WNT9A","FZD9;LRP5","1","1","1;1","1","Secreted Signaling","secreted","CellChat"
"WNT9B_FZD1_LRP5","WNT9B","FZD1;LRP5","1","1","1;1","1","Secreted Signaling","secreted","CellChat"
"WNT9B_FZD10_LRP5","WNT9B","FZD10;LRP5","1","1","1;1","1","Secreted Signaling","secreted","CellChat"
"WNT9B_FZD2_LRP5","WNT9B","FZD2;LRP5","1","1","1;1","1","Secreted Signaling","secreted","CellChat"
"WNT9B_FZD3_LRP5","WNT9B","LRP5;FZD3","1","1","1;1","1","Secreted Signaling","secreted","CellChat"
"WNT9B_FZD4_LRP5","WNT9B","FZD4;LRP5","1","1","1;1","1","Secreted Signaling","secreted","CellChat"
"WNT9B_FZD5_LRP5","WNT9B","FZD5;LRP5","1","1","1;1","1","Secreted Signaling","secreted","CellChat"
"WNT9B_FZD6_LRP5","WNT9B","FZD6;LRP5","1","1","1;1","1","Secreted Signaling","secreted","CellChat"
"WNT9B_FZD7_LRP5","WNT9B","LRP5;FZD7","1","1","1;1","1","Secreted Signaling","secreted","CellChat"
"WNT9B_FZD8_LRP5","WNT9B","FZD8;LRP5","1","1","1;1","1","Secreted Signaling","secreted","CellChat"
"WNT9B_FZD9_LRP5","WNT9B","FZD9;LRP5","1","1","1;1","1","Secreted Signaling","secreted","CellChat"
"WNT1_FZD1_LRP6","WNT1","FZD1;LRP6","1","1","1;1","1","Secreted Signaling","cellsignal_wnt","CellChat"
"WNT1_FZD10_LRP6","WNT1","FZD10;LRP6","1","1","1;1","1","Secreted Signaling","cellsignal_wnt","CellChat"
"WNT1_FZD2_LRP6","WNT1","FZD2;LRP6","1","1","1;1","1","Secreted Signaling","cellsignal_wnt","CellChat"
"WNT1_FZD3_LRP6","WNT1","FZD3;LRP6","1","1","1;1","1","Secreted Signaling","cellsignal_wnt","CellChat"
"WNT1_FZD4_LRP6","WNT1","FZD4;LRP6","1","1","1;1","1","Secreted Signaling","cellsignal_wnt","CellChat"
"WNT1_FZD5_LRP6","WNT1","FZD5;LRP6","1","1","1;1","1","Secreted Signaling","cellsignal_wnt","CellChat"
"WNT1_FZD6_LRP6","WNT1","FZD6;LRP6","1","1","1;1","1","Secreted Signaling","cellsignal_wnt","CellChat"
"WNT1_FZD7_LRP6","WNT1","FZD7;LRP6","1","1","1;1","1","Secreted Signaling","cellsignal_wnt","CellChat"
"WNT1_FZD8_LRP6","WNT1","FZD8;LRP6","1","1","1;1","1","Secreted Signaling","cellsignal_wnt","CellChat"
"WNT1_FZD9_LRP6","WNT1","FZD9;LRP6","1","1","1;1","1","Secreted Signaling","cellsignal_wnt","CellChat"
"WNT10A_FZD1_LRP6","WNT10A","FZD1;LRP6","1","1","1;1","1","Secreted Signaling","secreted","CellChat"
"WNT10A_FZD10_LRP6","WNT10A","FZD10;LRP6","1","1","1;1","1","Secreted Signaling","secreted","CellChat"
"WNT10A_FZD2_LRP6","WNT10A","FZD2;LRP6","1","1","1;1","1","Secreted Signaling","secreted","CellChat"
"WNT10A_FZD3_LRP6","WNT10A","FZD3;LRP6","1","1","1;1","1","Secreted Signaling","secreted","CellChat"
"WNT10A_FZD4_LRP6","WNT10A","FZD4;LRP6","1","1","1;1","1","Secreted Signaling","secreted","CellChat"
"WNT10A_FZD5_LRP6","WNT10A","FZD5;LRP6","1","1","1;1","1","Secreted Signaling","secreted","CellChat"
"WNT10A_FZD6_LRP6","WNT10A","FZD6;LRP6","1","1","1;1","1","Secreted Signaling","secreted","CellChat"
"WNT10A_FZD7_LRP6","WNT10A","FZD7;LRP6","1","1","1;1","1","Secreted Signaling","secreted","CellChat"
"WNT10A_FZD8_LRP6","WNT10A","FZD8;LRP6","1","1","1;1","1","Secreted Signaling","secreted","CellChat"
"WNT10A_FZD9_LRP6","WNT10A","FZD9;LRP6","1","1","1;1","1","Secreted Signaling","secreted","CellChat"
"WNT10B_FZD1_LRP6","WNT10B","FZD1;LRP6","1","1","1;1","1","Secreted Signaling","","CellChat"
"WNT10B_FZD10_LRP6","WNT10B","FZD10;LRP6","1","1","1;1","1","Secreted Signaling","","CellChat"
"WNT10B_FZD2_LRP6","WNT10B","FZD2;LRP6","1","1","1;1","1","Secreted Signaling","","CellChat"
"WNT10B_FZD3_LRP6","WNT10B","FZD3;LRP6","1","1","1;1","1","Secreted Signaling","","CellChat"
"WNT10B_FZD4_LRP6","WNT10B","FZD4;LRP6","1","1","1;1","1","Secreted Signaling","","CellChat"
"WNT10B_FZD5_LRP6","WNT10B","FZD5;LRP6","1","1","1;1","1","Secreted Signaling","","CellChat"
"WNT10B_FZD6_LRP6","WNT10B","FZD6;LRP6","1","1","1;1","1","Secreted Signaling","","CellChat"
"WNT10B_FZD7_LRP6","WNT10B","FZD7;LRP6","1","1","1;1","1","Secreted Signaling","","CellChat"
"WNT10B_FZD8_LRP6","WNT10B","FZD8;LRP6","1","1","1;1","1","Secreted Signaling","","CellChat"
"WNT10B_FZD9_LRP6","WNT10B","FZD9;LRP6","1","1","1;1","1","Secreted Signaling","","CellChat"
"WNT16_FZD1_LRP6","WNT16","FZD1;LRP6","1","1","1;1","1","Secreted Signaling","cellsignal_wnt","CellChat"
"WNT16_FZD10_LRP6","WNT16","FZD10;LRP6","1","1","1;1","1","Secreted Signaling","cellsignal_wnt","CellChat"
"WNT16_FZD2_LRP6","WNT16","FZD2;LRP6","1","1","1;1","1","Secreted Signaling","cellsignal_wnt","CellChat"
"WNT16_FZD3_LRP6","WNT16","FZD3;LRP6","1","1","1;1","1","Secreted Signaling","cellsignal_wnt","CellChat"
"WNT16_FZD4_LRP6","WNT16","FZD4;LRP6","1","1","1;1","1","Secreted Signaling","cellsignal_wnt","CellChat"
"WNT16_FZD5_LRP6","WNT16","FZD5;LRP6","1","1","1;1","1","Secreted Signaling","cellsignal_wnt","CellChat"
"WNT16_FZD6_LRP6","WNT16","FZD6;LRP6","1","1","1;1","1","Secreted Signaling","cellsignal_wnt","CellChat"
"WNT16_FZD7_LRP6","WNT16","FZD7;LRP6","1","1","1;1","1","Secreted Signaling","cellsignal_wnt","CellChat"
"WNT16_FZD8_LRP6","WNT16","FZD8;LRP6","1","1","1;1","1","Secreted Signaling","cellsignal_wnt","CellChat"
"WNT16_FZD9_LRP6","WNT16","FZD9;LRP6","1","1","1;1","1","Secreted Signaling","cellsignal_wnt","CellChat"
"WNT2_FZD1_LRP6","WNT2","FZD1;LRP6","1","1","1;1","1","Secreted Signaling","cellsignal_wnt","CellChat"
"WNT2_FZD10_LRP6","WNT2","FZD10;LRP6","1","1","1;1","1","Secreted Signaling","cellsignal_wnt","CellChat"
"WNT2_FZD2_LRP6","WNT2","FZD2;LRP6","1","1","1;1","1","Secreted Signaling","cellsignal_wnt","CellChat"
"WNT2_FZD3_LRP6","WNT2","FZD3;LRP6","1","1","1;1","1","Secreted Signaling","cellsignal_wnt","CellChat"
"WNT2_FZD4_LRP6","WNT2","FZD4;LRP6","1","1","1;1","1","Secreted Signaling","cellsignal_wnt","CellChat"
"WNT2_FZD5_LRP6","WNT2","FZD5;LRP6","1","1","1;1","1","Secreted Signaling","cellsignal_wnt","CellChat"
"WNT2_FZD6_LRP6","WNT2","FZD6;LRP6","1","1","1;1","1","Secreted Signaling","cellsignal_wnt","CellChat"
"WNT2_FZD7_LRP6","WNT2","FZD7;LRP6","1","1","1;1","1","Secreted Signaling","cellsignal_wnt","CellChat"
"WNT2_FZD8_LRP6","WNT2","FZD8;LRP6","1","1","1;1","1","Secreted Signaling","cellsignal_wnt","CellChat"
"WNT2_FZD9_LRP6","WNT2","FZD9;LRP6","1","1","1;1","1","Secreted Signaling","cellsignal_wnt","CellChat"
"WNT2B_FZD1_LRP6","WNT2B","FZD1;LRP6","1","1","1;1","1","Secreted Signaling","cellsignal_wnt","CellChat"
"WNT2B_FZD10_LRP6","WNT2B","FZD10;LRP6","1","1","1;1","1","Secreted Signaling","cellsignal_wnt","CellChat"
"WNT2B_FZD2_LRP6","WNT2B","FZD2;LRP6","1","1","1;1","1","Secreted Signaling","cellsignal_wnt","CellChat"
"WNT2B_FZD3_LRP6","WNT2B","FZD3;LRP6","1","1","1;1","1","Secreted Signaling","cellsignal_wnt","CellChat"
"WNT2B_FZD4_LRP6","WNT2B","FZD4;LRP6","1","1","1;1","1","Secreted Signaling","cellsignal_wnt","CellChat"
"WNT2B_FZD5_LRP6","WNT2B","FZD5;LRP6","1","1","1;1","1","Secreted Signaling","cellsignal_wnt","CellChat"
"WNT2B_FZD6_LRP6","WNT2B","FZD6;LRP6","1","1","1;1","1","Secreted Signaling","cellsignal_wnt","CellChat"
"WNT2B_FZD7_LRP6","WNT2B","FZD7;LRP6","1","1","1;1","1","Secreted Signaling","cellsignal_wnt","CellChat"
"WNT2B_FZD8_LRP6","WNT2B","FZD8;LRP6","1","1","1;1","1","Secreted Signaling","cellsignal_wnt","CellChat"
"WNT2B_FZD9_LRP6","WNT2B","FZD9;LRP6","1","1","1;1","1","Secreted Signaling","cellsignal_wnt","CellChat"
"WNT3_FZD1_LRP6","WNT3","FZD1;LRP6","1","1","1;1","1","Secreted Signaling","cellsignal_wnt","CellChat"
"WNT3_FZD10_LRP6","WNT3","FZD10;LRP6","1","1","1;1","1","Secreted Signaling","cellsignal_wnt","CellChat"
"WNT3_FZD2_LRP6","WNT3","FZD2;LRP6","1","1","1;1","1","Secreted Signaling","cellsignal_wnt","CellChat"
"WNT3_FZD3_LRP6","WNT3","FZD3;LRP6","1","1","1;1","1","Secreted Signaling","cellsignal_wnt","CellChat"
"WNT3_FZD4_LRP6","WNT3","FZD4;LRP6","1","1","1;1","1","Secreted Signaling","cellsignal_wnt","CellChat"
"WNT3_FZD5_LRP6","WNT3","FZD5;LRP6","1","1","1;1","1","Secreted Signaling","cellsignal_wnt","CellChat"
"WNT3_FZD6_LRP6","WNT3","FZD6;LRP6","1","1","1;1","1","Secreted Signaling","cellsignal_wnt","CellChat"
"WNT3_FZD7_LRP6","WNT3","FZD7;LRP6","1","1","1;1","1","Secreted Signaling","cellsignal_wnt","CellChat"
"WNT3_FZD8_LRP6","WNT3","FZD8;LRP6","1","1","1;1","1","Secreted Signaling","cellsignal_wnt","CellChat"
"WNT3_FZD9_LRP6","WNT3","FZD9;LRP6","1","1","1;1","1","Secreted Signaling","cellsignal_wnt","CellChat"
"WNT3A_FZD1_LRP6","WNT3A","FZD1;LRP6","1","1","1;1","1","Secreted Signaling","cellsignal_wnt","CellChat"
"WNT3A_FZD10_LRP6","WNT3A","FZD10;LRP6","1","1","1;1","1","Secreted Signaling","cellsignal_wnt","CellChat"
"WNT3A_FZD2_LRP6","WNT3A","FZD2;LRP6","1","1","1;1","1","Secreted Signaling","cellsignal_wnt","CellChat"
"WNT3A_FZD3_LRP6","WNT3A","FZD3;LRP6","1","1","1;1","1","Secreted Signaling","cellsignal_wnt","CellChat"
"WNT3A_FZD4_LRP6","WNT3A","FZD4;LRP6","1","1","1;1","1","Secreted Signaling","cellsignal_wnt","CellChat"
"WNT3A_FZD5_LRP6","WNT3A","FZD5;LRP6","1","1","1;1","1","Secreted Signaling","cellsignal_wnt","CellChat"
"WNT3A_FZD6_LRP6","WNT3A","FZD6;LRP6","1","1","1;1","1","Secreted Signaling","cellsignal_wnt","CellChat"
"WNT3A_FZD7_LRP6","WNT3A","FZD7;LRP6","1","1","1;1","1","Secreted Signaling","cellsignal_wnt","CellChat"
"WNT3A_FZD8_LRP6","WNT3A","FZD8;LRP6","1","1","1;1","1","Secreted Signaling","cellsignal_wnt","CellChat"
"WNT3A_FZD9_LRP6","WNT3A","FZD9;LRP6","1","1","1;1","1","Secreted Signaling","cellsignal_wnt","CellChat"
"WNT4_FZD1_LRP6","WNT4","FZD1;LRP6","1","1","1;1","1","Secreted Signaling","cellsignal_wnt","CellChat"
"WNT4_FZD10_LRP6","WNT4","FZD10;LRP6","1","1","1;1","1","Secreted Signaling","cellsignal_wnt","CellChat"
"WNT4_FZD2_LRP6","WNT4","FZD2;LRP6","1","1","1;1","1","Secreted Signaling","cellsignal_wnt","CellChat"
"WNT4_FZD3_LRP6","WNT4","FZD3;LRP6","1","1","1;1","1","Secreted Signaling","cellsignal_wnt","CellChat"
"WNT4_FZD4_LRP6","WNT4","FZD4;LRP6","1","1","1;1","1","Secreted Signaling","cellsignal_wnt","CellChat"
"WNT4_FZD5_LRP6","WNT4","FZD5;LRP6","1","1","1;1","1","Secreted Signaling","cellsignal_wnt","CellChat"
"WNT4_FZD6_LRP6","WNT4","FZD6;LRP6","1","1","1;1","1","Secreted Signaling","cellsignal_wnt","CellChat"
"WNT4_FZD7_LRP6","WNT4","FZD7;LRP6","1","1","1;1","1","Secreted Signaling","cellsignal_wnt","CellChat"
"WNT4_FZD8_LRP6","WNT4","FZD8;LRP6","1","1","1;1","1","Secreted Signaling","cellsignal_wnt","CellChat"
"WNT4_FZD9_LRP6","WNT4","FZD9;LRP6","1","1","1;1","1","Secreted Signaling","cellsignal_wnt","CellChat"
"WNT6_FZD1_LRP6","WNT6","FZD1;LRP6","1","1","1;1","1","Secreted Signaling","cellsignal_wnt","CellChat"
"WNT6_FZD10_LRP6","WNT6","FZD10;LRP6","1","1","1;1","1","Secreted Signaling","cellsignal_wnt","CellChat"
"WNT6_FZD2_LRP6","WNT6","FZD2;LRP6","1","1","1;1","1","Secreted Signaling","cellsignal_wnt","CellChat"
"WNT6_FZD3_LRP6","WNT6","FZD3;LRP6","1","1","1;1","1","Secreted Signaling","cellsignal_wnt","CellChat"
"WNT6_FZD4_LRP6","WNT6","FZD4;LRP6","1","1","1;1","1","Secreted Signaling","cellsignal_wnt","CellChat"
"WNT6_FZD5_LRP6","WNT6","FZD5;LRP6","1","1","1;1","1","Secreted Signaling","cellsignal_wnt","CellChat"
"WNT6_FZD6_LRP6","WNT6","FZD6;LRP6","1","1","1;1","1","Secreted Signaling","cellsignal_wnt","CellChat"
"WNT6_FZD7_LRP6","WNT6","FZD7;LRP6","1","1","1;1","1","Secreted Signaling","cellsignal_wnt","CellChat"
"WNT6_FZD8_LRP6","WNT6","FZD8;LRP6","1","1","1;1","1","Secreted Signaling","cellsignal_wnt","CellChat"
"WNT6_FZD9_LRP6","WNT6","FZD9;LRP6","1","1","1;1","1","Secreted Signaling","cellsignal_wnt","CellChat"
"WNT7A_FZD1_LRP6","WNT7A","FZD1;LRP6","1","1","1;1","1","Secreted Signaling","cellsignal_wnt","CellChat"
"WNT7A_FZD10_LRP6","WNT7A","FZD10;LRP6","1","1","1;1","1","Secreted Signaling","cellsignal_wnt","CellChat"
"WNT7A_FZD2_LRP6","WNT7A","FZD2;LRP6","1","1","1;1","1","Secreted Signaling","cellsignal_wnt","CellChat"
"WNT7A_FZD3_LRP6","WNT7A","FZD3;LRP6","1","1","1;1","1","Secreted Signaling","cellsignal_wnt","CellChat"
"WNT7A_FZD4_LRP6","WNT7A","FZD4;LRP6","1","1","1;1","1","Secreted Signaling","cellsignal_wnt","CellChat"
"WNT7A_FZD5_LRP6","WNT7A","FZD5;LRP6","1","1","1;1","1","Secreted Signaling","cellsignal_wnt","CellChat"
"WNT7A_FZD6_LRP6","WNT7A","FZD6;LRP6","1","1","1;1","1","Secreted Signaling","cellsignal_wnt","CellChat"
"WNT7A_FZD7_LRP6","WNT7A","FZD7;LRP6","1","1","1;1","1","Secreted Signaling","cellsignal_wnt","CellChat"
"WNT7A_FZD8_LRP6","WNT7A","FZD8;LRP6","1","1","1;1","1","Secreted Signaling","cellsignal_wnt","CellChat"
"WNT7A_FZD9_LRP6","WNT7A","FZD9;LRP6","1","1","1;1","1","Secreted Signaling","cellsignal_wnt","CellChat"
"WNT7B_FZD1_LRP6","WNT7B","FZD1;LRP6","1","1","1;1","1","Secreted Signaling","cellsignal_wnt","CellChat"
"WNT7B_FZD10_LRP6","WNT7B","FZD10;LRP6","1","1","1;1","1","Secreted Signaling","cellsignal_wnt","CellChat"
"WNT7B_FZD2_LRP6","WNT7B","FZD2;LRP6","1","1","1;1","1","Secreted Signaling","cellsignal_wnt","CellChat"
"WNT7B_FZD3_LRP6","WNT7B","FZD3;LRP6","1","1","1;1","1","Secreted Signaling","cellsignal_wnt","CellChat"
"WNT7B_FZD4_LRP6","WNT7B","FZD4;LRP6","1","1","1;1","1","Secreted Signaling","cellsignal_wnt","CellChat"
"WNT7B_FZD5_LRP6","WNT7B","FZD5;LRP6","1","1","1;1","1","Secreted Signaling","cellsignal_wnt","CellChat"
"WNT7B_FZD6_LRP6","WNT7B","FZD6;LRP6","1","1","1;1","1","Secreted Signaling","cellsignal_wnt","CellChat"
"WNT7B_FZD7_LRP6","WNT7B","FZD7;LRP6","1","1","1;1","1","Secreted Signaling","cellsignal_wnt","CellChat"
"WNT7B_FZD8_LRP6","WNT7B","FZD8;LRP6","1","1","1;1","1","Secreted Signaling","cellsignal_wnt","CellChat"
"WNT7B_FZD9_LRP6","WNT7B","FZD9;LRP6","1","1","1;1","1","Secreted Signaling","cellsignal_wnt","CellChat"
"WNT8A_FZD1_LRP6","WNT8A","FZD1;LRP6","1","1","1;1","1","Secreted Signaling","cellsignal_wnt","CellChat"
"WNT8A_FZD10_LRP6","WNT8A","FZD10;LRP6","1","1","1;1","1","Secreted Signaling","cellsignal_wnt","CellChat"
"WNT8A_FZD2_LRP6","WNT8A","FZD2;LRP6","1","1","1;1","1","Secreted Signaling","cellsignal_wnt","CellChat"
"WNT8A_FZD3_LRP6","WNT8A","FZD3;LRP6","1","1","1;1","1","Secreted Signaling","cellsignal_wnt","CellChat"
"WNT8A_FZD4_LRP6","WNT8A","FZD4;LRP6","1","1","1;1","1","Secreted Signaling","cellsignal_wnt","CellChat"
"WNT8A_FZD5_LRP6","WNT8A","FZD5;LRP6","1","1","1;1","1","Secreted Signaling","cellsignal_wnt","CellChat"
"WNT8A_FZD6_LRP6","WNT8A","FZD6;LRP6","1","1","1;1","1","Secreted Signaling","cellsignal_wnt","CellChat"
"WNT8A_FZD7_LRP6","WNT8A","FZD7;LRP6","1","1","1;1","1","Secreted Signaling","cellsignal_wnt","CellChat"
"WNT8A_FZD8_LRP6","WNT8A","FZD8;LRP6","1","1","1;1","1","Secreted Signaling","cellsignal_wnt","CellChat"
"WNT8A_FZD9_LRP6","WNT8A","FZD9;LRP6","1","1","1;1","1","Secreted Signaling","cellsignal_wnt","CellChat"
"WNT8B_FZD1_LRP6","WNT8B","FZD1;LRP6","1","1","1;1","1","Secreted Signaling","secreted","CellChat"
"WNT8B_FZD10_LRP6","WNT8B","FZD10;LRP6","1","1","1;1","1","Secreted Signaling","secreted","CellChat"
"WNT8B_FZD2_LRP6","WNT8B","FZD2;LRP6","1","1","1;1","1","Secreted Signaling","secreted","CellChat"
"WNT8B_FZD3_LRP6","WNT8B","FZD3;LRP6","1","1","1;1","1","Secreted Signaling","secreted","CellChat"
"WNT8B_FZD4_LRP6","WNT8B","FZD4;LRP6","1","1","1;1","1","Secreted Signaling","secreted","CellChat"
"WNT8B_FZD5_LRP6","WNT8B","FZD5;LRP6","1","1","1;1","1","Secreted Signaling","secreted","CellChat"
"WNT8B_FZD6_LRP6","WNT8B","FZD6;LRP6","1","1","1;1","1","Secreted Signaling","secreted","CellChat"
"WNT8B_FZD7_LRP6","WNT8B","FZD7;LRP6","1","1","1;1","1","Secreted Signaling","secreted","CellChat"
"WNT8B_FZD8_LRP6","WNT8B","FZD8;LRP6","1","1","1;1","1","Secreted Signaling","secreted","CellChat"
"WNT8B_FZD9_LRP6","WNT8B","FZD9;LRP6","1","1","1;1","1","Secreted Signaling","secreted","CellChat"
"WNT9A_FZD1_LRP6","WNT9A","FZD1;LRP6","1","1","1;1","1","Secreted Signaling","secreted","CellChat"
"WNT9A_FZD10_LRP6","WNT9A","FZD10;LRP6","1","1","1;1","1","Secreted Signaling","secreted","CellChat"
"WNT9A_FZD2_LRP6","WNT9A","FZD2;LRP6","1","1","1;1","1","Secreted Signaling","secreted","CellChat"
"WNT9A_FZD3_LRP6","WNT9A","FZD3;LRP6","1","1","1;1","1","Secreted Signaling","secreted","CellChat"
"WNT9A_FZD4_LRP6","WNT9A","FZD4;LRP6","1","1","1;1","1","Secreted Signaling","secreted","CellChat"
"WNT9A_FZD5_LRP6","WNT9A","FZD5;LRP6","1","1","1;1","1","Secreted Signaling","secreted","CellChat"
"WNT9A_FZD6_LRP6","WNT9A","FZD6;LRP6","1","1","1;1","1","Secreted Signaling","secreted","CellChat"
"WNT9A_FZD7_LRP6","WNT9A","FZD7;LRP6","1","1","1;1","1","Secreted Signaling","secreted","CellChat"
"WNT9A_FZD8_LRP6","WNT9A","FZD8;LRP6","1","1","1;1","1","Secreted Signaling","secreted","CellChat"
"WNT9A_FZD9_LRP6","WNT9A","FZD9;LRP6","1","1","1;1","1","Secreted Signaling","secreted","CellChat"
"WNT9B_FZD1_LRP6","WNT9B","FZD1;LRP6","1","1","1;1","1","Secreted Signaling","secreted","CellChat"
"WNT9B_FZD10_LRP6","WNT9B","FZD10;LRP6","1","1","1;1","1","Secreted Signaling","secreted","CellChat"
"WNT9B_FZD2_LRP6","WNT9B","FZD2;LRP6","1","1","1;1","1","Secreted Signaling","secreted","CellChat"
"WNT9B_FZD3_LRP6","WNT9B","FZD3;LRP6","1","1","1;1","1","Secreted Signaling","secreted","CellChat"
"WNT9B_FZD4_LRP6","WNT9B","FZD4;LRP6","1","1","1;1","1","Secreted Signaling","secreted","CellChat"
"WNT9B_FZD5_LRP6","WNT9B","FZD5;LRP6","1","1","1;1","1","Secreted Signaling","secreted","CellChat"
"WNT9B_FZD6_LRP6","WNT9B","FZD6;LRP6","1","1","1;1","1","Secreted Signaling","secreted","CellChat"
"WNT9B_FZD7_LRP6","WNT9B","FZD7;LRP6","1","1","1;1","1","Secreted Signaling","secreted","CellChat"
"WNT9B_FZD8_LRP6","WNT9B","FZD8;LRP6","1","1","1;1","1","Secreted Signaling","secreted","CellChat"
"WNT9B_FZD9_LRP6","WNT9B","FZD9;LRP6","1","1","1;1","1","Secreted Signaling","secreted","CellChat"
"WNT5A_FZD1","WNT5A","FZD1","1","1","1","1","Secreted Signaling","cellsignal_wnt","CellChat"
"WNT5A_FZD10","WNT5A","FZD10","1","1","1","1","Secreted Signaling","cellsignal_wnt","CellChat"
"WNT5A_FZD2","WNT5A","FZD2","1","1","1","1","Secreted Signaling","cellsignal_wnt","CellChat"
"WNT5A_FZD3","WNT5A","FZD3","1","1","1","1","Secreted Signaling","cellsignal_wnt","CellChat"
"WNT5A_FZD4","WNT5A","FZD4","1","1","1","1","Secreted Signaling","cellsignal_wnt","CellChat"
"WNT5A_FZD5","WNT5A","FZD5","1","1","1","1","Secreted Signaling","cellsignal_wnt","CellChat"
"WNT5A_FZD6","WNT5A","FZD6","1","1","1","1","Secreted Signaling","cellsignal_wnt","CellChat"
"WNT5A_FZD7","WNT5A","FZD7","1","1","1","1","Secreted Signaling","cellsignal_wnt","CellChat"
"WNT5A_FZD8","WNT5A","FZD8","1","1","1","1","Secreted Signaling","cellsignal_wnt","CellChat"
"WNT5A_FZD9","WNT5A","FZD9","1","1","1","1","Secreted Signaling","cellsignal_wnt","CellChat"
"WNT5A_MCAM","WNT5A","MCAM","1","1","1","1","Secreted Signaling","cellsignal_wnt","CellChat"
"WNT5B_FZD1","WNT5B","FZD1","1","1","1","1","Secreted Signaling","cellsignal_wnt","CellChat"
"WNT5B_FZD10","WNT5B","FZD10","1","1","1","1","Secreted Signaling","cellsignal_wnt","CellChat"
"WNT5B_FZD2","WNT5B","FZD2","1","1","1","1","Secreted Signaling","cellsignal_wnt","CellChat"
"WNT5B_FZD3","WNT5B","FZD3","1","1","1","1","Secreted Signaling","cellsignal_wnt","CellChat"
"WNT5B_FZD4","WNT5B","FZD4","1","1","1","1","Secreted Signaling","cellsignal_wnt","CellChat"
"WNT5B_FZD5","WNT5B","FZD5","1","1","1","1","Secreted Signaling","cellsignal_wnt","CellChat"
"WNT5B_FZD6","WNT5B","FZD6","1","1","1","1","Secreted Signaling","cellsignal_wnt","CellChat"
"WNT5B_FZD7","WNT5B","FZD7","1","1","1","1","Secreted Signaling","cellsignal_wnt","CellChat"
"WNT5B_FZD8","WNT5B","FZD8","1","1","1","1","Secreted Signaling","cellsignal_wnt","CellChat"
"WNT5B_FZD9","WNT5B","FZD9","1","1","1","1","Secreted Signaling","cellsignal_wnt","CellChat"
"WNT11_FZD1","WNT11","FZD1","1","1","1","1","Secreted Signaling","cellsignal_wnt","CellChat"
"WNT11_FZD10","WNT11","FZD10","1","1","1","1","Secreted Signaling","cellsignal_wnt","CellChat"
"WNT11_FZD2","WNT11","FZD2","1","1","1","1","Secreted Signaling","cellsignal_wnt","CellChat"
"WNT11_FZD3","WNT11","FZD3","1","1","1","1","Secreted Signaling","cellsignal_wnt","CellChat"
"WNT11_FZD4","WNT11","FZD4","1","1","1","1","Secreted Signaling","cellsignal_wnt","CellChat"
"WNT11_FZD5","WNT11","FZD5","1","1","1","1","Secreted Signaling","cellsignal_wnt","CellChat"
"WNT11_FZD6","WNT11","FZD6","1","1","1","1","Secreted Signaling","cellsignal_wnt","CellChat"
"WNT11_FZD7","WNT11","FZD7","1","1","1","1","Secreted Signaling","cellsignal_wnt","CellChat"
"WNT11_FZD8","WNT11","FZD8","1","1","1","1","Secreted Signaling","cellsignal_wnt","CellChat"
"WNT11_FZD9","WNT11","FZD9","1","1","1","1","Secreted Signaling","cellsignal_wnt","CellChat"
"EGF_EGFR","EGF","EGFR","1","1","1","1","Secreted Signaling","growth factor","CellChat"
"EGF_EGFR_ERBB2","EGF","ERBB2;EGFR","1","1","1;1","1","Secreted Signaling","growth factor","CellChat"
"TGFA_EGFR","TGFA","EGFR","1","1","1","1","Secreted Signaling","growth factor","CellChat"
"TGFA_EGFR_ERBB2","TGFA","ERBB2;EGFR","1","1","1;1","1","Secreted Signaling","growth factor","CellChat"
"AREG_EGFR","AREG","EGFR","1","1","1","1","Secreted Signaling","growth factor","CellChat"
"AREG_EGFR_ERBB2","AREG","ERBB2;EGFR","1","1","1;1","1","Secreted Signaling","growth factor","CellChat"
"BTC_EGFR","BTC","EGFR","1","1","1","1","Secreted Signaling","growth factor","CellChat"
"BTC_EGFR_ERBB2","BTC","ERBB2;EGFR","1","1","1;1","1","Secreted Signaling","growth factor","CellChat"
"BTC_ERBB4","BTC","ERBB4","1","1","1","1","Secreted Signaling","growth factor","CellChat"
"BTC_ERBB2_ERBB4","BTC","ERBB2;ERBB4","1","1","1;1","1","Secreted Signaling","growth factor","CellChat"
"HBEGF_EGFR","HBEGF","EGFR","1","1","1","1","Secreted Signaling","growth factor","CellChat"
"HBEGF_EGFR_ERBB2","HBEGF","ERBB2;EGFR","1","1","1;1","1","Secreted Signaling","growth factor","CellChat"
"HBEGF_ERBB4","HBEGF","ERBB4","1","1","1","1","Secreted Signaling","growth factor","CellChat"
"HBEGF_ERBB2_ERBB4","HBEGF","ERBB2;ERBB4","1","1","1;1","1","Secreted Signaling","growth factor","CellChat"
"EREG_EGFR","EREG","EGFR","1","1","1","1","Secreted Signaling","growth factor","CellChat"
"EREG_EGFR_ERBB2","EREG","ERBB2;EGFR","1","1","1;1","1","Secreted Signaling","growth factor","CellChat"
"EREG_ERBB4","EREG","ERBB4","1","1","1","1","Secreted Signaling","growth factor","CellChat"
"EREG_ERBB2_ERBB4","EREG","ERBB2;ERBB4","1","1","1;1","1","Secreted Signaling","growth factor","CellChat"
"NRG1_ERBB3","NRG1","ERBB3","1","1","1","1","Secreted Signaling","growth factor","CellChat"
"NRG1_ERBB2_ERBB3","NRG1","ERBB3;ERBB2","1","1","1;1","1","Secreted Signaling","growth factor","CellChat"
"NRG1_ERBB4","NRG1","ERBB4","1","1","1","1","Secreted Signaling","growth factor","CellChat"
"NRG1_ERBB2_ERBB4","NRG1","ERBB2;ERBB4","1","1","1;1","1","Secreted Signaling","growth factor","CellChat"
"NRG2_ERBB3","NRG2","ERBB3","1","1","1","1","Secreted Signaling","growth factor","CellChat"
"NRG2_ERBB2_ERBB3","NRG2","ERBB3;ERBB2","1","1","1;1","1","Secreted Signaling","growth factor","CellChat"
"NRG2_ERBB4","NRG2","ERBB4","1","1","1","1","Secreted Signaling","growth factor","CellChat"
"NRG2_ERBB2_ERBB4","NRG2","ERBB2;ERBB4","1","1","1;1","1","Secreted Signaling","growth factor","CellChat"
"NRG3_ERBB4","NRG3","ERBB4","1","1","1","1","Secreted Signaling","growth factor","CellChat"
"NRG3_ERBB2_ERBB4","NRG3","ERBB2;ERBB4","1","1","1;1","1","Secreted Signaling","growth factor","CellChat"
"NRG4_ERBB4","NRG4","ERBB4","1","1","1","1","Secreted Signaling","growth factor","CellChat"
"NRG4_ERBB2_ERBB4","NRG4","ERBB2;ERBB4","1","1","1;1","1","Secreted Signaling","growth factor","CellChat"
"NRG1_ITGAV_ITGB3","NRG1","ITGAV;ITGB3","1","1","1;1","1","Secreted Signaling","growth factor","CellChat"
"FGF1_FGFR1","FGF1","FGFR1","1","1","1","1","Secreted Signaling","growth factor","CellChat"
"FGF1_FGFR2","FGF1","FGFR2","1","1","1","1","Secreted Signaling","growth factor","CellChat"
"FGF1_FGFR3","FGF1","FGFR3","1","1","1","1","Secreted Signaling","growth factor","CellChat"
"FGF1_FGFR4","FGF1","FGFR4","1","1","1","1","Secreted Signaling","growth factor","CellChat"
"FGF2_FGFR1","FGF2","FGFR1","1","1","1","1","Secreted Signaling","growth factor","CellChat"
"FGF2_FGFR2","FGF2","FGFR2","1","1","1","1","Secreted Signaling","growth factor","CellChat"
"FGF2_FGFR3","FGF2","FGFR3","1","1","1","1","Secreted Signaling","growth factor","CellChat"
"FGF2_FGFR4","FGF2","FGFR4","1","1","1","1","Secreted Signaling","growth factor","CellChat"
"FGF4_FGFR1","FGF4","FGFR1","1","1","1","1","Secreted Signaling","growth factor","CellChat"
"FGF4_FGFR2","FGF4","FGFR2","1","1","1","1","Secreted Signaling","growth factor","CellChat"
"FGF4_FGFR3","FGF4","FGFR3","1","1","1","1","Secreted Signaling","growth factor","CellChat"
"FGF4_FGFR4","FGF4","FGFR4","1","1","1","1","Secreted Signaling","growth factor","CellChat"
"FGF5_FGFR1","FGF5","FGFR1","1","1","1","1","Secreted Signaling","growth factor","CellChat"
"FGF5_FGFR2","FGF5","FGFR2","1","1","1","1","Secreted Signaling","growth factor","CellChat"
"FGF5_FGFR3","FGF5","FGFR3","1","1","1","1","Secreted Signaling","growth factor","CellChat"
"FGF5_FGFR4","FGF5","FGFR4","1","1","1","1","Secreted Signaling","growth factor","CellChat"
"FGF6_FGFR1","FGF6","FGFR1","1","1","1","1","Secreted Signaling","growth factor","CellChat"
"FGF6_FGFR2","FGF6","FGFR2","1","1","1","1","Secreted Signaling","growth factor","CellChat"
"FGF6_FGFR3","FGF6","FGFR3","1","1","1","1","Secreted Signaling","growth factor","CellChat"
"FGF6_FGFR4","FGF6","FGFR4","1","1","1","1","Secreted Signaling","growth factor","CellChat"
"FGF7_FGFR1","FGF7","FGFR1","1","1","1","1","Secreted Signaling","growth factor","CellChat"
"FGF7_FGFR2","FGF7","FGFR2","1","1","1","1","Secreted Signaling","growth factor","CellChat"
"FGF3_FGFR1","FGF3","FGFR1","1","1","1","1","Secreted Signaling","growth factor","CellChat"
"FGF3_FGFR2","FGF3","FGFR2","1","1","1","1","Secreted Signaling","growth factor","CellChat"
"FGF10_FGFR1","FGF10","FGFR1","1","1","1","1","Secreted Signaling","growth factor","CellChat"
"FGF10_FGFR2","FGF10","FGFR2","1","1","1","1","Secreted Signaling","growth factor","CellChat"
"FGF22_FGFR2","FGF22","FGFR2","1","1","1","1","Secreted Signaling","growth factor","CellChat"
"FGF8_FGFR1","FGF8","FGFR1","1","1","1","1","Secreted Signaling","growth factor","CellChat"
"FGF8_FGFR2","FGF8","FGFR2","1","1","1","1","Secreted Signaling","growth factor","CellChat"
"FGF8_FGFR3","FGF8","FGFR3","1","1","1","1","Secreted Signaling","growth factor","CellChat"
"FGF8_FGFR4","FGF8","FGFR4","1","1","1","1","Secreted Signaling","growth factor","CellChat"
"FGF17_FGFR1","FGF17","FGFR1","1","1","1","1","Secreted Signaling","growth factor","CellChat"
"FGF17_FGFR2","FGF17","FGFR2","1","1","1","1","Secreted Signaling","growth factor","CellChat"
"FGF17_FGFR3","FGF17","FGFR3","1","1","1","1","Secreted Signaling","growth factor","CellChat"
"FGF17_FGFR4","FGF17","FGFR4","1","1","1","1","Secreted Signaling","growth factor","CellChat"
"FGF18_FGFR1","FGF18","FGFR1","1","1","1","1","Secreted Signaling","","CellChat"
"FGF18_FGFR2","FGF18","FGFR2","1","1","1","1","Secreted Signaling","","CellChat"
"FGF18_FGFR3","FGF18","FGFR3","1","1","1","1","Secreted Signaling","","CellChat"
"FGF18_FGFR4","FGF18","FGFR4","1","1","1","1","Secreted Signaling","","CellChat"
"FGF9_FGFR1","FGF9","FGFR1","1","1","1","1","Secreted Signaling","growth factor","CellChat"
"FGF9_FGFR2","FGF9","FGFR2","1","1","1","1","Secreted Signaling","growth factor","CellChat"
"FGF9_FGFR3","FGF9","FGFR3","1","1","1","1","Secreted Signaling","growth factor","CellChat"
"FGF9_FGFR4","FGF9","FGFR4","1","1","1","1","Secreted Signaling","growth factor","CellChat"
"FGF20_FGFR1","FGF20","FGFR1","1","1","1","1","Secreted Signaling","growth factor","CellChat"
"FGF20_FGFR2","FGF20","FGFR2","1","1","1","1","Secreted Signaling","growth factor","CellChat"
"FGF20_FGFR3","FGF20","FGFR3","1","1","1","1","Secreted Signaling","growth factor","CellChat"
"FGF20_FGFR4","FGF20","FGFR4","1","1","1","1","Secreted Signaling","growth factor","CellChat"
"FGF16_FGFR1","FGF16","FGFR1","1","1","1","1","Secreted Signaling","","CellChat"
"FGF16_FGFR2","FGF16","FGFR2","1","1","1","1","Secreted Signaling","","CellChat"
"FGF16_FGFR3","FGF16","FGFR3","1","1","1","1","Secreted Signaling","","CellChat"
"FGF16_FGFR4","FGF16","FGFR4","1","1","1","1","Secreted Signaling","","CellChat"
"FGF15_FGFR1","FGF19","FGFR1","1","1","1","1","Secreted Signaling","growth factor","CellChat"
"FGF15_FGFR2","FGF19","FGFR2","1","1","1","1","Secreted Signaling","growth factor","CellChat"
"FGF15_FGFR3","FGF19","FGFR3","1","1","1","1","Secreted Signaling","growth factor","CellChat"
"FGF15_FGFR4","FGF19","FGFR4","1","1","1","1","Secreted Signaling","growth factor","CellChat"
"FGF21_FGFR1","FGF21","FGFR1","1","1","1","1","Secreted Signaling","growth factor","CellChat"
"FGF21_FGFR3","FGF21","FGFR3","1","1","1","1","Secreted Signaling","growth factor","CellChat"
"FGF23_FGFR1","FGF23","FGFR1","1","1","1","1","Secreted Signaling","growth factor","CellChat"
"FGF23_FGFR3","FGF23","FGFR3","1","1","1","1","Secreted Signaling","growth factor","CellChat"
"FGF23_FGFR4","FGF23","FGFR4","1","1","1","1","Secreted Signaling","growth factor","CellChat"
"PDGFA_PDGFRA","PDGFA","PDGFRA","1","1","1","1","Secreted Signaling","growth factor","CellChat"
"PDGFA_PDGFRB","PDGFA","PDGFRB","1","1","1","1","Secreted Signaling","growth factor","CellChat"
"PDGFB_PDGFRA","PDGFB","PDGFRA","1","1","1","1","Secreted Signaling","growth factor","CellChat"
"PDGFB_PDGFRB","PDGFB","PDGFRB","1","1","1","1","Secreted Signaling","growth factor","CellChat"
"PDGFC_PDGFRA","PDGFC","PDGFRA","1","1","1","1","Secreted Signaling","growth factor","CellChat"
"PDGFD_PDGFRB","PDGFD","PDGFRB","1","1","1","1","Secreted Signaling","growth factor","CellChat"
"VEGFA_VEGFR1","VEGFA","FLT1","1","1","1","1","Secreted Signaling","growth factor","CellChat"
"VEGFA_VEGFR2","VEGFA","KDR","1","1","1","1","Secreted Signaling","growth factor","CellChat"
"VEGFB_VEGFR1","VEGFB","FLT1","1","1","1","1","Secreted Signaling","growth factor","CellChat"
"VEGFC_VEGFR3","VEGFC","FLT4","1","1","1","1","Secreted Signaling","growth factor","CellChat"
"VEGFC_VEGFR2","VEGFC","KDR","1","1","1","1","Secreted Signaling","growth factor","CellChat"
"VEGFD_VEGFR3","VEGFD","FLT4","1","1","1","1","Secreted Signaling","growth factor","CellChat"
"VEGFD_VEGFR2","VEGFD","KDR","1","1","1","1","Secreted Signaling","growth factor","CellChat"
"PGF_VEGFR1","PGF","FLT1","1","1","1","1","Secreted Signaling","growth factor","CellChat"
"VEGFA_VEGFR1R2","VEGFA","FLT1;KDR","1","1","1;1","1","Secreted Signaling","growth factor","CellChat"
"VEGFC_VEGFR2R3","VEGFC","FLT4;KDR","1","1","1;1","1","Secreted Signaling","growth factor","CellChat"
"VEGFD_VEGFR2R3","VEGFD","FLT4;KDR","1","1","1;1","1","Secreted Signaling","growth factor","CellChat"
"IGF1_IGF1R","IGF1","IGF1R","1","1","1","1","Secreted Signaling","growth factor","CellChat"
"IGF2_IGF1R","IGF2","IGF1R","1","1","1","1","Secreted Signaling","growth factor;hormone","CellChat"
"IGF2_IGF2R","IGF2","IGF2R","1","1","1","1","Secreted Signaling","growth factor;hormone","CellChat"
"IGF1_ITGAV_ITGB3","IGF1","ITGAV;ITGB3","1","1","1;1","1","Secreted Signaling","growth factor","CellChat"
"IGF1_ITGA6_ITGB4","IGF1","ITGA6;ITGB4","1","1","1;1","1","Secreted Signaling","growth factor","CellChat"
"IGF2_ITGAV_ITGB3","IGF2","ITGAV;ITGB3","1","1","1;1","1","Secreted Signaling","growth factor;hormone","CellChat"
"IGF2_ITGA6_ITGB4","IGF2","ITGA6;ITGB4","1","1","1;1","1","Secreted Signaling","growth factor;hormone","CellChat"
"IGFL3_IGFLR1","IGFL3","IGFLR1","1","1","1","1","Secreted Signaling","growth factor","CellChat"
"INS_INSSR","INS","INSR","1","1","1","1","Secreted Signaling","hormone","CellChat"
"APLN_APLNR","APLN","APLNR","1","1","1","1","Secreted Signaling","hormone","CellChat"
"DHH_PTCH1","DHH","PTCH1;SMO","1","1","1;1","1","Secreted Signaling","secreted","CellChat"
"IHH_PTCH1","IHH","PTCH1;SMO","1","1","1;1","1","Secreted Signaling","secreted","CellChat"
"SHH_PTCH1","SHH","PTCH1;SMO","1","1","1;1","1","Secreted Signaling","secreted","CellChat"
"DHH_PTCH2","DHH","PTCH2;SMO","1","1","1;1","1","Secreted Signaling","secreted","CellChat"
"IHH_PTCH2","IHH","PTCH2;SMO","1","1","1;1","1","Secreted Signaling","secreted","CellChat"
"SHH_PTCH2","SHH","PTCH2;SMO","1","1","1;1","1","Secreted Signaling","secreted","CellChat"
"CCL5_CCR1","CCL5","CCR1","1","1","1","1","Secreted Signaling","cytokine","CellChat"
"CCL3_CCR1","CCL3","CCR1","1","1","1","1","Secreted Signaling","cytokine","CellChat"
"CCL3L1_CCR1","CCL3L1","CCR1","1","1","1","1","Secreted Signaling","cytokine","CellChat"
"CCL3L3_CCR1","CCL3L3","CCR1","1","1","1","1","Secreted Signaling","cytokine","CellChat"
"CCL8_CCR1","CCL8","CCR1","1","1","1","1","Secreted Signaling","cytokine","CellChat"
"CCL7_CCR1","CCL7","CCR1","1","1","1","1","Secreted Signaling","cytokine","CellChat"
"CCL13_CCR1","CCL13","CCR1","1","1","1","1","Secreted Signaling","cytokine","CellChat"
"CCL14_CCR1","CCL14","CCR1","1","1","1","1","Secreted Signaling","cytokine","CellChat"
"CCL15_CCR1","CCL15","CCR1","1","1","1","1","Secreted Signaling","cytokine","CellChat"
"CCL16_CCR1","CCL16","CCR1","1","1","1","1","Secreted Signaling","cytokine","CellChat"
"CCL23_CCR1","CCL23","CCR1","1","1","1","1","Secreted Signaling","cytokine","CellChat"
"CCL8_CCR2","CCL8","CCR2","1","1","1","1","Secreted Signaling","cytokine","CellChat"
"CCL7_CCR2","CCL7","CCR2","1","1","1","1","Secreted Signaling","cytokine","CellChat"
"CCL2_CCR2","CCL2","CCR2","1","1","1","1","Secreted Signaling","cytokine","CellChat"
"CCL27_CCR2","CCL27","CCR2","1","1","1","1","Secreted Signaling","cytokine","CellChat"
"CCL5_CCR3","CCL5","CCR3","1","1","1","1","Secreted Signaling","cytokine","CellChat"
"CCL7_CCR3","CCL7","CCR3","1","1","1","1","Secreted Signaling","cytokine","CellChat"
"CCL11_CCR3","CCL11","CCR3","1","1","1","1","Secreted Signaling","cytokine","CellChat"
"CCL24_CCR3","CCL24","CCR3","1","1","1","1","Secreted Signaling","cytokine","CellChat"
"CCL26_CCR3","CCL26","CCR3","1","1","1","1","Secreted Signaling","cytokine","CellChat"
"CCL28_CCR3","CCL28","CCR3","1","1","1","1","Secreted Signaling","cytokine","CellChat"
"CCL27_CCR3","CCL27","CCR3","1","1","1","1","Secreted Signaling","cytokine","CellChat"
"CCL17_CCR4","CCL17","CCR4","1","1","1","1","Secreted Signaling","cytokine","CellChat"
"CCL22_CCR4","CCL22","CCR4","1","1","1","1","Secreted Signaling","cytokine","CellChat"
"CCL5_CCR4","CCL5","CCR4","1","1","1","1","Secreted Signaling","cytokine","CellChat"
"CCL4_CCR5","CCL4","CCR5","1","1","1","1","Secreted Signaling","cytokine","CellChat"
"CCL5_CCR5","CCL5","CCR5","1","1","1","1","Secreted Signaling","cytokine","CellChat"
"CCL3_CCR5","CCL3","CCR5","1","1","1","1","Secreted Signaling","cytokine","CellChat"
"CCL20_CCR6","CCL20","CCR6","1","1","1","1","Secreted Signaling","cytokine","CellChat"
"CCL19_CCR7","CCL19","CCR7","1","1","1","1","Secreted Signaling","cytokine","CellChat"
"CCL21_CCR7","CCL21","CCR7","1","1","1","1","Secreted Signaling","cytokine","CellChat"
"CCL19_ACKR4","CCL19","ACKR4","1","1","1","1","Secreted Signaling","cytokine","CellChat"
"CCL21_ACKR4","CCL21","ACKR4","1","1","1","1","Secreted Signaling","cytokine","CellChat"
"CCL1_CCR8","CCL1","CCR8","1","1","1","1","Secreted Signaling","cytokine","CellChat"
"CCL25_CCR9","CCL25","CCR9","1","1","1","1","Secreted Signaling","cytokine","CellChat"
"CCL25_ACKR4","CCL25","ACKR4","1","1","1","1","Secreted Signaling","cytokine","CellChat"
"CCL28_CCR10","CCL28","CCR10","1","1","1","1","Secreted Signaling","cytokine","CellChat"
"CCL27_CCR10","CCL27","CCR10","1","1","1","1","Secreted Signaling","cytokine","CellChat"
"CCL1_ACKR4","CCL1","ACKR4","1","1","1","1","Secreted Signaling","cytokine","CellChat"
"CCL13_ACKR4","CCL13","ACKR4","1","1","1","1","Secreted Signaling","cytokine","CellChat"
"CCL8_ACKR4","CCL8","ACKR4","1","1","1","1","Secreted Signaling","cytokine","CellChat"
"CCL1_ACKR1","CCL1","ACKR1","1","1","1","1","Secreted Signaling","cytokine","CellChat"
"CCL2_ACKR1","CCL2","ACKR1","1","1","1","1","Secreted Signaling","cytokine","CellChat"
"CCL5_ACKR1","CCL5","ACKR1","1","1","1","1","Secreted Signaling","cytokine","CellChat"
"CCL8_ACKR1","CCL8","ACKR1","1","1","1","1","Secreted Signaling","cytokine","CellChat"
"CCL13_ACKR1","CCL13","ACKR1","1","1","1","1","Secreted Signaling","cytokine","CellChat"
"CCL14_ACKR1","CCL14","ACKR1","1","1","1","1","Secreted Signaling","cytokine","CellChat"
"CCL16_ACKR1","CCL16","ACKR1","1","1","1","1","Secreted Signaling","cytokine","CellChat"
"CCL18_ACKR1","CCL18","ACKR1","1","1","1","1","Secreted Signaling","cytokine","CellChat"
"CXCL1_ACKR1","CXCL1","ACKR1","1","1","1","1","Secreted Signaling","cytokine;growth factor","CellChat"
"CXCL2_ACKR1","CXCL2","ACKR1","1","1","1","1","Secreted Signaling","cytokine","CellChat"
"CXCL3_ACKR1","CXCL3","ACKR1","1","1","1","1","Secreted Signaling","cytokine","CellChat"
"CXCL5_ACKR1","CXCL5","ACKR1","1","1","1","1","Secreted Signaling","cytokine","CellChat"
"CXCL6_ACKR1","CXCL6","ACKR1","1","1","1","1","Secreted Signaling","cytokine","CellChat"
"CXCL8_ACKR1","CXCL8","ACKR1","1","1","1","1","Secreted Signaling","cytokine","CellChat"
"CXCL9_ACKR1","CXCL9","ACKR1","1","1","1","1","Secreted Signaling","cytokine","CellChat"
"CXCL10_ACKR1","CXCL10","ACKR1","1","1","1","1","Secreted Signaling","cytokine","CellChat"
"CXCL11_ACKR1","CXCL11","ACKR1","1","1","1","1","Secreted Signaling","cytokine","CellChat"
"CXCL13_ACKR1","CXCL13","ACKR1","1","1","1","1","Secreted Signaling","cytokine","CellChat"
"CCL2_ACKR2","CCL2","ACKR2","1","1","1","1","Secreted Signaling","cytokine","CellChat"
"CCL3_ACKR2","CCL3","ACKR2","1","1","1","1","Secreted Signaling","cytokine","CellChat"
"CCL3L1_ACKR2","CCL3L1","ACKR2","1","1","1","1","Secreted Signaling","cytokine","CellChat"
"CCL4_ACKR2","CCL4","ACKR2","1","1","1","1","Secreted Signaling","cytokine","CellChat"
"CCL5_ACKR2","CCL5","ACKR2","1","1","1","1","Secreted Signaling","cytokine","CellChat"
"CCL7_ACKR2","CCL7","ACKR2","1","1","1","1","Secreted Signaling","cytokine","CellChat"
"CCL8_ACKR2","CCL8","ACKR2","1","1","1","1","Secreted Signaling","cytokine","CellChat"
"CCL7_ACKR1","CCL7","ACKR1","1","1","1","1","Secreted Signaling","cytokine","CellChat"
"CCL11_ACKR1","CCL11","ACKR1","1","1","1","1","Secreted Signaling","cytokine","CellChat"
"CCL11_ACKR2","CCL11","ACKR2","1","1","1","1","Secreted Signaling","cytokine","CellChat"
"CCL13_ACKR2","CCL13","ACKR2","1","1","1","1","Secreted Signaling","cytokine","CellChat"
"CCL22_ACKR2","CCL22","ACKR2","1","1","1","1","Secreted Signaling","cytokine","CellChat"
"CCL24_ACKR2","CCL24","ACKR2","1","1","1","1","Secreted Signaling","cytokine","CellChat"
"CCL26_ACKR2","CCL26","ACKR2","1","1","1","1","Secreted Signaling","cytokine","CellChat"
"CCL17_ACKR1","CCL17","ACKR1","1","1","1","1","Secreted Signaling","cytokine","CellChat"
"CCL14_ACKR2","CCL14","ACKR2","1","1","1","1","Secreted Signaling","cytokine","CellChat"
"CCL17_ACKR2","CCL17","ACKR2","1","1","1","1","Secreted Signaling","cytokine","CellChat"
"CXCL1_CXCR1","CXCL1","CXCR1","1","1","1","1","Secreted Signaling","cytokine;growth factor","CellChat"
"CXCL2_CXCR1","CXCL2","CXCR1","1","1","1","1","Secreted Signaling","cytokine","CellChat"
"CXCL3_CXCR1","CXCL3","CXCR1","1","1","1","1","Secreted Signaling","cytokine","CellChat"
"CXCL5_CXCR1","CXCL5","CXCR1","1","1","1","1","Secreted Signaling","cytokine","CellChat"
"CXCL6_CXCR1","CXCL6","CXCR1","1","1","1","1","Secreted Signaling","cytokine","CellChat"
"CXCL1_CXCR2","CXCL1","CXCR2","1","1","1","1","Secreted Signaling","cytokine;growth factor","CellChat"
"CXCL2_CXCR2","CXCL2","CXCR2","1","1","1","1","Secreted Signaling","cytokine","CellChat"
"CXCL3_CXCR2","CXCL3","CXCR2","1","1","1","1","Secreted Signaling","cytokine","CellChat"
"CXCL5_CXCR2","CXCL5","CXCR2","1","1","1","1","Secreted Signaling","cytokine","CellChat"
"CXCL6_CXCR2","CXCL6","CXCR2","1","1","1","1","Secreted Signaling","cytokine","CellChat"
"CXCL8_CXCR2","CXCL8","CXCR2","1","1","1","1","Secreted Signaling","cytokine","CellChat"
"PPBP_CXCR2","PPBP","CXCR2","1","1","1","1","Secreted Signaling","cytokine;growth factor","CellChat"
"PF4V1_CXCR3","PF4V1","CXCR3","1","1","1","1","Secreted Signaling","","CellChat"
"CXCL9_CXCR3","CXCL9","CXCR3","1","1","1","1","Secreted Signaling","cytokine","CellChat"
"CXCL10_CXCR3","CXCL10","CXCR3","1","1","1","1","Secreted Signaling","cytokine","CellChat"
"CXCL11_CXCR3","CXCL11","CXCR3","1","1","1","1","Secreted Signaling","cytokine","CellChat"
"CXCL13_CXCR3","CXCL13","CXCR3","1","1","1","1","Secreted Signaling","cytokine","CellChat"
"PF4_CXCR3","PF4","CXCR3","1","1","1","1","Secreted Signaling","cytokine","CellChat"
"CXCL12_CXCR4","CXCL12","CXCR4","1","1","1","1","Secreted Signaling","cytokine;growth factor","CellChat"
"CXCL11_ACKR3","CXCL11","ACKR3","1","1","1","1","Secreted Signaling","cytokine","CellChat"
"CXCL12_ACKR3","CXCL12","ACKR3","1","1","1","1","Secreted Signaling","cytokine;growth factor","CellChat"
"CXCL13_CXCR5","CXCL13","CXCR5","1","1","1","1","Secreted Signaling","cytokine","CellChat"
"CXCL16_CXCR6","CXCL16","CXCR6","1","1","1","1","Secreted Signaling","cytokine","CellChat"
"MIF_CD74_CXCR4","MIF","CD74;CXCR4","1","1","1;1","1","Secreted Signaling","","CellChat"
"MIF_CD74_CD44","MIF","CD44;CD74","1","1","1;1","1","Secreted Signaling","","CellChat"
"MIF_CD74_CXCR2","MIF","CXCR2;CD74","1","1","1;1","1","Secreted Signaling","","CellChat"
"MIF_ACKR3","MIF","ACKR3","1","1","1","1","Secreted Signaling","","CellChat"
"CX3CL1_CX3CR1","CX3CL1","CX3CR1","1","1","1","1","Secreted Signaling","cytokine","CellChat"
"XCL1_XCR1","XCL1","XCR1","1","1","1","1","Secreted Signaling","cytokine","CellChat"
"XCL2_XCR1","XCL2","XCR1","1","1","1","1","Secreted Signaling","cytokine","CellChat"
"IL2_IL2RA_IL2RB","IL2","IL2RA;IL2RB;IL2RG","1","1","1;1;1","1","Secreted Signaling","cytokine;growth factor","CellChat"
"IL2_IL2RB_IL2RG","IL2","IL2RB;IL2RG","1","1","1;1","1","Secreted Signaling","cytokine;growth factor","CellChat"
"IL4_IL4R_IL2RG","IL4","IL2RG;IL4R","1","1","1;1","1","Secreted Signaling","cytokine;growth factor","CellChat"
"IL7_IL7R_IL2RG","IL7","IL2RG;IL7R","1","1","1;1","1","Secreted Signaling","cytokine;growth factor","CellChat"
"IL9_IL9R_IL2RG","IL9","IL2RG;IL9R","1","1","1;1","1","Secreted Signaling","cytokine;growth factor","CellChat"
"IL15_IL15RA_IL2RB","IL15","IL15RA;IL2RB;IL2RG","1","1","1;1;1","1","Secreted Signaling","cytokine","CellChat"
"IL21_IL21R_IL2RG","IL21","IL2RG;IL21R","1","1","1;1","1","Secreted Signaling","cytokine","CellChat"
"TSLP_IL7R_CRLF2","TSLP","CRLF2;IL7R","1","1","1;1","1","Secreted Signaling","cytokine","CellChat"
"IL3_IL3RA_CSF2RB","IL3","IL3RA;CSF2RB","1","1","1;1","1","Secreted Signaling","cytokine;growth factor","CellChat"
"IL5_IL5RA_CSF2RB","IL5","CSF2RB;IL5RA","1","1","1;1","1","Secreted Signaling","cytokine;growth factor","CellChat"
"CSF2_CSF2RA_CSF2RB","CSF2","CSF2RB;CSF2RA","1","1","1;1","1","Secreted Signaling","cytokine;growth factor","CellChat"
"IL4_IL4R","IL4","IL4R","1","1","1","1","Secreted Signaling","cytokine;growth factor","CellChat"
"IL4_IL4R_IL13RA1","IL4","IL13RA1;IL4R","1","1","1;1","1","Secreted Signaling","cytokine;growth factor","CellChat"
"IL4_IL4R_IL13RA2","IL4","IL13RA2;IL4R","1","1","1;1","1","Secreted Signaling","cytokine;growth factor","CellChat"
"IL13_IL4R_IL13RA1","IL13","IL13RA1;IL4R","1","1","1;1","1","Secreted Signaling","cytokine","CellChat"
"IL13_IL4R_IL13RA2","IL13","IL13RA2;IL4R","1","1","1;1","1","Secreted Signaling","cytokine","CellChat"
"IL13_IL13RA1","IL13","IL13RA1","1","1","1","1","Secreted Signaling","cytokine","CellChat"
"IL13_IL13RA2","IL13","IL13RA2","1","1","1","1","Secreted Signaling","cytokine","CellChat"
"IL6_IL6R_IL6ST","IL6","IL6ST;IL6R","1","1","1;1","1","Secreted Signaling","cytokine;growth factor","CellChat"
"IL11_IL11RA_IL6ST","IL11","IL11RA;IL6ST","1","1","1;1","1","Secreted Signaling","cytokine;growth factor","CellChat"
"IL12B_IL12RB1_IL12RB2","IL12B;IL12A","IL12RB1;IL12RB2","1;1","1","1;1","1","Secreted Signaling","cytokine;growth factor","CellChat"
"IL23A_IL23R_IL12RB1","IL12B;IL23A","IL12RB1;IL23R","1;1","1","1;1","1","Secreted Signaling","cytokine","CellChat"
"EBI3_IL27RA_IL6ST","IL27;EBI3","IL27RA;IL6ST","1;1","1","1;1","1","Secreted Signaling","cytokine","CellChat"
"IL31_IL31RA_OSMR","IL31","IL31RA;OSMR","1","1","1;1","1","Secreted Signaling","","CellChat"
"CNTF_CNTFR_LIFR","CNTF","IL6ST;LIFR;CNTFR","1","1","1;1;1","1","Secreted Signaling","cytokine","CellChat"
"CLCF1_CNTFR_LIFR","CLCF1","IL6ST;LIFR;CNTFR","1","1","1;1;1","1","Secreted Signaling","cytokine","CellChat"
"CTF1_LIFR_IL6ST","CTF1","IL6ST;LIFR","1","1","1;1","1","Secreted Signaling","","CellChat"
"LIF_LIFR_IL6ST","LIF","IL6ST;LIFR","1","1","1;1","1","Secreted Signaling","cytokine;growth factor","CellChat"
"OSM_LIFR_IL6ST","OSM","IL6ST;LIFR","1","1","1;1","1","Secreted Signaling","cytokine","CellChat"
"OSM_OSMR_IL6ST","OSM","IL6ST;OSMR","1","1","1;1","1","Secreted Signaling","cytokine","CellChat"
"IL10_IL10RA_IL10RB","IL10","IL10RA;IL10RB","1","1","1;1","1","Secreted Signaling","cytokine","CellChat"
"IL19_IL20RA_IL20RB","IL19","IL20RA;IL20RB","1","1","1;1","1","Secreted Signaling","cytokine","CellChat"
"IL20_IL20RA_IL20RB","IL20","IL20RA;IL20RB","1","1","1;1","1","Secreted Signaling","cytokine","CellChat"
"IL24_IL20RA_IL20RB","IL24","IL20RA;IL20RB","1","1","1;1","1","Secreted Signaling","cytokine","CellChat"
"IL20_IL22RA1_IL20RB","IL20","IL20RB;IL22RA1","1","1","1;1","1","Secreted Signaling","cytokine","CellChat"
"IL24_IL22RA1_IL20RB","IL24","IL20RB;IL22RA1","1","1","1;1","1","Secreted Signaling","cytokine","CellChat"
"IL22_IL22RA1_IL10RB","IL22","IL10RB;IL22RA1","1","1","1;1","1","Secreted Signaling","cytokine","CellChat"
"IL26_IL20RA_IL10RB","IL26","IL10RB;IL20RA","1","1","1;1","1","Secreted Signaling","cytokine","CellChat"
"IL1A_IL1R1_IL1RAP","IL1A","IL1RAP;IL1R1","1","1","1;1","1","Secreted Signaling","cytokine","CellChat"
"IL1B_IL1R1_IL1RAP","IL1B","IL1RAP;IL1R1","1","1","1;1","1","Secreted Signaling","cytokine","CellChat"
"IL1A_IL1R2","IL1A","IL1R2","1","1","1","1","Secreted Signaling","cytokine","CellChat"
"IL1B_IL1R2","IL1B","IL1R2","1","1","1","1","Secreted Signaling","cytokine","CellChat"
"IL1F6_IL1RL2_IL1RAP","IL36A","IL1RAP;IL1RL2","1","1","1;1","1","Secreted Signaling","cytokine","CellChat"
"IL1F8_IL1RL2_IL1RAP","IL36B","IL1RAP;IL1RL2","1","1","1;1","1","Secreted Signaling","cytokine","CellChat"
"IL1F9_IL1RL2_IL1RAP","IL36G","IL1RAP;IL1RL2","1","1","1;1","1","Secreted Signaling","cytokine","CellChat"
"IL1F10_IL1RL2_IL1RAP","IL1F10","IL1RAP;IL1RL2","1","1","1;1","1","Secreted Signaling","cytokine","CellChat"
"IL37_IL18R1_IL18RAP","IL37","IL18RAP;IL18R1","1","1","1;1","1","Secreted Signaling","cytokine","CellChat"
"IL18_IL18R1_IL18RAP","IL18","IL18RAP;IL18R1","1","1","1;1","1","Secreted Signaling","cytokine","CellChat"
"IL33_IL1RL1_IL1RAP","IL33","IL1RAP;IL1RL1","1","1","1;1","1","Secreted Signaling","cytokine","CellChat"
"IL17A_IL17RA_IL17RC","IL17A","IL17RA;IL17RC","1","1","1;1","1","Secreted Signaling","cytokine","CellChat"
"IL17F_IL17RA_IL17RC","IL17F","IL17RA;IL17RC","1","1","1;1","1","Secreted Signaling","cytokine","CellChat"
"IL17AF_IL17RA_IL17RC","IL17A;IL17F","IL17RA;IL17RC","1;1","1","1;1","1","Secreted Signaling","cytokine","CellChat"
"IL17B_IL17RB","IL17B","IL17RB","1","1","1","1","Secreted Signaling","","CellChat"
"IL17C_IL17RA_IL17RE","IL17C","IL17RA;IL17RE","1","1","1;1","1","Secreted Signaling","cytokine","CellChat"
"IL25_IL17RA_IL17RB","IL25","IL17RA;IL17RB","1","1","1;1","1","Secreted Signaling","cytokine","CellChat"
"IL34_CSF1R","IL34","CSF1R","1","1","1","1","Secreted Signaling","cytokine;growth factor","CellChat"
"CSF1_CSF1R","CSF1","CSF1R","1","1","1","1","Secreted Signaling","cytokine;growth factor","CellChat"
"IL16_CD4","IL16","CD4","1","1","1","1","Secreted Signaling","","CellChat"
"EPO_EPOR","EPO","EPOR","1","1","1","1","Secreted Signaling","hormone","CellChat"
"GH1_GHR","GH1","GHR","1","1","1","1","Secreted Signaling","hormone","CellChat"
"PRL_PRLR","PRL","PRLR","1","1","1","1","Secreted Signaling","hormone","CellChat"
"THPO_MPL","THPO","MPL","1","1","1","1","Secreted Signaling","cytokine;hormone","CellChat"
"CSF3_CSF3R","CSF3","CSF3R","1","1","1","1","Secreted Signaling","cytokine;growth factor","CellChat"
"IFNB1_IFNAR1_IFNAR2","IFNB1","IFNAR1;IFNAR2","1","1","1;1","1","Secreted Signaling","cytokine","CellChat"
"IFNW1_IFNAR1_IFNAR2","IFNW1","IFNAR1;IFNAR2","1","1","1;1","1","Secreted Signaling","cytokine","CellChat"
"IFNK_IFNAR1_IFNAR2","IFNK","IFNAR1;IFNAR2","1","1","1;1","1","Secreted Signaling","cytokine","CellChat"
"IFNE_IFNAR1_IFNAR2","IFNE","IFNAR1;IFNAR2","1","1","1;1","1","Secreted Signaling","cytokine","CellChat"
"IFNA1_IFNAR1_IFNAR2","IFNA1","IFNAR1;IFNAR2","1","1","1;1","1","Secreted Signaling","cytokine","CellChat"
"IFNA2_IFNAR1_IFNAR2","IFNA2","IFNAR1;IFNAR2","1","1","1;1","1","Secreted Signaling","cytokine","CellChat"
"IFNA4_IFNAR1_IFNAR2","IFNA4","IFNAR1;IFNAR2","1","1","1;1","1","Secreted Signaling","cytokine","CellChat"
"IFNA5_IFNAR1_IFNAR2","IFNA5","IFNAR1;IFNAR2","1","1","1;1","1","Secreted Signaling","cytokine","CellChat"
"IFNA6_IFNAR1_IFNAR2","IFNA6","IFNAR1;IFNAR2","1","1","1;1","1","Secreted Signaling","cytokine","CellChat"
"IFNA7_IFNAR1_IFNAR2","IFNA7","IFNAR1;IFNAR2","1","1","1;1","1","Secreted Signaling","cytokine","CellChat"
"IFNA8_IFNAR1_IFNAR2","IFNA8","IFNAR1;IFNAR2","1","1","1;1","1","Secreted Signaling","cytokine","CellChat"
"IFNA9_IFNAR1_IFNAR2","IFNA10","IFNAR1;IFNAR2","1","1","1;1","1","Secreted Signaling","cytokine","CellChat"
"IFNA10_IFNAR1_IFNAR2","IFNA13","IFNAR1;IFNAR2","1","1","1;1","1","Secreted Signaling","","CellChat"
"IFNA14_IFNAR1_IFNAR2","IFNA14","IFNAR1;IFNAR2","1","1","1;1","1","Secreted Signaling","cytokine","CellChat"
"IFNA16_IFNAR1_IFNAR2","IFNA16","IFNAR1;IFNAR2","1","1","1;1","1","Secreted Signaling","cytokine","CellChat"
"IFNA17_IFNAR1_IFNAR2","IFNA17","IFNAR1;IFNAR2","1","1","1;1","1","Secreted Signaling","cytokine","CellChat"
"IFNA21_IFNAR1_IFNAR2","IFNA21","IFNAR1;IFNAR2","1","1","1;1","1","Secreted Signaling","cytokine","CellChat"
"IFNG_IFNGR1_IFNGR2","IFNG","IFNGR1;IFNGR2","1","1","1;1","1","Secreted Signaling","cytokine","CellChat"
"TNF_TNFRSF1A","TNF","TNFRSF1A","1","1","1","1","Secreted Signaling","cytokine","CellChat"
"TNF_TNFRSF1B","TNF","TNFRSF1B","1","1","1","1","Secreted Signaling","cytokine","CellChat"
"LTA_TNFRSF1A","LTA","TNFRSF1A","1","1","1","1","Secreted Signaling","cytokine","CellChat"
"LTA_TNFRSF1B","LTA","TNFRSF1B","1","1","1","1","Secreted Signaling","cytokine","CellChat"
"LTA_TNFRSF14","LTA","TNFRSF14","1","1","1","1","Secreted Signaling","cytokine","CellChat"
"LTA_LTB_LTBR","LTB;LTA","LTBR","1;1","1","1","1","Secreted Signaling","cytokine","CellChat"
"TNFSF14_LTBR","TNFSF14","LTBR","1","1","1","1","Secreted Signaling","cytokine","CellChat"
"TNFSF14_TNFRSF14","TNFSF14","TNFRSF14","1","1","1","1","Secreted Signaling","cytokine","CellChat"
"FASL_FAS","FASLG","FAS","1","1","1","1","Secreted Signaling","cytokine","CellChat"
"TNFSF15_TNFRSF25","TNFSF15","TNFRSF25","1","1","1","1","Secreted Signaling","cytokine","CellChat"
"TNFSF10_TNFRSF10B","TNFSF10","TNFRSF10A","1","1","1","1","Secreted Signaling","cytokine","CellChat"
"EDA_EDAR","EDA","EDAR","1","1","1","1","Secreted Signaling","","CellChat"
"EDA_EDA2R","EDA","EDA2R","1","1","1","1","Secreted Signaling","","CellChat"
"NGF_NGFR","NGF","NGFR","1","1","1","1","Secreted Signaling","growth factor","CellChat"
"KLK3_NGFR","KLK3","NGFR","1","1","1","1","Secreted Signaling","","CellChat"
"TNFSF11_TNFRSF11A","TNFSF11","TNFRSF11A","1","1","1","1","Secreted Signaling","cytokine","CellChat"
"TNFSF11_TNFRSF11B","TNFSF11","TNFRSF11B","1","1","1","1","Secreted Signaling","cytokine","CellChat"
"TNFSF12_TNFRSF12A","TNFSF12","TNFRSF12A","1","1","1","1","Secreted Signaling","cytokine","CellChat"
"CD70_CD27","CD70","CD27","1","1","1","1","Secreted Signaling","cytokine","CellChat"
"TNFSF8_TNFRSF8","TNFSF8","TNFRSF8","1","1","1","1","Secreted Signaling","","CellChat"
"TNFSF9_TNFRSF9","TNFSF9","TNFRSF9","1","1","1","1","Secreted Signaling","cytokine","CellChat"
"TNFSF4_TNFRSF4","TNFSF4","TNFRSF4","1","1","1","1","Secreted Signaling","","CellChat"
"TNFSF18_TNFRSF18","TNFSF18","TNFRSF18","1","1","1","1","Secreted Signaling","cytokine","CellChat"
"TNFSF13_TNFRSF17","TNFSF13","TNFRSF17","1","1","1","1","Secreted Signaling","cytokine","CellChat"
"TNFSF13_TNFRSF13B","TNFSF13","TNFRSF13B","1","1","1","1","Secreted Signaling","cytokine","CellChat"
"TNFSF13B_TNFRSF17","TNFSF13B","TNFRSF17","1","1","1","1","Secreted Signaling","cytokine","CellChat"
"TNFSF13B_TNFRSF13B","TNFSF13B","TNFRSF13B","1","1","1","1","Secreted Signaling","cytokine","CellChat"
"TNFSF13B_TNFRSF13C","TNFSF13B","TNFRSF13C","1","1","1","1","Secreted Signaling","cytokine","CellChat"
"CD40LG_ITGA2B_ITGB3","CD40LG","ITGA2B;ITGB3","1","1","1;1","1","Secreted Signaling","cytokine","CellChat"
"CD40LG_ITGA5_ITGB1","CD40LG","ITGA5;ITGB1","1","1","1;1","1","Secreted Signaling","cytokine","CellChat"
"CD40LG_ITGAM_ITGB2","CD40LG","ITGAM;ITGB2","1","1","1;1","1","Secreted Signaling","cytokine","CellChat"
"SPP1_CD44","SPP1","CD44","1","1","1","1","Secreted Signaling","cytokine","CellChat"
"SPP1_ITGAV_ITGB3","SPP1","ITGAV;ITGB3","1","1","1;1","1","Secreted Signaling","cytokine","CellChat"
"SPP1_ITGAV_ITGB1","SPP1","ITGAV;ITGB1","1","1","1;1","1","Secreted Signaling","cytokine","CellChat"
"SPP1_ITGAV_ITGB5","SPP1","ITGAV;ITGB5","1","1","1;1","1","Secreted Signaling","cytokine","CellChat"
"SPP1_ITGAV_ITGB6","SPP1","ITGAV;ITGB6","1","1","1;1","1","Secreted Signaling","cytokine","CellChat"
"SPP1_ITGA4_ITGB1","SPP1","ITGA4;ITGB1","1","1","1;1","1","Secreted Signaling","cytokine","CellChat"
"SPP1_ITGA9_ITGB1","SPP1","ITGA9;ITGB1","1","1","1;1","1","Secreted Signaling","cytokine","CellChat"
"SPP1_ITGA8_ITGB1","SPP1","ITGA8;ITGB1","1","1","1;1","1","Secreted Signaling","cytokine","CellChat"
"SPP1_ITGA5_ITGB1","SPP1","ITGA5;ITGB1","1","1","1;1","1","Secreted Signaling","cytokine","CellChat"
"ADIPOQ_ADIPOR1","ADIPOQ","ADIPOR1","1","1","1","1","Secreted Signaling","hormone","CellChat"
"ADIPOQ_ADIPOR2","ADIPOQ","ADIPOR2","1","1","1","1","Secreted Signaling","hormone","CellChat"
"RETN_TLR4","RETN","TLR4","1","1","1","1","Secreted Signaling","","CellChat"
"RETN_CAP1","RETN","CAP1","1","1","1","1","Secreted Signaling","","CellChat"
"NAMPT_ITGA5_ITGB1","NAMPT","ITGA5;ITGB1","1","1","1;1","1","Secreted Signaling","","CellChat"
"ANGPTL1_ITGA1_ITGB1","ANGPTL1","ITGB1;ITGA1","1","1","1;1","1","Secreted Signaling","","CellChat"
"ANGPTL2_ITGA5_ITGB1","ANGPTL2","ITGA5;ITGB1","1","1","1;1","1","Secreted Signaling","","CellChat"
"ANGPTL2_TLR4","ANGPTL2","TLR4","1","1","1","1","Secreted Signaling","","CellChat"
"ANGPTL2_PIRB","ANGPTL2","LILRB3","1","1","1","1","Secreted Signaling","","CellChat"
"ANGPTL1_PIRB","ANGPTL1","LILRB3","1","1","1","1","Secreted Signaling","","CellChat"
"ANGPTL7_PIRB","ANGPTL7","LILRB3","1","1","1","1","Secreted Signaling","","CellChat"
"ANGPTL4_ITGA5_ITGB1","ANGPTL4","ITGA5;ITGB1","1","1","1;1","1","Secreted Signaling","","CellChat"
"ANGPTL4_ITGAV_ITGB3","ANGPTL4","ITGAV;ITGB3","1","1","1;1","1","Secreted Signaling","","CellChat"
"ANGPTL4_CDH5","ANGPTL4","CDH5","1","1","1","1","Secreted Signaling","","CellChat"
"ANGPTL4_CDH11","ANGPTL4","CDH11","1","1","1","1","Secreted Signaling","","CellChat"
"ANGPTL4_SDC1","ANGPTL4","SDC1","1","1","1","1","Secreted Signaling","","CellChat"
"ANGPTL4_SDC2","ANGPTL4","SDC2","1","1","1","1","Secreted Signaling","","CellChat"
"ANGPTL4_SDC3","ANGPTL4","SDC3","1","1","1","1","Secreted Signaling","","CellChat"
"ANGPTL4_SDC4","ANGPTL4","SDC4","1","1","1","1","Secreted Signaling","","CellChat"
"ANGPTL3_ITGAV_ITGB3","ANGPTL3","ITGAV;ITGB3","1","1","1;1","1","Secreted Signaling","","CellChat"
"ANGPT1_TEK","ANGPT1","TEK","1","1","1","1","Secreted Signaling","secreted","CellChat"
"ANGPT2_TEK","ANGPT2","TEK","1","1","1","1","Secreted Signaling","secreted","CellChat"
"ANGPT2_ITGA5_ITGB1","ANGPT2","ITGA5;ITGB1","1","1","1;1","1","Secreted Signaling","secreted","CellChat"
"MDK_SDC1","MDK","SDC1","1","1","1","1","Secreted Signaling","growth factor","CellChat"
"MDK_SDC2","MDK","SDC2","1","1","1","1","Secreted Signaling","growth factor","CellChat"
"MDK_SDC4","MDK","SDC4","1","1","1","1","Secreted Signaling","growth factor","CellChat"
"MDK_PTPRZ1","MDK","PTPRZ1","1","1","1","1","Secreted Signaling","growth factor","CellChat"
"MDK_ITGA4_ITGB1","MDK","ITGA4;ITGB1","1","1","1;1","1","Secreted Signaling","growth factor","CellChat"
"MDK_ITGA6_ITGB1","MDK","ITGA6;ITGB1","1","1","1;1","1","Secreted Signaling","growth factor","CellChat"
"MDK_LRP1","MDK","LRP1","1","1","1","1","Secreted Signaling","growth factor","CellChat"
"MDK_NCL","MDK","NCL","1","1","1","1","Secreted Signaling","growth factor","CellChat"
"MDK_ALK","MDK","ALK","1","1","1","1","Secreted Signaling","growth factor","CellChat"
"PTN_PTPRZ1","PTN","PTPRZ1","1","1","1","1","Secreted Signaling","growth factor","CellChat"
"PTN_SDC1","PTN","SDC1","1","1","1","1","Secreted Signaling","growth factor","CellChat"
"PTN_SDC2","PTN","SDC2","1","1","1","1","Secreted Signaling","growth factor","CellChat"
"PTN_SDC3","PTN","SDC3","1","1","1","1","Secreted Signaling","growth factor","CellChat"
"PTN_SDC4","PTN","SDC4","1","1","1","1","Secreted Signaling","growth factor","CellChat"
"PTN_ITGAV_ITGB3","PTN","ITGAV;ITGB3","1","1","1;1","1","Secreted Signaling","growth factor","CellChat"
"PTN_NCL","PTN","NCL","1","1","1","1","Secreted Signaling","growth factor","CellChat"
"PTN_ALK","PTN","ALK","1","1","1","1","Secreted Signaling","growth factor","CellChat"
"POSTN_ITGAV_ITGB3","POSTN","ITGAV;ITGB3","1","1","1;1","1","Secreted Signaling","","CellChat"
"POSTN_ITGAV_ITGB5","POSTN","ITGAV;ITGB5","1","1","1;1","1","Secreted Signaling","","CellChat"
"AGT_AGTR1B","AGT","AGTR1","1","1","1","1","Secreted Signaling","secreted","CellChat"
"KNG1_BDKRB1","KNG1","BDKRB1","1","1","1","1","Secreted Signaling","secreted","CellChat"
"KNG1_BDKRB2","KNG1","BDKRB2","1","1","1","1","Secreted Signaling","secreted","CellChat"
"C3_C3AR1","C3","C3AR1","1","1","1","1","Secreted Signaling","secreted","CellChat"
"C3_CR2","C3","CR2","1","1","1","1","Secreted Signaling","secreted","CellChat"
"C3_ITGAM_ITGB2","C3","ITGAM;ITGB2","1","1","1;1","1","Secreted Signaling","secreted","CellChat"
"C3_ITGAX_ITGB2","C3","ITGAX;ITGB2","1","1","1;1","1","Secreted Signaling","secreted","CellChat"
"C4A_C3AR1","C4A","C3AR1","1","1","1","1","Secreted Signaling","secreted","CellChat"
"C4A_CR2","C4A","CR2","1","1","1","1","Secreted Signaling","secreted","CellChat"
"HC_C5AR1","C5","C5AR1","1","1","1","1","Secreted Signaling","secreted","CellChat"
"CCK_CCKAR","CCK","CCKAR","1","1","1","1","Secreted Signaling","hormone","CellChat"
"EDN1_EDNRA","EDN1","EDNRA","1","1","1","1","Secreted Signaling","secreted","CellChat"
"EDN2_EDNRA","EDN2","EDNRA","1","1","1","1","Secreted Signaling","secreted","CellChat"
"EDN3_EDNRA","EDN3","EDNRA","1","1","1","1","Secreted Signaling","secreted","CellChat"
"EDN1_EDNRB","EDN1","EDNRB","1","1","1","1","Secreted Signaling","secreted","CellChat"
"EDN2_EDNRB","EDN2","EDNRB","1","1","1","1","Secreted Signaling","secreted","CellChat"
"EDN3_EDNRB","EDN3","EDNRB","1","1","1","1","Secreted Signaling","secreted","CellChat"
"GAL_GALR1","GAL","GALR1","1","1","1","1","Secreted Signaling","hormone","CellChat"
"GAL_GALR2","GAL","GALR2","1","1","1","1","Secreted Signaling","hormone","CellChat"
"GAL_GALR3","GAL","GALR3","1","1","1","1","Secreted Signaling","hormone","CellChat"
"GALP_GALR1","GALP","GALR1","1","1","1","1","Secreted Signaling","hormone","CellChat"
"GALP_GALR2","GALP","GALR2","1","1","1","1","Secreted Signaling","hormone","CellChat"
"GHRL_GHSR","GHRL","GHSR","1","1","1","1","Secreted Signaling","hormone","CellChat"
"KISS1_KISS1R","KISS1","KISS1R","1","1","1","1","Secreted Signaling","secreted","CellChat"
"POMC_MC1R","POMC","MC1R","1","1","1","1","Secreted Signaling","hormone","CellChat"
"POMC_MC2R","POMC","MC2R","1","1","1","1","Secreted Signaling","hormone","CellChat"
"POMC_MC3R","POMC","MC3R","1","1","1","1","Secreted Signaling","hormone","CellChat"
"POMC_MC4R","POMC","MC4R","1","1","1","1","Secreted Signaling","hormone","CellChat"
"POMC_MC5R","POMC","MC5R","1","1","1","1","Secreted Signaling","hormone","CellChat"
"NMU_NMUR1","NMU","NMUR1","1","1","1","1","Secreted Signaling","secreted","CellChat"
"NMU_NMUR2","NMU","NMUR2","1","1","1","1","Secreted Signaling","secreted","CellChat"
"NMS_NMUR1","NMS","NMUR1","1","1","1","1","Secreted Signaling","secreted","CellChat"
"NMS_NMUR2","NMS","NMUR2","1","1","1","1","Secreted Signaling","secreted","CellChat"
"NPFF_NPFFR1","NPFF","NPFFR1","1","1","1","1","Secreted Signaling","neuropeptide","CellChat"
"NPFF_NPFFR2","NPFF","NPFFR2","1","1","1","1","Secreted Signaling","neuropeptide","CellChat"
"NPY_NPY4R","NPY","NPY4R","1","1","1","1","Secreted Signaling","neuropeptide","CellChat"
"NPY_NPY6R","NPY","NPY6R","1","1","1","1","Secreted Signaling","neuropeptide","CellChat"
"NPY_GPR83","NPY","GPR83","1","1","1","1","Secreted Signaling","neuropeptide","CellChat"
"PPY_NPY1R","PPY","NPY1R","1","1","1","1","Secreted Signaling","hormone","CellChat"
"PPY_NPY2R","PPY","NPY2R","1","1","1","1","Secreted Signaling","hormone","CellChat"
"PPY_NPY4R","PPY","NPY4R","1","1","1","1","Secreted Signaling","hormone","CellChat"
"PPY_NPY5R","PPY","NPY5R","1","1","1","1","Secreted Signaling","hormone","CellChat"
"PPY_NPY6R","PPY","NPY6R","1","1","1","1","Secreted Signaling","hormone","CellChat"
"PPY_GPR83","PPY","GPR83","1","1","1","1","Secreted Signaling","hormone","CellChat"
"PYY_NPY1R","PYY","NPY1R","1","1","1","1","Secreted Signaling","hormone","CellChat"
"PYY_NPY2R","PYY","NPY2R","1","1","1","1","Secreted Signaling","hormone","CellChat"
"PYY_NPY4R","PYY","NPY4R","1","1","1","1","Secreted Signaling","hormone","CellChat"
"PYY_NPY5R","PYY","NPY5R","1","1","1","1","Secreted Signaling","hormone","CellChat"
"PYY_NPY6R","PYY","NPY6R","1","1","1","1","Secreted Signaling","hormone","CellChat"
"PYY_GPR83","PYY","GPR83","1","1","1","1","Secreted Signaling","hormone","CellChat"
"NPB_NPBWR1","NPB","NPBWR1","1","1","1","1","Secreted Signaling","secreted","CellChat"
"NPW_NPBWR1","NPW","NPBWR1","1","1","1","1","Secreted Signaling","secreted","CellChat"
"PDYN_OPRL1","PDYN","OPRL1","1","1","1","1","Secreted Signaling","secreted","CellChat"
"PENK_OPRK1","PENK","OPRK1","1","1","1","1","Secreted Signaling","secreted","CellChat"
"PENK_OPRL1","PENK","OPRL1","1","1","1","1","Secreted Signaling","secreted","CellChat"
"POMC_OPRD1","POMC","OPRD1","1","1","1","1","Secreted Signaling","hormone","CellChat"
"POMC_OPRK1","POMC","OPRK1","1","1","1","1","Secreted Signaling","hormone","CellChat"
"POMC_OPRL1","POMC","OPRL1","1","1","1","1","Secreted Signaling","hormone","CellChat"
"POMC_OPRM1","POMC","OPRM1","1","1","1","1","Secreted Signaling","hormone","CellChat"
"HCRT_HCRTR1","HCRT","HCRTR1","1","1","1","1","Secreted Signaling","secreted","CellChat"
"HCRT_HCRTR2","HCRT","HCRTR2","1","1","1","1","Secreted Signaling","secreted","CellChat"
"OXT_OXTR","OXT","OXTR","1","1","1","1","Secreted Signaling","hormone","CellChat"
"SST_SSTR5","SST","SSTR5","1","1","1","1","Secreted Signaling","hormone","CellChat"
"CORT_SSTR5","CORT","SSTR5","1","1","1","1","Secreted Signaling","hormone","CellChat"
"TAC4_TACR1","TAC4","TACR1","1","1","1","1","Secreted Signaling","","CellChat"
"TAC1_TACR2","TAC1","TACR2","1","1","1","1","Secreted Signaling","secreted","CellChat"
"UTS2_UTS2R","UTS2","UTS2R","1","1","1","1","Secreted Signaling","hormone","CellChat"
"AVP_AVPR2","AVP","AVPR2","1","1","1","1","Secreted Signaling","hormone","CellChat"
"AVP_AVPR1A","AVP","AVPR1A","1","1","1","1","Secreted Signaling","hormone","CellChat"
"AVP_AVPR1B","AVP","AVPR1B","1","1","1","1","Secreted Signaling","hormone","CellChat"
"PRLH_PRLHR","PRLH","PRLHR","1","1","1","1","Secreted Signaling","hormone","CellChat"
"PRSS3_F2R","PRSS3","F2R","1","1","1","1","Secreted Signaling","","CellChat"
"CTSG_F2R","CTSG","F2R","1","1","1","1","Secreted Signaling","secreted","CellChat"
"F2_F2R","F2","F2R","1","1","1","1","Secreted Signaling","secreted","CellChat"
"PLG_F2R","PLG","F2R","1","1","1","1","Secreted Signaling","secreted","CellChat"
"GZMA_F2R","GZMA","F2R","1","1","1","1","Secreted Signaling","","CellChat"
"PRSS2_F2R","PRSS2","F2R","1","1","1","1","Secreted Signaling","","CellChat"
"PRSS1_F2R","PRSS1","F2R","1","1","1","1","Secreted Signaling","","CellChat"
"PRSS3_F2RL1","PRSS3","F2RL1","1","1","1","1","Secreted Signaling","","CellChat"
"CTSG_F2RL1","CTSG","F2RL1","1","1","1","1","Secreted Signaling","secreted","CellChat"
"F2_F2RL1","F2","F2RL1","1","1","1","1","Secreted Signaling","secreted","CellChat"
"PLG_F2RL1","PLG","F2RL1","1","1","1","1","Secreted Signaling","secreted","CellChat"
"GZMA_F2RL1","GZMA","F2RL1","1","1","1","1","Secreted Signaling","","CellChat"
"PRSS2_F2RL1","PRSS2","F2RL1","1","1","1","1","Secreted Signaling","","CellChat"
"PRSS1_F2RL1","PRSS1","F2RL1","1","1","1","1","Secreted Signaling","","CellChat"
"PRSS3_F2RL2","PRSS3","F2RL2","1","1","1","1","Secreted Signaling","","CellChat"
"CTSG_F2RL2","CTSG","F2RL2","1","1","1","1","Secreted Signaling","secreted","CellChat"
"F2_F2RL2","F2","F2RL2","1","1","1","1","Secreted Signaling","secreted","CellChat"
"PLG_F2RL2","PLG","F2RL2","1","1","1","1","Secreted Signaling","secreted","CellChat"
"GZMA_F2RL2","GZMA","F2RL2","1","1","1","1","Secreted Signaling","","CellChat"
"PRSS2_F2RL2","PRSS2","F2RL2","1","1","1","1","Secreted Signaling","","CellChat"
"PRSS1_F2RL2","PRSS1","F2RL2","1","1","1","1","Secreted Signaling","","CellChat"
"PRSS3_F2RL3","PRSS3","F2RL3","1","1","1","1","Secreted Signaling","","CellChat"
"CTSG_F2RL3","CTSG","F2RL3","1","1","1","1","Secreted Signaling","secreted","CellChat"
"F2_F2RL3","F2","F2RL3","1","1","1","1","Secreted Signaling","secreted","CellChat"
"GZMA_F2RL3","GZMA","F2RL3","1","1","1","1","Secreted Signaling","","CellChat"
"PLG_F2RL3","PLG","F2RL3","1","1","1","1","Secreted Signaling","secreted","CellChat"
"PRSS2_F2RL3","PRSS2","F2RL3","1","1","1","1","Secreted Signaling","","CellChat"
"PRSS1_F2RL3","PRSS1","F2RL3","1","1","1","1","Secreted Signaling","","CellChat"
"PRSS3_PARD3","PRSS3","PARD3","1","1","1","1","Secreted Signaling","","CellChat"
"CTSG_PARD3","CTSG","PARD3","1","1","1","1","Secreted Signaling","secreted","CellChat"
"F2_PARD3","F2","PARD3","1","1","1","1","Secreted Signaling","secreted","CellChat"
"GZMA_PARD3","GZMA","PARD3","1","1","1","1","Secreted Signaling","","CellChat"
"PLG_PARD3","PLG","PARD3","1","1","1","1","Secreted Signaling","secreted","CellChat"
"PRSS2_PARD3","PRSS2","PARD3","1","1","1","1","Secreted Signaling","","CellChat"
"PRSS1_PARD3","PRSS1","PARD3","1","1","1","1","Secreted Signaling","","CellChat"
"PMCH_MCHR1","PMCH","MCHR1","1","1","1","1","Secreted Signaling","hormone","CellChat"
"PROK1_PROKR2","PROK1","PROKR2","1","1","1","1","Secreted Signaling","growth factor","CellChat"
"PROK1_PROKR1","PROK1","PROKR1","1","1","1","1","Secreted Signaling","growth factor","CellChat"
"PROK2_PROKR1","PROK2","PROKR1","1","1","1","1","Secreted Signaling","secreted","CellChat"
"PROK2_PROKR2","PROK2","PROKR2","1","1","1","1","Secreted Signaling","secreted","CellChat"
"NPPA_NPR1","NPPA","NPR1","1","1","1","1","Secreted Signaling","hormone","CellChat"
"NPPB_NPR1","NPPB","NPR1","1","1","1","1","Secreted Signaling","","CellChat"
"NPPC_NPR2","NPPC","NPR2","1","1","1","1","Secreted Signaling","","CellChat"
"KITL_KIT","KITLG","KIT","1","1","1","1","Secreted Signaling","growth factor","CellChat"
"GCG_GIPR","GCG","GIPR","1","1","1","1","Secreted Signaling","hormone","CellChat"
"GIP_GIPR","GIP","GIPR","1","1","1","1","Secreted Signaling","hormone","CellChat"
"FSHB_FSHR","FSHB","FSHR","1","1","1","1","Secreted Signaling","hormone","CellChat"
"CGA_FSHR","CGA","FSHR","1","1","1","1","Secreted Signaling","hormone","CellChat"
"LHB_LHCGR","LHB","LHCGR","1","1","1","1","Secreted Signaling","hormone","CellChat"
"CGA_LHCGR","CGA","LHCGR","1","1","1","1","Secreted Signaling","hormone","CellChat"
"TSHB_TSHR","TSHB","TSHR","1","1","1","1","Secreted Signaling","hormone","CellChat"
"CGA_TSHR","CGA","TSHR","1","1","1","1","Secreted Signaling","hormone","CellChat"
"BDNF_NTRK2","BDNF","NTRK2","1","1","1","1","Secreted Signaling","growth factor","CellChat"
"NGF_NTRK1","NGF","NTRK1","1","1","1","1","Secreted Signaling","growth factor","CellChat"
"FLT3L_FLT3","FLT3LG","FLT3","1","1","1","1","Secreted Signaling","cytokine","CellChat"
"HGF_MET","HGF","MET","1","1","1","1","Secreted Signaling","growth factor","CellChat"
"KLK3_NTRK1","KLK3","NTRK1","1","1","1","1","Secreted Signaling","","CellChat"
"NTF3_NTRK1","NTF3","NTRK1","1","1","1","1","Secreted Signaling","growth factor","CellChat"
"NTF3_NTRK2","NTF3","NTRK2","1","1","1","1","Secreted Signaling","growth factor","CellChat"
"NTF3_NTRK3","NTF3","NTRK3","1","1","1","1","Secreted Signaling","growth factor","CellChat"
"NTF5_NTRK2","NTF4","NTRK2","1","1","1","1","Secreted Signaling","growth factor","CellChat"
"SEMA3A_NRP1_PLXNA1","SEMA3A","NRP1;PLXNA1","1","1","1;1","1","Secreted Signaling","secreted","CellChat"
"SEMA3A_NRP1_PLXNA2","SEMA3A","NRP1;PLXNA2","1","1","1;1","1","Secreted Signaling","secreted","CellChat"
"SEMA3A_NRP1_PLXNA3","SEMA3A","PLXNA3;NRP1","1","1","1;1","1","Secreted Signaling","secreted","CellChat"
"SEMA3A_NRP1_PLXNA4","SEMA3A","PLXNA4;NRP1","1","1","1;1","1","Secreted Signaling","secreted","CellChat"
"SEMA3B_NRP1_PLXNA1","SEMA3B","NRP1;PLXNA1","1","1","1;1","1","Secreted Signaling","","CellChat"
"SEMA3B_NRP1_PLXNA2","SEMA3B","NRP1;PLXNA2","1","1","1;1","1","Secreted Signaling","","CellChat"
"SEMA3B_NRP1_PLXNA3","SEMA3B","PLXNA3;NRP1","1","1","1;1","1","Secreted Signaling","","CellChat"
"SEMA3B_NRP1_PLXNA4","SEMA3B","PLXNA4;NRP1","1","1","1;1","1","Secreted Signaling","","CellChat"
"SEMA3C_NRP1_PLXNA1","SEMA3C","NRP1;PLXNA1","1","1","1;1","1","Secreted Signaling","secreted","CellChat"
"SEMA3C_NRP1_PLXNA2","SEMA3C","NRP1;PLXNA2","1","1","1;1","1","Secreted Signaling","secreted","CellChat"
"SEMA3C_NRP1_PLXNA3","SEMA3C","PLXNA3;NRP1","1","1","1;1","1","Secreted Signaling","secreted","CellChat"
"SEMA3C_NRP1_PLXNA4","SEMA3C","PLXNA4;NRP1","1","1","1;1","1","Secreted Signaling","secreted","CellChat"
"SEMA3D_NRP1_PLXNA1","SEMA3D","NRP1;PLXNA1","1","1","1;1","1","Secreted Signaling","","CellChat"
"SEMA3D_NRP1_PLXNA2","SEMA3D","NRP1;PLXNA2","1","1","1;1","1","Secreted Signaling","","CellChat"
"SEMA3D_NRP1_PLXNA3","SEMA3D","PLXNA3;NRP1","1","1","1;1","1","Secreted Signaling","","CellChat"
"SEMA3D_NRP1_PLXNA4","SEMA3D","PLXNA4;NRP1","1","1","1;1","1","Secreted Signaling","","CellChat"
"SEMA3B_NRP2_PLXNA1","SEMA3B","PLXNA1;NRP2","1","1","1;1","1","Secreted Signaling","","CellChat"
"SEMA3B_NRP2_PLXNA2","SEMA3B","NRP2;PLXNA2","1","1","1;1","1","Secreted Signaling","","CellChat"
"SEMA3B_NRP2_PLXNA3","SEMA3B","PLXNA3;NRP2","1","1","1;1","1","Secreted Signaling","","CellChat"
"SEMA3B_NRP2_PLXNA4","SEMA3B","PLXNA4;NRP2","1","1","1;1","1","Secreted Signaling","","CellChat"
"SEMA3C_NRP2_PLXNA1","SEMA3C","PLXNA1;NRP2","1","1","1;1","1","Secreted Signaling","secreted","CellChat"
"SEMA3C_NRP2_PLXNA2","SEMA3C","NRP2;PLXNA2","1","1","1;1","1","Secreted Signaling","secreted","CellChat"
"SEMA3C_NRP2_PLXNA3","SEMA3C","PLXNA3;NRP2","1","1","1;1","1","Secreted Signaling","secreted","CellChat"
"SEMA3C_NRP2_PLXNA4","SEMA3C","PLXNA4;NRP2","1","1","1;1","1","Secreted Signaling","secreted","CellChat"
"SEMA3D_NRP2_PLXNA1","SEMA3D","PLXNA1;NRP2","1","1","1;1","1","Secreted Signaling","","CellChat"
"SEMA3D_NRP2_PLXNA2","SEMA3D","NRP2;PLXNA2","1","1","1;1","1","Secreted Signaling","","CellChat"
"SEMA3D_NRP2_PLXNA3","SEMA3D","PLXNA3;NRP2","1","1","1;1","1","Secreted Signaling","","CellChat"
"SEMA3D_NRP2_PLXNA4","SEMA3D","PLXNA4;NRP2","1","1","1;1","1","Secreted Signaling","","CellChat"
"SEMA3F_NRP2_PLXNA1","SEMA3F","PLXNA1;NRP2","1","1","1;1","1","Secreted Signaling","secreted","CellChat"
"SEMA3F_NRP2_PLXNA2","SEMA3F","NRP2;PLXNA2","1","1","1;1","1","Secreted Signaling","secreted","CellChat"
"SEMA3F_NRP2_PLXNA3","SEMA3F","PLXNA3;NRP2","1","1","1;1","1","Secreted Signaling","secreted","CellChat"
"SEMA3F_NRP2_PLXNA4","SEMA3F","PLXNA4;NRP2","1","1","1;1","1","Secreted Signaling","secreted","CellChat"
"SEMA3G_NRP2_PLXNA1","SEMA3G","PLXNA1;NRP2","1","1","1;1","1","Secreted Signaling","","CellChat"
"SEMA3G_NRP2_PLXNA2","SEMA3G","NRP2;PLXNA2","1","1","1;1","1","Secreted Signaling","","CellChat"
"SEMA3G_NRP2_PLXNA3","SEMA3G","PLXNA3;NRP2","1","1","1;1","1","Secreted Signaling","","CellChat"
"SEMA3G_NRP2_PLXNA4","SEMA3G","PLXNA4;NRP2","1","1","1;1","1","Secreted Signaling","","CellChat"
"SEMA3C_NRP1_NRP2","SEMA3C","NRP1;PLXND1;NRP2","1","1","1;1;1","1","Secreted Signaling","secreted","CellChat"
"SEMA3C_PLXND1","SEMA3C","PLXND1","1","1","1","1","Secreted Signaling","secreted","CellChat"
"SEMA3E_PLXND1","SEMA3E","PLXND1","1","1","1","1","Secreted Signaling","secreted","CellChat"
"ADM_CALCR","ADM","CALCR","1","1","1","1","Secreted Signaling","hormone","CellChat"
"ADM_CALCRL","ADM","CALCRL","1","1","1","1","Secreted Signaling","hormone","CellChat"
"AGT_MAS1","AGT","MAS1","1","1","1","1","Secreted Signaling","secreted","CellChat"
"ANXA1_FPR2","ANXA1","FPR2","1","1","1","1","Secreted Signaling","secreted","CellChat"
"ANXA1_FPR1","ANXA1","FPR1","1","1","1","1","Secreted Signaling","secreted","CellChat"
"APELA_APLNR","APELA","APLNR","1","1","1","1","Secreted Signaling","hormone","CellChat"
"CALCA_CALCR","CALCA","CALCR","1","1","1","1","Secreted Signaling","hormone","CellChat"
"CALCA_CALCRL","CALCA","CALCRL","1","1","1","1","Secreted Signaling","hormone","CellChat"
"CALCB_CALCR","CALCB","CALCR","1","1","1","1","Secreted Signaling","hormone","CellChat"
"CALCB_CALCRL","CALCB","CALCRL","1","1","1","1","Secreted Signaling","hormone","CellChat"
"ENHO_GPR19","ENHO","GPR19","1","1","1","1","Secreted Signaling","","CellChat"
"GAS6_AXL","GAS6","AXL","1","1","1","1","Secreted Signaling","secreted","CellChat"
"GAS6_MERTK","GAS6","MERTK","1","1","1","1","Secreted Signaling","secreted","CellChat"
"GAS6_TYRO3","GAS6","TYRO3","1","1","1","1","Secreted Signaling","secreted","CellChat"
"GCG_GCGR","GCG","GCGR","1","1","1","1","Secreted Signaling","hormone","CellChat"
"GCG_GLP1R","GCG","GLP1R","1","1","1","1","Secreted Signaling","hormone","CellChat"
"GCG_GLP2R","GCG","GLP2R","1","1","1","1","Secreted Signaling","hormone","CellChat"
"GH_PRLR","GH1","PRLR","1","1","1","1","Secreted Signaling","hormone","CellChat"
"GHRH_VIPR1","GHRH","VIPR1","1","1","1","1","Secreted Signaling","secreted","CellChat"
"GHRH_VIPR2","GHRH","VIPR2","1","1","1","1","Secreted Signaling","secreted","CellChat"
"GHRH_GHSR","GHRH","GHSR","1","1","1","1","Secreted Signaling","secreted","CellChat"
"GHRH_GHRHR","GHRH","GHRHR","1","1","1","1","Secreted Signaling","secreted","CellChat"
"GNRH1_GNRHR","GNRH1","GNRHR","1","1","1","1","Secreted Signaling","hormone","CellChat"
"GRN_SORT1","GRN","SORT1","1","1","1","1","Secreted Signaling","","CellChat"
"GUCA2A_GUCY2C","GUCA2A","GUCY2C","1","1","1","1","Secreted Signaling","","CellChat"
"GUCA2B_GUCY2C","GUCA2B","GUCY2C","1","1","1","1","Secreted Signaling","","CellChat"
"IAPP_CALCR","IAPP","CALCR","1","1","1","1","Secreted Signaling","hormone","CellChat"
"IAPP_CALCRL","IAPP","CALCRL","1","1","1","1","Secreted Signaling","hormone","CellChat"
"INSL3_RXFP2","INSL3","RXFP2","1","1","1","1","Secreted Signaling","hormone","CellChat"
"INSL3_RXFP1","INSL3","RXFP1","1","1","1","1","Secreted Signaling","hormone","CellChat"
"INSL3_RXFP4","INSL3","RXFP4","1","1","1","1","Secreted Signaling","hormone","CellChat"
"INSL3_RXFP3","INSL3","RXFP3","1","1","1","1","Secreted Signaling","hormone","CellChat"
"INSL5_RXFP4","INSL5","RXFP4","1","1","1","1","Secreted Signaling","hormone","CellChat"
"INSL5_RXFP3","INSL5","RXFP3","1","1","1","1","Secreted Signaling","hormone","CellChat"
"INSL5_RXFP2","INSL5","RXFP2","1","1","1","1","Secreted Signaling","hormone","CellChat"
"INSL5_RXFP1","INSL5","RXFP1","1","1","1","1","Secreted Signaling","hormone","CellChat"
"LEP_LEPR","LEP","LEPR","1","1","1","1","Secreted Signaling","secreted","CellChat"
"LGALS9_CD45","LGALS9","PTPRC","1","1","1","1","Secreted Signaling","immune-related","CellChat"
"NPS_NPSR1","NPS","NPSR1","1","1","1","1","Secreted Signaling","secreted","CellChat"
"NPVF_NPFFR1","NPVF","NPFFR1","1","1","1","1","Secreted Signaling","","CellChat"
"NPVF_NPFFR2","NPVF","NPFFR2","1","1","1","1","Secreted Signaling","","CellChat"
"OSTN_NPR3","OSTN","NPR3","1","1","1","1","Secreted Signaling","","CellChat"
"PMCH_MERTK","PMCH","MERTK","1","1","1","1","Secreted Signaling","hormone","CellChat"
"PROS1_AXL","PROS1","AXL","1","1","1","1","Secreted Signaling","","CellChat"
"PROS1_TYRO3","PROS1","TYRO3","1","1","1","1","Secreted Signaling","","CellChat"
"PSAP_GPR37L1","PSAP","GPR37L1","1","1","1","1","Secreted Signaling","secreted","CellChat"
"PSAP_GPR37","PSAP","GPR37","1","1","1","1","Secreted Signaling","secreted","CellChat"
"PTH_PTH1R","PTH","PTH1R","1","1","1","1","Secreted Signaling","hormone","CellChat"
"PTH_PTH2R","PTH","PTH2R","1","1","1","1","Secreted Signaling","hormone","CellChat"
"PTH2_PTH1R","PTH2","PTH1R","1","1","1","1","Secreted Signaling","secreted","CellChat"
"PTH2_PTH2R","PTH2","PTH2R","1","1","1","1","Secreted Signaling","secreted","CellChat"
"QRFP_QRFPR","QRFP","QRFPR","1","1","1","1","Secreted Signaling","secreted","CellChat"
"RARRES2_GPR1","RARRES2","GPR1","1","1","1","1","Secreted Signaling","secreted","CellChat"
"RARRES2_CMKLR1","RARRES2","CMKLR1","1","1","1","1","Secreted Signaling","secreted","CellChat"
"RLN1_RXFP4","RLN1","RXFP4","1","1","1","1","Secreted Signaling","hormone","CellChat"
"RLN3_RXFP3","RLN3","RXFP3","1","1","1","1","Secreted Signaling","hormone","CellChat"
"RLN3_RXFP1","RLN3","RXFP1","1","1","1","1","Secreted Signaling","hormone","CellChat"
"RLN3_RXFP4","RLN3","RXFP4","1","1","1","1","Secreted Signaling","hormone","CellChat"
"RLN3_RXFP2","RLN3","RXFP2","1","1","1","1","Secreted Signaling","hormone","CellChat"
"SAA1_FPR2","SAA1","FPR2","1","1","1","1","Secreted Signaling","secreted","CellChat"
"SCGB3A2_MARCO","SCGB3A2","MARCO","1","1","1","1","Secreted Signaling","","CellChat"
"SCT_SCTR","SCT","SCTR","1","1","1","1","Secreted Signaling","hormone","CellChat"
"SLURP1_CHRNB1","SLURP1","CHRNB1","1","1","1","1","Secreted Signaling","","CellChat"
"SLURP1_CHRNB2","SLURP1","CHRNB2","1","1","1","1","Secreted Signaling","","CellChat"
"SLURP1_CHRNB3","SLURP1","CHRNB3","1","1","1","1","Secreted Signaling","","CellChat"
"SLURP1_CHRNB4","SLURP1","CHRNB4","1","1","1","1","Secreted Signaling","","CellChat"
"SLURP1_CHRNA1","SLURP1","CHRNA1","1","1","1","1","Secreted Signaling","","CellChat"
"SLURP1_CHRNA2","SLURP1","CHRNA2","1","1","1","1","Secreted Signaling","","CellChat"
"SLURP1_CHRNA3","SLURP1","CHRNA3","1","1","1","1","Secreted Signaling","","CellChat"
"SLURP1_CHRNA4","SLURP1","CHRNA4","1","1","1","1","Secreted Signaling","","CellChat"
"SLURP1_CHRNA5","SLURP1","CHRNA5","1","1","1","1","Secreted Signaling","","CellChat"
"SLURP1_CHRNA6","SLURP1","CHRNA6","1","1","1","1","Secreted Signaling","","CellChat"
"SLURP1_CHRNA9","SLURP1","CHRNA9","1","1","1","1","Secreted Signaling","","CellChat"
"SLURP1_CHRNA10","SLURP1","CHRNA10","1","1","1","1","Secreted Signaling","","CellChat"
"SLURP1_CHRND","SLURP1","CHRND","1","1","1","1","Secreted Signaling","","CellChat"
"SLURP1_CHRNE","SLURP1","CHRNE","1","1","1","1","Secreted Signaling","","CellChat"
"SLURP1_CHRNG","SLURP1","CHRNG","1","1","1","1","Secreted Signaling","","CellChat"
"SLURP1_CHRNA7","SLURP1","CHRNA7","1","1","1","1","Secreted Signaling","","CellChat"
"SLURP2_CHRNB1","SLURP2","CHRNB1","1","1","1","1","Secreted Signaling","","CellChat"
"SLURP2_CHRNB2","SLURP2","CHRNB2","1","1","1","1","Secreted Signaling","","CellChat"
"SLURP2_CHRNB3","SLURP2","CHRNB3","1","1","1","1","Secreted Signaling","","CellChat"
"SLURP2_CHRNB4","SLURP2","CHRNB4","1","1","1","1","Secreted Signaling","","CellChat"
"SLURP2_CHRNA1","SLURP2","CHRNA1","1","1","1","1","Secreted Signaling","","CellChat"
"SLURP2_CHRNA2","SLURP2","CHRNA2","1","1","1","1","Secreted Signaling","","CellChat"
"SLURP2_CHRNA3","SLURP2","CHRNA3","1","1","1","1","Secreted Signaling","","CellChat"
"SLURP2_CHRNA4","SLURP2","CHRNA4","1","1","1","1","Secreted Signaling","","CellChat"
"SLURP2_CHRNA5","SLURP2","CHRNA5","1","1","1","1","Secreted Signaling","","CellChat"
"SLURP2_CHRNA6","SLURP2","CHRNA6","1","1","1","1","Secreted Signaling","","CellChat"
"SLURP2_CHRNA7","SLURP2","CHRNA7","1","1","1","1","Secreted Signaling","","CellChat"
"SLURP2_CHRNA9","SLURP2","CHRNA9","1","1","1","1","Secreted Signaling","","CellChat"
"SLURP2_CHRNA10","SLURP2","CHRNA10","1","1","1","1","Secreted Signaling","","CellChat"
"SLURP2_CHRND","SLURP2","CHRND","1","1","1","1","Secreted Signaling","","CellChat"
"SLURP2_CHRNE","SLURP2","CHRNE","1","1","1","1","Secreted Signaling","","CellChat"
"SLURP2_CHRNG","SLURP2","CHRNG","1","1","1","1","Secreted Signaling","","CellChat"
"BTLA_TNFRSF14","BTLA","TNFRSF14","1","1","1","1","Secreted Signaling","","CellChat"
"UCN_CRHR1","UCN","CRHR1","1","1","1","1","Secreted Signaling","hormone","CellChat"
"UCN_CRHR2","UCN","CRHR2","1","1","1","1","Secreted Signaling","hormone","CellChat"
"UCN2_CRHR1","UCN2","CRHR1","1","1","1","1","Secreted Signaling","hormone","CellChat"
"UCN2_CRHR2","UCN2","CRHR2","1","1","1","1","Secreted Signaling","hormone","CellChat"
"UCN3_CRHR1","UCN3","CRHR1","1","1","1","1","Secreted Signaling","hormone","CellChat"
"UCN3_CRHR2","UCN3","CRHR2","1","1","1","1","Secreted Signaling","hormone","CellChat"
"UTS2B_UTS2R","UTS2B","UTS2R","1","1","1","1","Secreted Signaling","hormone","CellChat"
"UTS2B_SSTR5","UTS2B","SSTR5","1","1","1","1","Secreted Signaling","hormone","CellChat"
"BAG6_NCR3-PS","BAG6","NCR3","1","1","1","1","Secreted Signaling","","CellChat"
"LGALS9_HAVCR2","LGALS9","HAVCR2","1","1","1","1","Secreted Signaling","immune-related","CellChat"
"LGALS9_CD44","LGALS9","CD44","1","1","1","1","Secreted Signaling","immune-related","CellChat"
"COL1A1_ITGA1_ITGB1","COL1A1","ITGB1;ITGA1","1","1","1;1","1","ECM-Receptor","secreted","CellChat"
"COL1A2_ITGA1_ITGB1","COL1A2","ITGB1;ITGA1","1","1","1;1","1","ECM-Receptor","secreted","CellChat"
"COL2A1_ITGA1_ITGB1","COL2A1","ITGB1;ITGA1","1","1","1;1","1","ECM-Receptor","secreted","CellChat"
"COL4A1_ITGA1_ITGB1","COL4A1","ITGB1;ITGA1","1","1","1;1","1","ECM-Receptor","secreted","CellChat"
"COL4A2_ITGA1_ITGB1","COL4A2","ITGB1;ITGA1","1","1","1;1","1","ECM-Receptor","secreted","CellChat"
"COL4A3_ITGA1_ITGB1","COL4A3","ITGB1;ITGA1","1","1","1;1","1","ECM-Receptor","secreted","CellChat"
"COL4A4_ITGA1_ITGB1","COL4A4","ITGB1;ITGA1","1","1","1;1","1","ECM-Receptor","secreted","CellChat"
"COL4A5_ITGA1_ITGB1","COL4A5","ITGB1;ITGA1","1","1","1;1","1","ECM-Receptor","secreted","CellChat"
"COL4A6_ITGA1_ITGB1","COL4A6","ITGB1;ITGA1","1","1","1;1","1","ECM-Receptor","secreted","CellChat"
"COL6A1_ITGA1_ITGB1","COL6A1","ITGB1;ITGA1","1","1","1;1","1","ECM-Receptor","secreted","CellChat"
"COL6A2_ITGA1_ITGB1","COL6A2","ITGB1;ITGA1","1","1","1;1","1","ECM-Receptor","secreted","CellChat"
"COL6A3_ITGA1_ITGB1","COL6A3","ITGB1;ITGA1","1","1","1;1","1","ECM-Receptor","secreted","CellChat"
"COL6A5_ITGA1_ITGB1","COL6A5","ITGB1;ITGA1","1","1","1;1","1","ECM-Receptor","secreted","CellChat"
"COL6A6_ITGA1_ITGB1","COL6A6","ITGB1;ITGA1","1","1","1;1","1","ECM-Receptor","secreted","CellChat"
"COL9A1_ITGA1_ITGB1","COL9A1","ITGB1;ITGA1","1","1","1;1","1","ECM-Receptor","secreted","CellChat"
"COL9A2_ITGA1_ITGB1","COL9A2","ITGB1;ITGA1","1","1","1;1","1","ECM-Receptor","secreted","CellChat"
"COL9A3_ITGA1_ITGB1","COL9A3","ITGB1;ITGA1","1","1","1;1","1","ECM-Receptor","secreted","CellChat"
"COL1A1_ITGA2_ITGB1","COL1A1","ITGA2;ITGB1","1","1","1;1","1","ECM-Receptor","secreted","CellChat"
"COL1A2_ITGA2_ITGB1","COL1A2","ITGA2;ITGB1","1","1","1;1","1","ECM-Receptor","secreted","CellChat"
"COL2A1_ITGA2_ITGB1","COL2A1","ITGA2;ITGB1","1","1","1;1","1","ECM-Receptor","secreted","CellChat"
"COL4A1_ITGA2_ITGB1","COL4A1","ITGA2;ITGB1","1","1","1;1","1","ECM-Receptor","secreted","CellChat"
"COL4A2_ITGA2_ITGB1","COL4A2","ITGA2;ITGB1","1","1","1;1","1","ECM-Receptor","secreted","CellChat"
"COL4A3_ITGA2_ITGB1","COL4A3","ITGA2;ITGB1","1","1","1;1","1","ECM-Receptor","secreted","CellChat"
"COL4A4_ITGA2_ITGB1","COL4A4","ITGA2;ITGB1","1","1","1;1","1","ECM-Receptor","secreted","CellChat"
"COL4A5_ITGA2_ITGB1","COL4A5","ITGA2;ITGB1","1","1","1;1","1","ECM-Receptor","secreted","CellChat"
"COL4A6_ITGA2_ITGB1","COL4A6","ITGA2;ITGB1","1","1","1;1","1","ECM-Receptor","secreted","CellChat"
"COL6A1_ITGA2_ITGB1","COL6A1","ITGA2;ITGB1","1","1","1;1","1","ECM-Receptor","secreted","CellChat"
"COL6A2_ITGA2_ITGB1","COL6A2","ITGA2;ITGB1","1","1","1;1","1","ECM-Receptor","secreted","CellChat"
"COL6A3_ITGA2_ITGB1","COL6A3","ITGA2;ITGB1","1","1","1;1","1","ECM-Receptor","secreted","CellChat"
"COL6A5_ITGA2_ITGB1","COL6A5","ITGA2;ITGB1","1","1","1;1","1","ECM-Receptor","secreted","CellChat"
"COL6A6_ITGA2_ITGB1","COL6A6","ITGA2;ITGB1","1","1","1;1","1","ECM-Receptor","secreted","CellChat"
"COL9A1_ITGA2_ITGB1","COL9A1","ITGA2;ITGB1","1","1","1;1","1","ECM-Receptor","secreted","CellChat"
"COL9A2_ITGA2_ITGB1","COL9A2","ITGA2;ITGB1","1","1","1;1","1","ECM-Receptor","secreted","CellChat"
"COL9A3_ITGA2_ITGB1","COL9A3","ITGA2;ITGB1","1","1","1;1","1","ECM-Receptor","secreted","CellChat"
"FN1_ITGA3_ITGB1","FN1","ITGA3;ITGB1","1","1","1;1","1","ECM-Receptor","secreted","CellChat"
"FN1_ITGA4_ITGB1","FN1","ITGA4;ITGB1","1","1","1;1","1","ECM-Receptor","secreted","CellChat"
"FN1_ITGA5_ITGB1","FN1","ITGA5;ITGB1","1","1","1;1","1","ECM-Receptor","secreted","CellChat"
"FN1_ITGA8_ITGB1","FN1","ITGA8;ITGB1","1","1","1;1","1","ECM-Receptor","secreted","CellChat"
"LAMA1_ITGA1_ITGB1","LAMA1","ITGB1;ITGA1","1","1","1;1","1","ECM-Receptor","","CellChat"
"LAMA2_ITGA1_ITGB1","LAMA2","ITGB1;ITGA1","1","1","1;1","1","ECM-Receptor","secreted","CellChat"
"LAMA3_ITGA1_ITGB1","LAMA3","ITGB1;ITGA1","1","1","1;1","1","ECM-Receptor","secreted","CellChat"
"LAMA4_ITGA1_ITGB1","LAMA4","ITGB1;ITGA1","1","1","1;1","1","ECM-Receptor","","CellChat"
"LAMA5_ITGA1_ITGB1","LAMA5","ITGB1;ITGA1","1","1","1;1","1","ECM-Receptor","","CellChat"
"LAMB1_ITGA1_ITGB1","LAMB1","ITGB1;ITGA1","1","1","1;1","1","ECM-Receptor","","CellChat"
"LAMB2_ITGA1_ITGB1","LAMB2","ITGB1;ITGA1","1","1","1;1","1","ECM-Receptor","","CellChat"
"LAMB3_ITGA1_ITGB1","LAMB3","ITGB1;ITGA1","1","1","1;1","1","ECM-Receptor","","CellChat"
"LAMC1_ITGA1_ITGB1","LAMC1","ITGB1;ITGA1","1","1","1;1","1","ECM-Receptor","secreted","CellChat"
"LAMC2_ITGA1_ITGB1","LAMC2","ITGB1;ITGA1","1","1","1;1","1","ECM-Receptor","","CellChat"
"LAMC3_ITGA1_ITGB1","LAMC3","ITGB1;ITGA1","1","1","1;1","1","ECM-Receptor","","CellChat"
"LAMA1_ITGA2_ITGB1","LAMA1","ITGA2;ITGB1","1","1","1;1","1","ECM-Receptor","","CellChat"
"LAMA2_ITGA2_ITGB1","LAMA2","ITGA2;ITGB1","1","1","1;1","1","ECM-Receptor","secreted","CellChat"
"LAMA3_ITGA2_ITGB1","LAMA3","ITGA2;ITGB1","1","1","1;1","1","ECM-Receptor","secreted","CellChat"
"LAMA4_ITGA2_ITGB1","LAMA4","ITGA2;ITGB1","1","1","1;1","1","ECM-Receptor","","CellChat"
"LAMA5_ITGA2_ITGB1","LAMA5","ITGA2;ITGB1","1","1","1;1","1","ECM-Receptor","","CellChat"
"LAMB1_ITGA2_ITGB1","LAMB1","ITGA2;ITGB1","1","1","1;1","1","ECM-Receptor","","CellChat"
"LAMB2_ITGA2_ITGB1","LAMB2","ITGA2;ITGB1","1","1","1;1","1","ECM-Receptor","","CellChat"
"LAMB3_ITGA2_ITGB1","LAMB3","ITGA2;ITGB1","1","1","1;1","1","ECM-Receptor","","CellChat"
"LAMC1_ITGA2_ITGB1","LAMC1","ITGA2;ITGB1","1","1","1;1","1","ECM-Receptor","secreted","CellChat"
"LAMC2_ITGA2_ITGB1","LAMC2","ITGA2;ITGB1","1","1","1;1","1","ECM-Receptor","","CellChat"
"LAMC3_ITGA2_ITGB1","LAMC3","ITGA2;ITGB1","1","1","1;1","1","ECM-Receptor","","CellChat"
"CHAD_ITGA2_ITGB1","CHAD","ITGA2;ITGB1","1","1","1;1","1","ECM-Receptor","","CellChat"
"LAMA1_ITGA3_ITGB1","LAMA1","ITGA3;ITGB1","1","1","1;1","1","ECM-Receptor","","CellChat"
"LAMA2_ITGA3_ITGB1","LAMA2","ITGA3;ITGB1","1","1","1;1","1","ECM-Receptor","secreted","CellChat"
"LAMA3_ITGA3_ITGB1","LAMA3","ITGA3;ITGB1","1","1","1;1","1","ECM-Receptor","secreted","CellChat"
"LAMA4_ITGA3_ITGB1","LAMA4","ITGA3;ITGB1","1","1","1;1","1","ECM-Receptor","","CellChat"
"LAMA5_ITGA3_ITGB1","LAMA5","ITGA3;ITGB1","1","1","1;1","1","ECM-Receptor","","CellChat"
"LAMB1_ITGA3_ITGB1","LAMB1","ITGA3;ITGB1","1","1","1;1","1","ECM-Receptor","","CellChat"
"LAMB2_ITGA3_ITGB1","LAMB2","ITGA3;ITGB1","1","1","1;1","1","ECM-Receptor","","CellChat"
"LAMB3_ITGA3_ITGB1","LAMB3","ITGA3;ITGB1","1","1","1;1","1","ECM-Receptor","","CellChat"
"LAMC1_ITGA3_ITGB1","LAMC1","ITGA3;ITGB1","1","1","1;1","1","ECM-Receptor","secreted","CellChat"
"LAMC2_ITGA3_ITGB1","LAMC2","ITGA3;ITGB1","1","1","1;1","1","ECM-Receptor","","CellChat"
"LAMC3_ITGA3_ITGB1","LAMC3","ITGA3;ITGB1","1","1","1;1","1","ECM-Receptor","","CellChat"
"RELN_ITGA3_ITGB1","RELN","ITGA3;ITGB1","1","1","1;1","1","ECM-Receptor","secreted","CellChat"
"THBS1_ITGA3_ITGB1","THBS1","ITGA3;ITGB1","1","1","1;1","1","ECM-Receptor","","CellChat"
"THBS2_ITGA3_ITGB1","THBS2","ITGA3;ITGB1","1","1","1;1","1","ECM-Receptor","","CellChat"
"THBS3_ITGA3_ITGB1","THBS3","ITGA3;ITGB1","1","1","1;1","1","ECM-Receptor","","CellChat"
"THBS4_ITGA3_ITGB1","THBS4","ITGA3;ITGB1","1","1","1;1","1","ECM-Receptor","","CellChat"
"COMP_ITGA3_ITGB1","COMP","ITGA3;ITGB1","1","1","1;1","1","ECM-Receptor","","CellChat"
"COL1A1_ITGA3_ITGB1","COL1A1","ITGA3;ITGB1","1","1","1;1","1","ECM-Receptor","secreted","CellChat"
"COL1A2_ITGA3_ITGB1","COL1A2","ITGA3;ITGB1","1","1","1;1","1","ECM-Receptor","secreted","CellChat"
"COL2A1_ITGA3_ITGB1","COL2A1","ITGA3;ITGB1","1","1","1;1","1","ECM-Receptor","secreted","CellChat"
"COL4A1_ITGA3_ITGB1","COL4A1","ITGA3;ITGB1","1","1","1;1","1","ECM-Receptor","secreted","CellChat"
"COL4A2_ITGA3_ITGB1","COL4A2","ITGA3;ITGB1","1","1","1;1","1","ECM-Receptor","secreted","CellChat"
"COL4A3_ITGA3_ITGB1","COL4A3","ITGA3;ITGB1","1","1","1;1","1","ECM-Receptor","secreted","CellChat"
"COL4A4_ITGA3_ITGB1","COL4A4","ITGA3;ITGB1","1","1","1;1","1","ECM-Receptor","secreted","CellChat"
"COL4A5_ITGA3_ITGB1","COL4A5","ITGA3;ITGB1","1","1","1;1","1","ECM-Receptor","secreted","CellChat"
"COL4A6_ITGA3_ITGB1","COL4A6","ITGA3;ITGB1","1","1","1;1","1","ECM-Receptor","secreted","CellChat"
"COL6A1_ITGA3_ITGB1","COL6A1","ITGA3;ITGB1","1","1","1;1","1","ECM-Receptor","secreted","CellChat"
"COL6A2_ITGA3_ITGB1","COL6A2","ITGA3;ITGB1","1","1","1;1","1","ECM-Receptor","secreted","CellChat"
"COL6A3_ITGA3_ITGB1","COL6A3","ITGA3;ITGB1","1","1","1;1","1","ECM-Receptor","secreted","CellChat"
"COL6A5_ITGA3_ITGB1","COL6A5","ITGA3;ITGB1","1","1","1;1","1","ECM-Receptor","secreted","CellChat"
"COL6A6_ITGA3_ITGB1","COL6A6","ITGA3;ITGB1","1","1","1;1","1","ECM-Receptor","secreted","CellChat"
"COL9A1_ITGA3_ITGB1","COL9A1","ITGA3;ITGB1","1","1","1;1","1","ECM-Receptor","secreted","CellChat"
"COL9A2_ITGA3_ITGB1","COL9A2","ITGA3;ITGB1","1","1","1;1","1","ECM-Receptor","secreted","CellChat"
"COL9A3_ITGA3_ITGB1","COL9A3","ITGA3;ITGB1","1","1","1;1","1","ECM-Receptor","secreted","CellChat"
"LAMA1_ITGA6_ITGB1","LAMA1","ITGA6;ITGB1","1","1","1;1","1","ECM-Receptor","","CellChat"
"LAMA2_ITGA6_ITGB1","LAMA2","ITGA6;ITGB1","1","1","1;1","1","ECM-Receptor","secreted","CellChat"
"LAMA3_ITGA6_ITGB1","LAMA3","ITGA6;ITGB1","1","1","1;1","1","ECM-Receptor","secreted","CellChat"
"LAMA4_ITGA6_ITGB1","LAMA4","ITGA6;ITGB1","1","1","1;1","1","ECM-Receptor","","CellChat"
"LAMA5_ITGA6_ITGB1","LAMA5","ITGA6;ITGB1","1","1","1;1","1","ECM-Receptor","","CellChat"
"LAMB1_ITGA6_ITGB1","LAMB1","ITGA6;ITGB1","1","1","1;1","1","ECM-Receptor","","CellChat"
"LAMB2_ITGA6_ITGB1","LAMB2","ITGA6;ITGB1","1","1","1;1","1","ECM-Receptor","","CellChat"
"LAMB3_ITGA6_ITGB1","LAMB3","ITGA6;ITGB1","1","1","1;1","1","ECM-Receptor","","CellChat"
"LAMC1_ITGA6_ITGB1","LAMC1","ITGA6;ITGB1","1","1","1;1","1","ECM-Receptor","secreted","CellChat"
"LAMC2_ITGA6_ITGB1","LAMC2","ITGA6;ITGB1","1","1","1;1","1","ECM-Receptor","","CellChat"
"LAMC3_ITGA6_ITGB1","LAMC3","ITGA6;ITGB1","1","1","1;1","1","ECM-Receptor","","CellChat"
"LAMA1_ITGA7_ITGB1","LAMA1","ITGA7;ITGB1","1","1","1;1","1","ECM-Receptor","","CellChat"
"LAMA2_ITGA7_ITGB1","LAMA2","ITGA7;ITGB1","1","1","1;1","1","ECM-Receptor","secreted","CellChat"
"LAMA3_ITGA7_ITGB1","LAMA3","ITGA7;ITGB1","1","1","1;1","1","ECM-Receptor","secreted","CellChat"
"LAMA4_ITGA7_ITGB1","LAMA4","ITGA7;ITGB1","1","1","1;1","1","ECM-Receptor","","CellChat"
"LAMA5_ITGA7_ITGB1","LAMA5","ITGA7;ITGB1","1","1","1;1","1","ECM-Receptor","","CellChat"
"LAMB1_ITGA7_ITGB1","LAMB1","ITGA7;ITGB1","1","1","1;1","1","ECM-Receptor","","CellChat"
"LAMB2_ITGA7_ITGB1","LAMB2","ITGA7;ITGB1","1","1","1;1","1","ECM-Receptor","","CellChat"
"LAMB3_ITGA7_ITGB1","LAMB3","ITGA7;ITGB1","1","1","1;1","1","ECM-Receptor","","CellChat"
"LAMC1_ITGA7_ITGB1","LAMC1","ITGA7;ITGB1","1","1","1;1","1","ECM-Receptor","secreted","CellChat"
"LAMC2_ITGA7_ITGB1","LAMC2","ITGA7;ITGB1","1","1","1;1","1","ECM-Receptor","","CellChat"
"LAMC3_ITGA7_ITGB1","LAMC3","ITGA7;ITGB1","1","1","1;1","1","ECM-Receptor","","CellChat"
"VTN_ITGA8_ITGB1","VTN","ITGA8;ITGB1","1","1","1;1","1","ECM-Receptor","secreted","CellChat"
"TNC_ITGA8_ITGB1","TNC","ITGA8;ITGB1","1","1","1;1","1","ECM-Receptor","secreted","CellChat"
"TNR_ITGA8_ITGB1","TNR","ITGA8;ITGB1","1","1","1;1","1","ECM-Receptor","","CellChat"
"TNN_ITGA8_ITGB1","TNN","ITGA8;ITGB1","1","1","1;1","1","ECM-Receptor","","CellChat"
"TNXB_ITGA8_ITGB1","TNXB","ITGA8;ITGB1","1","1","1;1","1","ECM-Receptor","","CellChat"
"NPNT1_ITGA8_ITGB1","FREM1;NPNT;FRAS1","ITGA8;ITGB1","1;1;1","1","1;1","1","ECM-Receptor","","CellChat"
"NPNT2_ITGA8_ITGB1","FREM2;NPNT;FRAS1","ITGA8;ITGB1","1;1;1","1","1;1","1","ECM-Receptor","","CellChat"
"TNC_ITGA9_ITGB1","TNC","ITGA9;ITGB1","1","1","1;1","1","ECM-Receptor","secreted","CellChat"
"TNR_ITGA9_ITGB1","TNR","ITGA9;ITGB1","1","1","1;1","1","ECM-Receptor","","CellChat"
"TNN_ITGA9_ITGB1","TNN","ITGA9;ITGB1","1","1","1;1","1","ECM-Receptor","","CellChat"
"TNXB_ITGA9_ITGB1","TNXB","ITGA9;ITGB1","1","1","1;1","1","ECM-Receptor","","CellChat"
"COL1A1_ITGA9_ITGB1","COL1A1","ITGA9;ITGB1","1","1","1;1","1","ECM-Receptor","secreted","CellChat"
"COL1A2_ITGA9_ITGB1","COL1A2","ITGA9;ITGB1","1","1","1;1","1","ECM-Receptor","secreted","CellChat"
"COL2A1_ITGA9_ITGB1","COL2A1","ITGA9;ITGB1","1","1","1;1","1","ECM-Receptor","secreted","CellChat"
"COL4A1_ITGA9_ITGB1","COL4A1","ITGA9;ITGB1","1","1","1;1","1","ECM-Receptor","secreted","CellChat"
"COL4A2_ITGA9_ITGB1","COL4A2","ITGA9;ITGB1","1","1","1;1","1","ECM-Receptor","secreted","CellChat"
"COL4A3_ITGA9_ITGB1","COL4A3","ITGA9;ITGB1","1","1","1;1","1","ECM-Receptor","secreted","CellChat"
"COL4A4_ITGA9_ITGB1","COL4A4","ITGA9;ITGB1","1","1","1;1","1","ECM-Receptor","secreted","CellChat"
"COL4A5_ITGA9_ITGB1","COL4A5","ITGA9;ITGB1","1","1","1;1","1","ECM-Receptor","secreted","CellChat"
"COL4A6_ITGA9_ITGB1","COL4A6","ITGA9;ITGB1","1","1","1;1","1","ECM-Receptor","secreted","CellChat"
"COL6A1_ITGA9_ITGB1","COL6A1","ITGA9;ITGB1","1","1","1;1","1","ECM-Receptor","secreted","CellChat"
"COL6A2_ITGA9_ITGB1","COL6A2","ITGA9;ITGB1","1","1","1;1","1","ECM-Receptor","secreted","CellChat"
"COL6A3_ITGA9_ITGB1","COL6A3","ITGA9;ITGB1","1","1","1;1","1","ECM-Receptor","secreted","CellChat"
"COL6A5_ITGA9_ITGB1","COL6A5","ITGA9;ITGB1","1","1","1;1","1","ECM-Receptor","secreted","CellChat"
"COL6A6_ITGA9_ITGB1","COL6A6","ITGA9;ITGB1","1","1","1;1","1","ECM-Receptor","secreted","CellChat"
"COL9A1_ITGA9_ITGB1","COL9A1","ITGA9;ITGB1","1","1","1;1","1","ECM-Receptor","secreted","CellChat"
"COL9A2_ITGA9_ITGB1","COL9A2","ITGA9;ITGB1","1","1","1;1","1","ECM-Receptor","secreted","CellChat"
"COL9A3_ITGA9_ITGB1","COL9A3","ITGA9;ITGB1","1","1","1;1","1","ECM-Receptor","secreted","CellChat"
"LAMA1_ITGA9_ITGB1","LAMA1","ITGA9;ITGB1","1","1","1;1","1","ECM-Receptor","","CellChat"
"LAMA2_ITGA9_ITGB1","LAMA2","ITGA9;ITGB1","1","1","1;1","1","ECM-Receptor","secreted","CellChat"
"LAMA3_ITGA9_ITGB1","LAMA3","ITGA9;ITGB1","1","1","1;1","1","ECM-Receptor","secreted","CellChat"
"LAMA4_ITGA9_ITGB1","LAMA4","ITGA9;ITGB1","1","1","1;1","1","ECM-Receptor","","CellChat"
"LAMA5_ITGA9_ITGB1","LAMA5","ITGA9;ITGB1","1","1","1;1","1","ECM-Receptor","","CellChat"
"LAMB1_ITGA9_ITGB1","LAMB1","ITGA9;ITGB1","1","1","1;1","1","ECM-Receptor","","CellChat"
"LAMB2_ITGA9_ITGB1","LAMB2","ITGA9;ITGB1","1","1","1;1","1","ECM-Receptor","","CellChat"
"LAMB3_ITGA9_ITGB1","LAMB3","ITGA9;ITGB1","1","1","1;1","1","ECM-Receptor","","CellChat"
"LAMC1_ITGA9_ITGB1","LAMC1","ITGA9;ITGB1","1","1","1;1","1","ECM-Receptor","secreted","CellChat"
"LAMC2_ITGA9_ITGB1","LAMC2","ITGA9;ITGB1","1","1","1;1","1","ECM-Receptor","","CellChat"
"LAMC3_ITGA9_ITGB1","LAMC3","ITGA9;ITGB1","1","1","1;1","1","ECM-Receptor","","CellChat"
"COL1A1_ITGA10_ITGB1","COL1A1","ITGA10;ITGB1","1","1","1;1","1","ECM-Receptor","secreted","CellChat"
"COL1A2_ITGA10_ITGB1","COL1A2","ITGA10;ITGB1","1","1","1;1","1","ECM-Receptor","secreted","CellChat"
"COL2A1_ITGA10_ITGB1","COL2A1","ITGA10;ITGB1","1","1","1;1","1","ECM-Receptor","secreted","CellChat"
"COL4A1_ITGA10_ITGB1","COL4A1","ITGA10;ITGB1","1","1","1;1","1","ECM-Receptor","secreted","CellChat"
"COL4A2_ITGA10_ITGB1","COL4A2","ITGA10;ITGB1","1","1","1;1","1","ECM-Receptor","secreted","CellChat"
"COL4A3_ITGA10_ITGB1","COL4A3","ITGA10;ITGB1","1","1","1;1","1","ECM-Receptor","secreted","CellChat"
"COL4A4_ITGA10_ITGB1","COL4A4","ITGA10;ITGB1","1","1","1;1","1","ECM-Receptor","secreted","CellChat"
"COL4A5_ITGA10_ITGB1","COL4A5","ITGA10;ITGB1","1","1","1;1","1","ECM-Receptor","secreted","CellChat"
"COL4A6_ITGA10_ITGB1","COL4A6","ITGA10;ITGB1","1","1","1;1","1","ECM-Receptor","secreted","CellChat"
"COL6A1_ITGA10_ITGB1","COL6A1","ITGA10;ITGB1","1","1","1;1","1","ECM-Receptor","secreted","CellChat"
"COL6A2_ITGA10_ITGB1","COL6A2","ITGA10;ITGB1","1","1","1;1","1","ECM-Receptor","secreted","CellChat"
"COL6A3_ITGA10_ITGB1","COL6A3","ITGA10;ITGB1","1","1","1;1","1","ECM-Receptor","secreted","CellChat"
"COL6A5_ITGA10_ITGB1","COL6A5","ITGA10;ITGB1","1","1","1;1","1","ECM-Receptor","secreted","CellChat"
"COL6A6_ITGA10_ITGB1","COL6A6","ITGA10;ITGB1","1","1","1;1","1","ECM-Receptor","secreted","CellChat"
"COL9A1_ITGA10_ITGB1","COL9A1","ITGA10;ITGB1","1","1","1;1","1","ECM-Receptor","secreted","CellChat"
"COL9A2_ITGA10_ITGB1","COL9A2","ITGA10;ITGB1","1","1","1;1","1","ECM-Receptor","secreted","CellChat"
"COL9A3_ITGA10_ITGB1","COL9A3","ITGA10;ITGB1","1","1","1;1","1","ECM-Receptor","secreted","CellChat"
"COL1A1_ITGA11_ITGB1","COL1A1","ITGB1;ITGA11","1","1","1;1","1","ECM-Receptor","secreted","CellChat"
"COL1A2_ITGA11_ITGB1","COL1A2","ITGB1;ITGA11","1","1","1;1","1","ECM-Receptor","secreted","CellChat"
"COL2A1_ITGA11_ITGB1","COL2A1","ITGB1;ITGA11","1","1","1;1","1","ECM-Receptor","secreted","CellChat"
"COL4A1_ITGA11_ITGB1","COL4A1","ITGB1;ITGA11","1","1","1;1","1","ECM-Receptor","secreted","CellChat"
"COL4A2_ITGA11_ITGB1","COL4A2","ITGB1;ITGA11","1","1","1;1","1","ECM-Receptor","secreted","CellChat"
"COL4A3_ITGA11_ITGB1","COL4A3","ITGB1;ITGA11","1","1","1;1","1","ECM-Receptor","secreted","CellChat"
"COL4A4_ITGA11_ITGB1","COL4A4","ITGB1;ITGA11","1","1","1;1","1","ECM-Receptor","secreted","CellChat"
"COL4A5_ITGA11_ITGB1","COL4A5","ITGB1;ITGA11","1","1","1;1","1","ECM-Receptor","secreted","CellChat"
"COL4A6_ITGA11_ITGB1","COL4A6","ITGB1;ITGA11","1","1","1;1","1","ECM-Receptor","secreted","CellChat"
"COL6A1_ITGA11_ITGB1","COL6A1","ITGB1;ITGA11","1","1","1;1","1","ECM-Receptor","secreted","CellChat"
"COL6A2_ITGA11_ITGB1","COL6A2","ITGB1;ITGA11","1","1","1;1","1","ECM-Receptor","secreted","CellChat"
"COL6A3_ITGA11_ITGB1","COL6A3","ITGB1;ITGA11","1","1","1;1","1","ECM-Receptor","secreted","CellChat"
"COL6A5_ITGA11_ITGB1","COL6A5","ITGB1;ITGA11","1","1","1;1","1","ECM-Receptor","secreted","CellChat"
"COL6A6_ITGA11_ITGB1","COL6A6","ITGB1;ITGA11","1","1","1;1","1","ECM-Receptor","secreted","CellChat"
"COL9A1_ITGA11_ITGB1","COL9A1","ITGB1;ITGA11","1","1","1;1","1","ECM-Receptor","secreted","CellChat"
"COL9A2_ITGA11_ITGB1","COL9A2","ITGB1;ITGA11","1","1","1;1","1","ECM-Receptor","secreted","CellChat"
"COL9A3_ITGA11_ITGB1","COL9A3","ITGB1;ITGA11","1","1","1;1","1","ECM-Receptor","secreted","CellChat"
"FN1_ITGAV_ITGB1","FN1","ITGAV;ITGB1","1","1","1;1","1","ECM-Receptor","secreted","CellChat"
"VTN_ITGAV_ITGB1","VTN","ITGAV;ITGB1","1","1","1;1","1","ECM-Receptor","secreted","CellChat"
"DSPP_ITGAV_ITGB1","DSPP","ITGAV;ITGB1","1","1","1;1","1","ECM-Receptor","","CellChat"
"FN1_ITGA4_ITGB7","FN1","ITGA4;ITGB7","1","1","1;1","1","ECM-Receptor","secreted","CellChat"
"FN1_ITGAV_ITGB3","FN1","ITGAV;ITGB3","1","1","1;1","1","ECM-Receptor","secreted","CellChat"
"VTN_ITGAV_ITGB3","VTN","ITGAV;ITGB3","1","1","1;1","1","ECM-Receptor","secreted","CellChat"
"VWF_ITGAV_ITGB3","VWF","ITGAV;ITGB3","1","1","1;1","1","ECM-Receptor","secreted","CellChat"
"TNC_ITGAV_ITGB3","TNC","ITGAV;ITGB3","1","1","1;1","1","ECM-Receptor","secreted","CellChat"
"TNR_ITGAV_ITGB3","TNR","ITGAV;ITGB3","1","1","1;1","1","ECM-Receptor","","CellChat"
"TNN_ITGAV_ITGB3","TNN","ITGAV;ITGB3","1","1","1;1","1","ECM-Receptor","","CellChat"
"TNXB_ITGAV_ITGB3","TNXB","ITGAV;ITGB3","1","1","1;1","1","ECM-Receptor","","CellChat"
"IBSP_ITGAV_ITGB3","IBSP","ITGAV;ITGB3","1","1","1;1","1","ECM-Receptor","","CellChat"
"THBS1_ITGAV_ITGB3","THBS1","ITGAV;ITGB3","1","1","1;1","1","ECM-Receptor","","CellChat"
"THBS2_ITGAV_ITGB3","THBS2","ITGAV;ITGB3","1","1","1;1","1","ECM-Receptor","","CellChat"
"THBS3_ITGAV_ITGB3","THBS3","ITGAV;ITGB3","1","1","1;1","1","ECM-Receptor","","CellChat"
"THBS4_ITGAV_ITGB3","THBS4","ITGAV;ITGB3","1","1","1;1","1","ECM-Receptor","","CellChat"
"COMP_ITGAV_ITGB3","COMP","ITGAV;ITGB3","1","1","1;1","1","ECM-Receptor","","CellChat"
"DMP1_ITGAV_ITGB3","DMP1","ITGAV;ITGB3","1","1","1;1","1","ECM-Receptor","","CellChat"
"FN1_ITGA2B_ITGB3","FN1","ITGA2B;ITGB3","1","1","1;1","1","ECM-Receptor","secreted","CellChat"
"VTN_ITGA2B_ITGB3","VTN","ITGA2B;ITGB3","1","1","1;1","1","ECM-Receptor","secreted","CellChat"
"VWF_ITGA2B_ITGB3","VWF","ITGA2B;ITGB3","1","1","1;1","1","ECM-Receptor","secreted","CellChat"
"TNC_ITGA2B_ITGB3","TNC","ITGA2B;ITGB3","1","1","1;1","1","ECM-Receptor","secreted","CellChat"
"TNR_ITGA2B_ITGB3","TNR","ITGA2B;ITGB3","1","1","1;1","1","ECM-Receptor","","CellChat"
"TNN_ITGA2B_ITGB3","TNN","ITGA2B;ITGB3","1","1","1;1","1","ECM-Receptor","","CellChat"
"TNXB_ITGA2B_ITGB3","TNXB","ITGA2B;ITGB3","1","1","1;1","1","ECM-Receptor","","CellChat"
"VTN_ITGAV_ITGB5","VTN","ITGAV;ITGB5","1","1","1;1","1","ECM-Receptor","secreted","CellChat"
"IBSP_ITGAV_ITGB5","IBSP","ITGAV;ITGB5","1","1","1;1","1","ECM-Receptor","","CellChat"
"TNC_ITGAV_ITGB6","TNC","ITGAV;ITGB6","1","1","1;1","1","ECM-Receptor","secreted","CellChat"
"TNR_ITGAV_ITGB6","TNR","ITGAV;ITGB6","1","1","1;1","1","ECM-Receptor","","CellChat"
"TNN_ITGAV_ITGB6","TNN","ITGAV;ITGB6","1","1","1;1","1","ECM-Receptor","","CellChat"
"TNXB_ITGAV_ITGB6","TNXB","ITGAV;ITGB6","1","1","1;1","1","ECM-Receptor","","CellChat"
"FN1_ITGAV_ITGB6","FN1","ITGAV;ITGB6","1","1","1;1","1","ECM-Receptor","secreted","CellChat"
"DSPP_ITGAV_ITGB6","DSPP","ITGAV;ITGB6","1","1","1;1","1","ECM-Receptor","","CellChat"
"VTN_ITGAV_ITGB8","VTN","ITGAV;ITGB8","1","1","1;1","1","ECM-Receptor","secreted","CellChat"
"FN1_ITGAV_ITGB8","FN1","ITGAV;ITGB8","1","1","1;1","1","ECM-Receptor","secreted","CellChat"
"LAMA1_ITGAV_ITGB8","LAMA1","ITGAV;ITGB8","1","1","1;1","1","ECM-Receptor","","CellChat"
"LAMA2_ITGAV_ITGB8","LAMA2","ITGAV;ITGB8","1","1","1;1","1","ECM-Receptor","secreted","CellChat"
"LAMA3_ITGAV_ITGB8","LAMA3","ITGAV;ITGB8","1","1","1;1","1","ECM-Receptor","secreted","CellChat"
"LAMA4_ITGAV_ITGB8","LAMA4","ITGAV;ITGB8","1","1","1;1","1","ECM-Receptor","","CellChat"
"LAMA5_ITGAV_ITGB8","LAMA5","ITGAV;ITGB8","1","1","1;1","1","ECM-Receptor","","CellChat"
"LAMB1_ITGAV_ITGB8","LAMB1","ITGAV;ITGB8","1","1","1;1","1","ECM-Receptor","","CellChat"
"LAMB2_ITGAV_ITGB8","LAMB2","ITGAV;ITGB8","1","1","1;1","1","ECM-Receptor","","CellChat"
"LAMB3_ITGAV_ITGB8","LAMB3","ITGAV;ITGB8","1","1","1;1","1","ECM-Receptor","","CellChat"
"LAMC1_ITGAV_ITGB8","LAMC1","ITGAV;ITGB8","1","1","1;1","1","ECM-Receptor","secreted","CellChat"
"LAMC2_ITGAV_ITGB8","LAMC2","ITGAV;ITGB8","1","1","1;1","1","ECM-Receptor","","CellChat"
"LAMC3_ITGAV_ITGB8","LAMC3","ITGAV;ITGB8","1","1","1;1","1","ECM-Receptor","","CellChat"
"COL1A1_ITGAV_ITGB8","COL1A1","ITGAV;ITGB8","1","1","1;1","1","ECM-Receptor","secreted","CellChat"
"COL1A2_ITGAV_ITGB8","COL1A2","ITGAV;ITGB8","1","1","1;1","1","ECM-Receptor","secreted","CellChat"
"COL2A1_ITGAV_ITGB8","COL2A1","ITGAV;ITGB8","1","1","1;1","1","ECM-Receptor","secreted","CellChat"
"COL4A1_ITGAV_ITGB8","COL4A1","ITGAV;ITGB8","1","1","1;1","1","ECM-Receptor","secreted","CellChat"
"COL4A2_ITGAV_ITGB8","COL4A2","ITGAV;ITGB8","1","1","1;1","1","ECM-Receptor","secreted","CellChat"
"COL4A3_ITGAV_ITGB8","COL4A3","ITGAV;ITGB8","1","1","1;1","1","ECM-Receptor","secreted","CellChat"
"COL4A4_ITGAV_ITGB8","COL4A4","ITGAV;ITGB8","1","1","1;1","1","ECM-Receptor","secreted","CellChat"
"COL4A5_ITGAV_ITGB8","COL4A5","ITGAV;ITGB8","1","1","1;1","1","ECM-Receptor","secreted","CellChat"
"COL4A6_ITGAV_ITGB8","COL4A6","ITGAV;ITGB8","1","1","1;1","1","ECM-Receptor","secreted","CellChat"
"COL6A1_ITGAV_ITGB8","COL6A1","ITGAV;ITGB8","1","1","1;1","1","ECM-Receptor","secreted","CellChat"
"COL6A2_ITGAV_ITGB8","COL6A2","ITGAV;ITGB8","1","1","1;1","1","ECM-Receptor","secreted","CellChat"
"COL6A3_ITGAV_ITGB8","COL6A3","ITGAV;ITGB8","1","1","1;1","1","ECM-Receptor","secreted","CellChat"
"COL6A5_ITGAV_ITGB8","COL6A5","ITGAV;ITGB8","1","1","1;1","1","ECM-Receptor","secreted","CellChat"
"COL6A6_ITGAV_ITGB8","COL6A6","ITGAV;ITGB8","1","1","1;1","1","ECM-Receptor","secreted","CellChat"
"COL9A1_ITGAV_ITGB8","COL9A1","ITGAV;ITGB8","1","1","1;1","1","ECM-Receptor","secreted","CellChat"
"COL9A2_ITGAV_ITGB8","COL9A2","ITGAV;ITGB8","1","1","1;1","1","ECM-Receptor","secreted","CellChat"
"COL9A3_ITGAV_ITGB8","COL9A3","ITGAV;ITGB8","1","1","1;1","1","ECM-Receptor","secreted","CellChat"
"LAMA1_ITGA6_ITGB4","LAMA1","ITGA6;ITGB4","1","1","1;1","1","ECM-Receptor","","CellChat"
"LAMA2_ITGA6_ITGB4","LAMA2","ITGA6;ITGB4","1","1","1;1","1","ECM-Receptor","secreted","CellChat"
"LAMA3_ITGA6_ITGB4","LAMA3","ITGA6;ITGB4","1","1","1;1","1","ECM-Receptor","secreted","CellChat"
"LAMA4_ITGA6_ITGB4","LAMA4","ITGA6;ITGB4","1","1","1;1","1","ECM-Receptor","","CellChat"
"LAMA5_ITGA6_ITGB4","LAMA5","ITGA6;ITGB4","1","1","1;1","1","ECM-Receptor","","CellChat"
"LAMB1_ITGA6_ITGB4","LAMB1","ITGA6;ITGB4","1","1","1;1","1","ECM-Receptor","","CellChat"
"LAMB2_ITGA6_ITGB4","LAMB2","ITGA6;ITGB4","1","1","1;1","1","ECM-Receptor","","CellChat"
"LAMB3_ITGA6_ITGB4","LAMB3","ITGA6;ITGB4","1","1","1;1","1","ECM-Receptor","","CellChat"
"LAMC1_ITGA6_ITGB4","LAMC1","ITGA6;ITGB4","1","1","1;1","1","ECM-Receptor","secreted","CellChat"
"LAMC2_ITGA6_ITGB4","LAMC2","ITGA6;ITGB4","1","1","1;1","1","ECM-Receptor","","CellChat"
"LAMC3_ITGA6_ITGB4","LAMC3","ITGA6;ITGB4","1","1","1;1","1","ECM-Receptor","","CellChat"
"FN1_CD44","FN1","CD44","1","1","1","1","ECM-Receptor","secreted","CellChat"
"COL1A1_CD44","COL1A1","CD44","1","1","1","1","ECM-Receptor","secreted","CellChat"
"COL1A2_CD44","COL1A2","CD44","1","1","1","1","ECM-Receptor","secreted","CellChat"
"COL2A1_CD44","COL2A1","CD44","1","1","1","1","ECM-Receptor","secreted","CellChat"
"COL4A1_CD44","COL4A1","CD44","1","1","1","1","ECM-Receptor","secreted","CellChat"
"COL4A2_CD44","COL4A2","CD44","1","1","1","1","ECM-Receptor","secreted","CellChat"
"COL4A3_CD44","COL4A3","CD44","1","1","1","1","ECM-Receptor","secreted","CellChat"
"COL4A4_CD44","COL4A4","CD44","1","1","1","1","ECM-Receptor","secreted","CellChat"
"COL4A5_CD44","COL4A5","CD44","1","1","1","1","ECM-Receptor","secreted","CellChat"
"COL4A6_CD44","COL4A6","CD44","1","1","1","1","ECM-Receptor","secreted","CellChat"
"COL6A1_CD44","COL6A1","CD44","1","1","1","1","ECM-Receptor","secreted","CellChat"
"COL6A2_CD44","COL6A2","CD44","1","1","1","1","ECM-Receptor","secreted","CellChat"
"COL6A3_CD44","COL6A3","CD44","1","1","1","1","ECM-Receptor","secreted","CellChat"
"COL6A5_CD44","COL6A5","CD44","1","1","1","1","ECM-Receptor","secreted","CellChat"
"COL6A6_CD44","COL6A6","CD44","1","1","1","1","ECM-Receptor","secreted","CellChat"
"COL9A1_CD44","COL9A1","CD44","1","1","1","1","ECM-Receptor","secreted","CellChat"
"COL9A2_CD44","COL9A2","CD44","1","1","1","1","ECM-Receptor","secreted","CellChat"
"COL9A3_CD44","COL9A3","CD44","1","1","1","1","ECM-Receptor","secreted","CellChat"
"LAMA1_CD44","LAMA1","CD44","1","1","1","1","ECM-Receptor","","CellChat"
"LAMA2_CD44","LAMA2","CD44","1","1","1","1","ECM-Receptor","secreted","CellChat"
"LAMA3_CD44","LAMA3","CD44","1","1","1","1","ECM-Receptor","secreted","CellChat"
"LAMA4_CD44","LAMA4","CD44","1","1","1","1","ECM-Receptor","","CellChat"
"LAMA5_CD44","LAMA5","CD44","1","1","1","1","ECM-Receptor","","CellChat"
"LAMB1_CD44","LAMB1","CD44","1","1","1","1","ECM-Receptor","","CellChat"
"LAMB2_CD44","LAMB2","CD44","1","1","1","1","ECM-Receptor","","CellChat"
"LAMB3_CD44","LAMB3","CD44","1","1","1","1","ECM-Receptor","","CellChat"
"LAMC1_CD44","LAMC1","CD44","1","1","1","1","ECM-Receptor","secreted","CellChat"
"LAMC2_CD44","LAMC2","CD44","1","1","1","1","ECM-Receptor","","CellChat"
"LAMC3_CD44","LAMC3","CD44","1","1","1","1","ECM-Receptor","","CellChat"
"COL1A1_SDC1","COL1A1","SDC1","1","1","1","1","ECM-Receptor","secreted","CellChat"
"COL1A2_SDC1","COL1A2","SDC1","1","1","1","1","ECM-Receptor","secreted","CellChat"
"COL2A1_SDC1","COL2A1","SDC1","1","1","1","1","ECM-Receptor","secreted","CellChat"
"COL4A1_SDC1","COL4A1","SDC1","1","1","1","1","ECM-Receptor","secreted","CellChat"
"COL4A2_SDC1","COL4A2","SDC1","1","1","1","1","ECM-Receptor","secreted","CellChat"
"COL4A3_SDC1","COL4A3","SDC1","1","1","1","1","ECM-Receptor","secreted","CellChat"
"COL4A4_SDC1","COL4A4","SDC1","1","1","1","1","ECM-Receptor","secreted","CellChat"
"COL4A5_SDC1","COL4A5","SDC1","1","1","1","1","ECM-Receptor","secreted","CellChat"
"COL4A6_SDC1","COL4A6","SDC1","1","1","1","1","ECM-Receptor","secreted","CellChat"
"COL6A1_SDC1","COL6A1","SDC1","1","1","1","1","ECM-Receptor","secreted","CellChat"
"COL6A2_SDC1","COL6A2","SDC1","1","1","1","1","ECM-Receptor","secreted","CellChat"
"COL6A3_SDC1","COL6A3","SDC1","1","1","1","1","ECM-Receptor","secreted","CellChat"
"COL6A5_SDC1","COL6A5","SDC1","1","1","1","1","ECM-Receptor","secreted","CellChat"
"COL6A6_SDC1","COL6A6","SDC1","1","1","1","1","ECM-Receptor","secreted","CellChat"
"COL9A1_SDC1","COL9A1","SDC1","1","1","1","1","ECM-Receptor","secreted","CellChat"
"COL9A2_SDC1","COL9A2","SDC1","1","1","1","1","ECM-Receptor","secreted","CellChat"
"COL9A3_SDC1","COL9A3","SDC1","1","1","1","1","ECM-Receptor","secreted","CellChat"
"FN1_SDC1","FN1","SDC1","1","1","1","1","ECM-Receptor","secreted","CellChat"
"TNC_SDC1","TNC","SDC1","1","1","1","1","ECM-Receptor","secreted","CellChat"
"TNR_SDC1","TNR","SDC1","1","1","1","1","ECM-Receptor","","CellChat"
"TNN_SDC1","TNN","SDC1","1","1","1","1","ECM-Receptor","","CellChat"
"TNXB_SDC1","TNXB","SDC1","1","1","1","1","ECM-Receptor","","CellChat"
"THBS1_SDC1","THBS1","SDC1","1","1","1","1","ECM-Receptor","","CellChat"
"THBS2_SDC1","THBS2","SDC1","1","1","1","1","ECM-Receptor","","CellChat"
"THBS3_SDC1","THBS3","SDC1","1","1","1","1","ECM-Receptor","","CellChat"
"THBS4_SDC1","THBS4","SDC1","1","1","1","1","ECM-Receptor","","CellChat"
"COMP_SDC1","COMP","SDC1","1","1","1","1","ECM-Receptor","","CellChat"
"COL1A1_SDC4","COL1A1","SDC4","1","1","1","1","ECM-Receptor","secreted","CellChat"
"COL1A2_SDC4","COL1A2","SDC4","1","1","1","1","ECM-Receptor","secreted","CellChat"
"COL2A1_SDC4","COL2A1","SDC4","1","1","1","1","ECM-Receptor","secreted","CellChat"
"COL4A1_SDC4","COL4A1","SDC4","1","1","1","1","ECM-Receptor","secreted","CellChat"
"COL4A2_SDC4","COL4A2","SDC4","1","1","1","1","ECM-Receptor","secreted","CellChat"
"COL4A3_SDC4","COL4A3","SDC4","1","1","1","1","ECM-Receptor","secreted","CellChat"
"COL4A4_SDC4","COL4A4","SDC4","1","1","1","1","ECM-Receptor","secreted","CellChat"
"COL4A5_SDC4","COL4A5","SDC4","1","1","1","1","ECM-Receptor","secreted","CellChat"
"COL4A6_SDC4","COL4A6","SDC4","1","1","1","1","ECM-Receptor","secreted","CellChat"
"COL6A1_SDC4","COL6A1","SDC4","1","1","1","1","ECM-Receptor","secreted","CellChat"
"COL6A2_SDC4","COL6A2","SDC4","1","1","1","1","ECM-Receptor","secreted","CellChat"
"COL6A3_SDC4","COL6A3","SDC4","1","1","1","1","ECM-Receptor","secreted","CellChat"
"COL6A5_SDC4","COL6A5","SDC4","1","1","1","1","ECM-Receptor","secreted","CellChat"
"COL6A6_SDC4","COL6A6","SDC4","1","1","1","1","ECM-Receptor","secreted","CellChat"
"COL9A1_SDC4","COL9A1","SDC4","1","1","1","1","ECM-Receptor","secreted","CellChat"
"COL9A2_SDC4","COL9A2","SDC4","1","1","1","1","ECM-Receptor","secreted","CellChat"
"COL9A3_SDC4","COL9A3","SDC4","1","1","1","1","ECM-Receptor","secreted","CellChat"
"FN1_SDC4","FN1","SDC4","1","1","1","1","ECM-Receptor","secreted","CellChat"
"TNC_SDC4","TNC","SDC4","1","1","1","1","ECM-Receptor","secreted","CellChat"
"TNR_SDC4","TNR","SDC4","1","1","1","1","ECM-Receptor","","CellChat"
"TNN_SDC4","TNN","SDC4","1","1","1","1","ECM-Receptor","","CellChat"
"TNXB_SDC4","TNXB","SDC4","1","1","1","1","ECM-Receptor","","CellChat"
"THBS1_SDC4","THBS1","SDC4","1","1","1","1","ECM-Receptor","","CellChat"
"THBS2_SDC4","THBS2","SDC4","1","1","1","1","ECM-Receptor","","CellChat"
"THBS3_SDC4","THBS3","SDC4","1","1","1","1","ECM-Receptor","","CellChat"
"THBS4_SDC4","THBS4","SDC4","1","1","1","1","ECM-Receptor","","CellChat"
"COMP_SDC4","COMP","SDC4","1","1","1","1","ECM-Receptor","","CellChat"
"LAMA1_SV2A","LAMA1","SV2A","1","1","1","1","ECM-Receptor","","CellChat"
"LAMA2_SV2A","LAMA2","SV2A","1","1","1","1","ECM-Receptor","secreted","CellChat"
"LAMA3_SV2A","LAMA3","SV2A","1","1","1","1","ECM-Receptor","secreted","CellChat"
"LAMA4_SV2A","LAMA4","SV2A","1","1","1","1","ECM-Receptor","","CellChat"
"LAMA5_SV2A","LAMA5","SV2A","1","1","1","1","ECM-Receptor","","CellChat"
"LAMB1_SV2A","LAMB1","SV2A","1","1","1","1","ECM-Receptor","","CellChat"
"LAMB2_SV2A","LAMB2","SV2A","1","1","1","1","ECM-Receptor","","CellChat"
"LAMB3_SV2A","LAMB3","SV2A","1","1","1","1","ECM-Receptor","","CellChat"
"LAMC1_SV2A","LAMC1","SV2A","1","1","1","1","ECM-Receptor","secreted","CellChat"
"LAMC2_SV2A","LAMC2","SV2A","1","1","1","1","ECM-Receptor","","CellChat"
"LAMC3_SV2A","LAMC3","SV2A","1","1","1","1","ECM-Receptor","","CellChat"
"LAMA1_SV2B","LAMA1","SV2B","1","1","1","1","ECM-Receptor","","CellChat"
"LAMA2_SV2B","LAMA2","SV2B","1","1","1","1","ECM-Receptor","secreted","CellChat"
"LAMA3_SV2B","LAMA3","SV2B","1","1","1","1","ECM-Receptor","secreted","CellChat"
"LAMA4_SV2B","LAMA4","SV2B","1","1","1","1","ECM-Receptor","","CellChat"
"LAMA5_SV2B","LAMA5","SV2B","1","1","1","1","ECM-Receptor","","CellChat"
"LAMB1_SV2B","LAMB1","SV2B","1","1","1","1","ECM-Receptor","","CellChat"
"LAMB2_SV2B","LAMB2","SV2B","1","1","1","1","ECM-Receptor","","CellChat"
"LAMB3_SV2B","LAMB3","SV2B","1","1","1","1","ECM-Receptor","","CellChat"
"LAMC1_SV2B","LAMC1","SV2B","1","1","1","1","ECM-Receptor","secreted","CellChat"
"LAMC2_SV2B","LAMC2","SV2B","1","1","1","1","ECM-Receptor","","CellChat"
"LAMC3_SV2B","LAMC3","SV2B","1","1","1","1","ECM-Receptor","","CellChat"
"LAMA1_SV2C","LAMA1","SV2C","1","1","1","1","ECM-Receptor","","CellChat"
"LAMA2_SV2C","LAMA2","SV2C","1","1","1","1","ECM-Receptor","secreted","CellChat"
"LAMA3_SV2C","LAMA3","SV2C","1","1","1","1","ECM-Receptor","secreted","CellChat"
"LAMA4_SV2C","LAMA4","SV2C","1","1","1","1","ECM-Receptor","","CellChat"
"LAMA5_SV2C","LAMA5","SV2C","1","1","1","1","ECM-Receptor","","CellChat"
"LAMB1_SV2C","LAMB1","SV2C","1","1","1","1","ECM-Receptor","","CellChat"
"LAMB2_SV2C","LAMB2","SV2C","1","1","1","1","ECM-Receptor","","CellChat"
"LAMB3_SV2C","LAMB3","SV2C","1","1","1","1","ECM-Receptor","","CellChat"
"LAMC1_SV2C","LAMC1","SV2C","1","1","1","1","ECM-Receptor","secreted","CellChat"
"LAMC2_SV2C","LAMC2","SV2C","1","1","1","1","ECM-Receptor","","CellChat"
"LAMC3_SV2C","LAMC3","SV2C","1","1","1","1","ECM-Receptor","","CellChat"
"THBS1_CD36","THBS1","CD36","1","1","1","1","ECM-Receptor","","CellChat"
"THBS2_CD36","THBS2","CD36","1","1","1","1","ECM-Receptor","","CellChat"
"THBS3_CD36","THBS3","CD36","1","1","1","1","ECM-Receptor","","CellChat"
"THBS4_CD36","THBS4","CD36","1","1","1","1","ECM-Receptor","","CellChat"
"COMP_CD36","COMP","CD36","1","1","1","1","ECM-Receptor","","CellChat"
"VWF_GP1BA_GP1BB_GP5_GP9","VWF","GP5;GP1BA;GP1BB;GP9","1","1","1;1;1;1","1","ECM-Receptor","secreted","CellChat"
"COL1A1_GP6","COL1A1","GP6","1","1","1","1","ECM-Receptor","secreted","CellChat"
"COL1A2_GP6","COL1A2","GP6","1","1","1","1","ECM-Receptor","secreted","CellChat"
"COL2A1_GP6","COL2A1","GP6","1","1","1","1","ECM-Receptor","secreted","CellChat"
"COL4A1_GP6","COL4A1","GP6","1","1","1","1","ECM-Receptor","secreted","CellChat"
"COL4A2_GP6","COL4A2","GP6","1","1","1","1","ECM-Receptor","secreted","CellChat"
"COL4A3_GP6","COL4A3","GP6","1","1","1","1","ECM-Receptor","secreted","CellChat"
"COL4A4_GP6","COL4A4","GP6","1","1","1","1","ECM-Receptor","secreted","CellChat"
"COL4A5_GP6","COL4A5","GP6","1","1","1","1","ECM-Receptor","secreted","CellChat"
"COL4A6_GP6","COL4A6","GP6","1","1","1","1","ECM-Receptor","secreted","CellChat"
"COL6A1_GP6","COL6A1","GP6","1","1","1","1","ECM-Receptor","secreted","CellChat"
"COL6A2_GP6","COL6A2","GP6","1","1","1","1","ECM-Receptor","secreted","CellChat"
"COL6A3_GP6","COL6A3","GP6","1","1","1","1","ECM-Receptor","secreted","CellChat"
"COL6A5_GP6","COL6A5","GP6","1","1","1","1","ECM-Receptor","secreted","CellChat"
"COL6A6_GP6","COL6A6","GP6","1","1","1","1","ECM-Receptor","secreted","CellChat"
"COL9A1_GP6","COL9A1","GP6","1","1","1","1","ECM-Receptor","secreted","CellChat"
"COL9A2_GP6","COL9A2","GP6","1","1","1","1","ECM-Receptor","secreted","CellChat"
"COL9A3_GP6","COL9A3","GP6","1","1","1","1","ECM-Receptor","secreted","CellChat"
"THBS1_CD47","THBS1","CD47","1","1","1","1","ECM-Receptor","","CellChat"
"THBS2_CD47","THBS2","CD47","1","1","1","1","ECM-Receptor","","CellChat"
"THBS3_CD47","THBS3","CD47","1","1","1","1","ECM-Receptor","","CellChat"
"THBS4_CD47","THBS4","CD47","1","1","1","1","ECM-Receptor","","CellChat"
"COMP_CD47","COMP","CD47","1","1","1","1","ECM-Receptor","","CellChat"
"AGRN_DAG1","AGRN","DAG1","1","1","1","1","ECM-Receptor","secreted","CellChat"
"HSPG2_DAG1","HSPG2","DAG1","1","1","1","1","ECM-Receptor","","CellChat"
"LAMA1_DAG1","LAMA1","DAG1","1","1","1","1","ECM-Receptor","","CellChat"
"LAMA2_DAG1","LAMA2","DAG1","1","1","1","1","ECM-Receptor","secreted","CellChat"
"LAMA3_DAG1","LAMA3","DAG1","1","1","1","1","ECM-Receptor","secreted","CellChat"
"LAMA4_DAG1","LAMA4","DAG1","1","1","1","1","ECM-Receptor","","CellChat"
"LAMA5_DAG1","LAMA5","DAG1","1","1","1","1","ECM-Receptor","","CellChat"
"LAMB1_DAG1","LAMB1","DAG1","1","1","1","1","ECM-Receptor","","CellChat"
"LAMB2_DAG1","LAMB2","DAG1","1","1","1","1","ECM-Receptor","","CellChat"
"LAMB3_DAG1","LAMB3","DAG1","1","1","1","1","ECM-Receptor","","CellChat"
"LAMC1_DAG1","LAMC1","DAG1","1","1","1","1","ECM-Receptor","secreted","CellChat"
"LAMC2_DAG1","LAMC2","DAG1","1","1","1","1","ECM-Receptor","","CellChat"
"LAMC3_DAG1","LAMC3","DAG1","1","1","1","1","ECM-Receptor","","CellChat"
"ANXA1_FPR2_LXA4","ANXA1","FPR2;FPR3","1","1","1;1","1","Secreted Signaling","secreted","CellChat"
"APP_CD74","APP","CD74","1","1","1","1","Cell-Cell Contact","","CellChat"
"CADM1_CADM1","CADM1","CADM1","1","1","1","1","Cell-Cell Contact","","CellChat"
"CADM3_CADM3","CADM3","CADM3","1","1","1","1","Cell-Cell Contact","","CellChat"
"FCER2A_ITGAM_ITGB2","FCER2","ITGAM;ITGB2","1","1","1;1","1","Cell-Cell Contact","secreted","CellChat"
"FCER2A_ITGAX_ITGB2","FCER2","ITGAX;ITGB2","1","1","1;1","1","Cell-Cell Contact","secreted","CellChat"
"FCER2A_ITGAV_ITGB3","FCER2","ITGAV;ITGB3","1","1","1;1","1","Cell-Cell Contact","secreted","CellChat"
"FCER2A_CR2","FCER2","CR2","1","1","1","1","Cell-Cell Contact","secreted","CellChat"
"CD34_SELP","CD34","SELP","1","1","1","1","Cell-Cell Contact","","CellChat"
"ENTPD1_ADORA1","ENTPD1","ADORA1","1","1","1","1","Cell-Cell Contact","","CellChat"
"ENTPD1_ADORA2A","ENTPD1","ADORA2A","1","1","1","1","Cell-Cell Contact","","CellChat"
"ENTPD1_ADORA2B","ENTPD1","ADORA2B","1","1","1","1","Cell-Cell Contact","","CellChat"
"ENTPD1_TMIGD3","ENTPD1","TMIGD3","1","1","1","1","Cell-Cell Contact","","CellChat"
"CD40LG_CD40","CD40LG","CD40","1","1","1","1","Cell-Cell Contact","cytokine","CellChat"
"PTPRC_CD22","PTPRC","CD22","1","1","1","1","Cell-Cell Contact","","CellChat"
"PTPRC_MRC1","PTPRC","MRC1","1","1","1","1","Cell-Cell Contact","","CellChat"
"CD46_JAG1","CD46","JAG1","1","1","1","1","Cell-Cell Contact","","CellChat"
"CD48_CD244A","CD48","CD244","1","1","1","1","Cell-Cell Contact","","CellChat"
"CD6_ALCAM","CD6","ALCAM","1","1","1","1","Cell-Cell Contact","secreted","CellChat"
"CD80_CD274","CD80","CD274","1","1","1","1","Cell-Cell Contact","","CellChat"
"CD80_CD28","CD80","CD28","1","1","1","1","Cell-Cell Contact","","CellChat"
"CD80_CTLA4","CD80","CTLA4","1","1","1","1","Cell-Cell Contact","","CellChat"
"CD86_CD28","CD86","CD28","1","1","1","1","Cell-Cell Contact","","CellChat"
"CD86_CTLA4","CD86","CTLA4","1","1","1","1","Cell-Cell Contact","","CellChat"
"CD96_NECTIN1","CD96","NECTIN1","1","1","1","1","Cell-Cell Contact","","CellChat"
"CD96_PVR","CD96","PVR","1","1","1","1","Cell-Cell Contact","","CellChat"
"CD99_PILRA","CD99","PILRA","1","1","1","1","Cell-Cell Contact","","CellChat"
"CD99_CD99","CD99","CD99","1","1","1","1","Cell-Cell Contact","","CellChat"
"CD99_CD99L2","CD99","CD99L2","1","1","1","1","Cell-Cell Contact","","CellChat"
"CDH15_CDH15","CDH15","CDH15","1","1","1","1","Cell-Cell Contact","","CellChat"
"CDH4_CDH4","CDH4","CDH4","1","1","1","1","Cell-Cell Contact","","CellChat"
"CDH2_CDH2","CDH2","CDH2","1","1","1","1","Cell-Cell Contact","","CellChat"
"CDH1_CDH1","CDH1","CDH1","1","1","1","1","Cell-Cell Contact","","CellChat"
"CDH1_ITGA1_ITGB1","CDH1","ITGA2;ITGB1","1","1","1;1","1","Cell-Cell Contact","","CellChat"
"CDH1_ITGAE_ITGB7","CDH1","ITGAE;ITGB7","1","1","1;1","1","Cell-Cell Contact","","CellChat"
"CDH1_KLRG1","CDH1","KLRG1","1","1","1","1","Cell-Cell Contact","","CellChat"
"CDH5_CDH5","CDH5","CDH5","1","1","1","1","Cell-Cell Contact","","CellChat"
"CD1D_CEACAM5","CD1D","CEACAM5","1","1","1","1","Cell-Cell Contact","","CellChat"
"CD209_CEACAM1","CD209","CEACAM1","1","1","1","1","Cell-Cell Contact","secreted","CellChat"
"CD8A_CEACAM5","CD8A","CEACAM5","1","1","1","1","Cell-Cell Contact","secreted","CellChat"
"CEACAM1_CEACAM5","CEACAM1","CEACAM5","1","1","1","1","Cell-Cell Contact","secreted","CellChat"
"SELE_CEACAM1","SELE","CEACAM1","1","1","1","1","Cell-Cell Contact","","CellChat"
"CLDN11_CLDN11","CLDN11","CLDN11","1","1","1","1","Cell-Cell Contact","","CellChat"
"CLEC2D_KLRB1","CLEC2D","KLRB1","1","1","1","1","Cell-Cell Contact","","CellChat"
"CLEC2A_KLRB1","CLEC2A","KLRB1","1","1","1","1","Cell-Cell Contact","","CellChat"
"CLEC2B_KLRB1","CLEC2B","KLRB1","1","1","1","1","Cell-Cell Contact","","CellChat"
"CLEC2C_KLRB1","CD69","KLRB1","1","1","1","1","Cell-Cell Contact","","CellChat"
"CLEC2L_KLRB1","CLEC2L","KLRB1","1","1","1","1","Cell-Cell Contact","","CellChat"
"CLEC1B_KLRB1","CLEC1B","KLRB1","1","1","1","1","Cell-Cell Contact","","CellChat"
"NFASC_CNTN1_CNTNAP1","NFASC","CNTN1;CNTNAP1","1","1","1;1","1","Cell-Cell Contact","","CellChat"
"CNTN2_CNTN2_CNTNAP2","CNTN2","CNTN2;CNTNAP2","1","1","1;1","1","Cell-Cell Contact","","CellChat"
"CNTN2_L1CAM","CNTN2","L1CAM","1","1","1","1","Cell-Cell Contact","","CellChat"
"CNTN2_CNTN2","CNTN2","CNTN2","1","1","1","1","Cell-Cell Contact","","CellChat"
"CNTN1_NRCAM","CNTN1","NRCAM","1","1","1","1","Cell-Cell Contact","","CellChat"
"CSPG4_ITGA2_ITGB1","CSPG4","ITGA3;ITGB1","1","1","1;1","1","Cell-Cell Contact","","CellChat"
"DSC1_DSG1","DSC1","DSG1","1","1","1","1","Cell-Cell Contact","","CellChat"
"DSC1_DSG2","DSC1","DSG2","1","1","1","1","Cell-Cell Contact","","CellChat"
"DSC2_DSG1","DSC2","DSG1","1","1","1","1","Cell-Cell Contact","","CellChat"
"DSC2_DSG2","DSC2","DSG2","1","1","1","1","Cell-Cell Contact","","CellChat"
"DSC3_DSG1","DSC3","DSG1","1","1","1","1","Cell-Cell Contact","","CellChat"
"DSC3_DSG2","DSC3","DSG2","1","1","1","1","Cell-Cell Contact","","CellChat"
"EPGN_EGFR","EPGN","EGFR","1","1","1","1","Cell-Cell Contact","growth factor","CellChat"
"EFNA1_EPHA1","EFNA1","EPHA1","1","1","1","1","Cell-Cell Contact","secreted","CellChat"
"EFNA1_EPHA2","EFNA1","EPHA2","1","1","1","1","Cell-Cell Contact","secreted","CellChat"
"EFNA1_EPHA3","EFNA1","EPHA3","1","1","1","1","Cell-Cell Contact","secreted","CellChat"
"EFNA1_EPHA4","EFNA1","EPHA4","1","1","1","1","Cell-Cell Contact","secreted","CellChat"
"EFNA1_EPHA5","EFNA1","EPHA5","1","1","1","1","Cell-Cell Contact","secreted","CellChat"
"EFNA1_EPHA7","EFNA1","EPHA7","1","1","1","1","Cell-Cell Contact","secreted","CellChat"
"EFNA1_EPHA8","EFNA1","EPHA8","1","1","1","1","Cell-Cell Contact","secreted","CellChat"
"EFNA2_EPHA1","EFNA2","EPHA1","1","1","1","1","Cell-Cell Contact","","CellChat"
"EFNA2_EPHA2","EFNA2","EPHA2","1","1","1","1","Cell-Cell Contact","","CellChat"
"EFNA2_EPHA3","EFNA2","EPHA3","1","1","1","1","Cell-Cell Contact","","CellChat"
"EFNA2_EPHA4","EFNA2","EPHA4","1","1","1","1","Cell-Cell Contact","","CellChat"
"EFNA2_EPHA5","EFNA2","EPHA5","1","1","1","1","Cell-Cell Contact","","CellChat"
"EFNA2_EPHA7","EFNA2","EPHA7","1","1","1","1","Cell-Cell Contact","","CellChat"
"EFNA2_EPHA8","EFNA2","EPHA8","1","1","1","1","Cell-Cell Contact","","CellChat"
"EFNA3_EPHA1","EFNA3","EPHA1","1","1","1","1","Cell-Cell Contact","","CellChat"
"EFNA3_EPHA2","EFNA3","EPHA2","1","1","1","1","Cell-Cell Contact","","CellChat"
"EFNA3_EPHA3","EFNA3","EPHA3","1","1","1","1","Cell-Cell Contact","","CellChat"
"EFNA3_EPHA4","EFNA3","EPHA4","1","1","1","1","Cell-Cell Contact","","CellChat"
"EFNA3_EPHA5","EFNA3","EPHA5","1","1","1","1","Cell-Cell Contact","","CellChat"
"EFNA3_EPHA7","EFNA3","EPHA7","1","1","1","1","Cell-Cell Contact","","CellChat"
"EFNA3_EPHA8","EFNA3","EPHA8","1","1","1","1","Cell-Cell Contact","","CellChat"
"EFNA4_EPHA1","EFNA4","EPHA1","1","1","1","1","Cell-Cell Contact","secreted","CellChat"
"EFNA4_EPHA2","EFNA4","EPHA2","1","1","1","1","Cell-Cell Contact","secreted","CellChat"
"EFNA4_EPHA3","EFNA4","EPHA3","1","1","1","1","Cell-Cell Contact","secreted","CellChat"
"EFNA4_EPHA4","EFNA4","EPHA4","1","1","1","1","Cell-Cell Contact","secreted","CellChat"
"EFNA4_EPHA5","EFNA4","EPHA5","1","1","1","1","Cell-Cell Contact","secreted","CellChat"
"EFNA4_EPHA7","EFNA4","EPHA7","1","1","1","1","Cell-Cell Contact","secreted","CellChat"
"EFNA4_EPHA8","EFNA4","EPHA8","1","1","1","1","Cell-Cell Contact","secreted","CellChat"
"EFNA5_EPHA1","EFNA5","EPHA1","1","1","1","1","Cell-Cell Contact","","CellChat"
"EFNA5_EPHA2","EFNA5","EPHA2","1","1","1","1","Cell-Cell Contact","","CellChat"
"EFNA5_EPHA3","EFNA5","EPHA3","1","1","1","1","Cell-Cell Contact","","CellChat"
"EFNA5_EPHA4","EFNA5","EPHA4","1","1","1","1","Cell-Cell Contact","","CellChat"
"EFNA5_EPHA5","EFNA5","EPHA5","1","1","1","1","Cell-Cell Contact","","CellChat"
"EFNA5_EPHA7","EFNA5","EPHA7","1","1","1","1","Cell-Cell Contact","","CellChat"
"EFNA5_EPHA8","EFNA5","EPHA8","1","1","1","1","Cell-Cell Contact","","CellChat"
"EFNA5_EPHB2","EFNA5","EPHB2","1","1","1","1","Cell-Cell Contact","","CellChat"
"EFNB1_EPHA4","EFNB1","EPHA4","1","1","1","1","Cell-Cell Contact","","CellChat"
"EFNB1_EPHB1","EFNB1","EPHB1","1","1","1","1","Cell-Cell Contact","","CellChat"
"EFNB1_EPHB2","EFNB1","EPHB2","1","1","1","1","Cell-Cell Contact","","CellChat"
"EFNB1_EPHB3","EFNB1","EPHB3","1","1","1","1","Cell-Cell Contact","","CellChat"
"EFNB1_EPHB4","EFNB1","EPHB4","1","1","1","1","Cell-Cell Contact","","CellChat"
"EFNB2_EPHA4","EFNB2","EPHA4","1","1","1","1","Cell-Cell Contact","","CellChat"
"EFNB2_EPHB1","EFNB2","EPHB1","1","1","1","1","Cell-Cell Contact","","CellChat"
"EFNB2_EPHB2","EFNB2","EPHB2","1","1","1","1","Cell-Cell Contact","","CellChat"
"EFNB2_EPHB3","EFNB2","EPHB3","1","1","1","1","Cell-Cell Contact","","CellChat"
"EFNB2_EPHB4","EFNB2","EPHB4","1","1","1","1","Cell-Cell Contact","","CellChat"
"EFNB3_EPHA4","EFNB3","EPHA4","1","1","1","1","Cell-Cell Contact","","CellChat"
"EFNB3_EPHB1","EFNB3","EPHB1","1","1","1","1","Cell-Cell Contact","","CellChat"
"EFNB3_EPHB2","EFNB3","EPHB2","1","1","1","1","Cell-Cell Contact","","CellChat"
"EFNB3_EPHB3","EFNB3","EPHB3","1","1","1","1","Cell-Cell Contact","","CellChat"
"EFNB3_EPHB4","EFNB3","EPHB4","1","1","1","1","Cell-Cell Contact","","CellChat"
"EFNB3_EPHB6","EFNB3","EPHB6","1","1","1","1","Cell-Cell Contact","","CellChat"
"ESAM_ESAM","ESAM","ESAM","1","1","1","1","Cell-Cell Contact","","CellChat"
"GP1BA_ITGAM_ITGB2","GP1BA","ITGAM;ITGB2","1","1","1;1","1","Cell-Cell Contact","","CellChat"
"ICAM1_ITGAX_ITGB2","ICAM1","ITGAX;ITGB2","1","1","1;1","1","Cell-Cell Contact","","CellChat"
"ICAM1_ITGAL_ITGB2","ICAM1","ITGAL;ITGB2","1","1","1;1","1","Cell-Cell Contact","","CellChat"
"ICAM2_ITGAL_ITGB2","ICAM2","ITGAL;ITGB2","1","1","1;1","1","Cell-Cell Contact","","CellChat"
"ICAM1_ITGAM_ITGB2","ICAM1","ITGAM;ITGB2","1","1","1;1","1","Cell-Cell Contact","","CellChat"
"ICAM2_ITGAM_ITGB2","ICAM2","ITGAM;ITGB2","1","1","1;1","1","Cell-Cell Contact","","CellChat"
"ICAM1_ITGAL","ICAM1","ITGAL","1","1","1","1","Cell-Cell Contact","","CellChat"
"ICAM1_SPN","ICAM1","SPN","1","1","1","1","Cell-Cell Contact","","CellChat"
"ICAM5_CD209","ICAM5","CD209","1","1","1","1","Cell-Cell Contact","","CellChat"
"ICOSL_ICOS","ICOSLG","ICOS","1","1","1","1","Cell-Cell Contact","","CellChat"
"ICOSL_CD28","ICOSLG","CD28","1","1","1","1","Cell-Cell Contact","","CellChat"
"ICOSL_CTLA4","ICOSLG","CTLA4","1","1","1","1","Cell-Cell Contact","","CellChat"
"JAM2_ITGA3_ITGB1","JAM2","ITGA3;ITGB1","1","1","1;1","1","Cell-Cell Contact","","CellChat"
"JAM2_ITGAV_ITGB1","JAM2","ITGAV;ITGB1","1","1","1;1","1","Cell-Cell Contact","","CellChat"
"JAM3_ITGAM_ITGB2","JAM3","ITGAM;ITGB2","1","1","1;1","1","Cell-Cell Contact","secreted","CellChat"
"JAM1_ITGAL_ITGB2","F11R","ITGAL;ITGB2","1","1","1;1","1","Cell-Cell Contact","","CellChat"
"JAM2_JAM3","JAM2","JAM3","1","1","1","1","Cell-Cell Contact","","CellChat"
"F11R_F11R","F11R","F11R","1","1","1","1","Cell-Cell Contact","","CellChat"
"JAM2_F11R","JAM2","F11R","1","1","1","1","Cell-Cell Contact","","CellChat"
"JAM2_JAM2","JAM2","JAM2","1","1","1","1","Cell-Cell Contact","","CellChat"
"JAM3_F11R","JAM3","F11R","1","1","1","1","Cell-Cell Contact","secreted","CellChat"
"JAM3_JAM3","JAM3","JAM3","1","1","1","1","Cell-Cell Contact","secreted","CellChat"
"L1CAM_ITGAV_ITGB3","L1CAM","ITGAV;ITGB3","1","1","1;1","1","Cell-Cell Contact","","CellChat"
"L1CAM_ITGA4_ITGB7","L1CAM","ITGA4;ITGB7","1","1","1;1","1","Cell-Cell Contact","","CellChat"
"L1CAM_L1CAM","L1CAM","L1CAM","1","1","1","1","Cell-Cell Contact","","CellChat"
"LCK_CD8A_CD8B1","LCK","CD8B;CD8A","1","1","1;1","1","Cell-Cell Contact","","CellChat"
"MADCAM1_ITGA4_ITGB7","MADCAM1","ITGA4;ITGB7","1","1","1;1","1","Cell-Cell Contact","","CellChat"
"MAG_MAG","MAG","MAG","1","1","1","1","Cell-Cell Contact","","CellChat"
"HLA-A_CD8A","HLA-A","CD8A","1","1","1","1","Cell-Cell Contact","","CellChat"
"HLA-B_CD8A","HLA-B","CD8A","1","1","1","1","Cell-Cell Contact","","CellChat"
"HLA-C_CD8A","HLA-C","CD8A","1","1","1","1","Cell-Cell Contact","","CellChat"
"HLA-E_CD8A","HLA-E","CD8A","1","1","1","1","Cell-Cell Contact","","CellChat"
"HLA-F_CD8A","HLA-F","CD8A","1","1","1","1","Cell-Cell Contact","","CellChat"
"HLA-G_CD8A","HLA-G","CD8A","1","1","1","1","Cell-Cell Contact","","CellChat"
"HLA-A_CD8B","HLA-A","CD8B","1","1","1","1","Cell-Cell Contact","","CellChat"
"HLA-B_CD8B","HLA-B","CD8B","1","1","1","1","Cell-Cell Contact","","CellChat"
"HLA-C_CD8B","HLA-C","CD8B","1","1","1","1","Cell-Cell Contact","","CellChat"
"HLA-E_CD8B","HLA-E","CD8B","1","1","1","1","Cell-Cell Contact","","CellChat"
"HLA-F_CD8B","HLA-F","CD8B","1","1","1","1","Cell-Cell Contact","","CellChat"
"HLA-G_CD8B","HLA-G","CD8B","1","1","1","1","Cell-Cell Contact","","CellChat"
"HLA-A_CD8B2","HLA-A","CD8B2","1","1","1","1","Cell-Cell Contact","","CellChat"
"HLA-B_CD8B2","HLA-B","CD8B2","1","1","1","1","Cell-Cell Contact","","CellChat"
"HLA-C_CD8B2","HLA-C","CD8B2","1","1","1","1","Cell-Cell Contact","","CellChat"
"HLA-E_CD8B2","HLA-E","CD8B2","1","1","1","1","Cell-Cell Contact","","CellChat"
"HLA-F_CD8B2","HLA-F","CD8B2","1","1","1","1","Cell-Cell Contact","","CellChat"
"HLA-G_CD8B2","HLA-G","CD8B2","1","1","1","1","Cell-Cell Contact","","CellChat"
"HLA-C_KIR2DL1","HLA-C","KIR2DL1","1","1","1","1","Cell-Cell Contact","","CellChat"
"HLA-C_KIR2DL2","HLA-C","KIR2DL2","1","1","1","1","Cell-Cell Contact","","CellChat"
"HLA-C_KIR2DL3","HLA-C","KIR2DL3","1","1","1","1","Cell-Cell Contact","","CellChat"
"HLA-C_KIR2DS1","HLA-C","KIR2DS1","1","1","1","1","Cell-Cell Contact","","CellChat"
"HLA-C_KIR2DS4","HLA-C","KIR2DS4","1","1","1","1","Cell-Cell Contact","","CellChat"
"HLA-G_LILRB1","HLA-G","LILRB1","1","1","1","1","Cell-Cell Contact","","CellChat"
"HLA-G_LILRB2","HLA-G","LILRB2","1","1","1","1","Cell-Cell Contact","","CellChat"
"HLA-F_KIR3DL1","HLA-F","KIR3DL1","1","1","1","1","Cell-Cell Contact","","CellChat"
"HLA-F_KIR3DL2","HLA-F","KIR3DL2","1","1","1","1","Cell-Cell Contact","","CellChat"
"HLA-B_KIR3DL2","HLA-B","KIR3DL2","1","1","1","1","Cell-Cell Contact","","CellChat"
"HLA-C_KIR3DL3","HLA-C","KIR3DL3","1","1","1","1","Cell-Cell Contact","","CellChat"
"HLA-E_KLRC1","HLA-E","KLRC1","1","1","1","1","Cell-Cell Contact","","CellChat"
"HLA-E_KLRC2","HLA-E","KLRC2","1","1","1","1","Cell-Cell Contact","","CellChat"
"HLA-A_KIR3DL1","HLA-A","KIR3DL1","1","1","1","1","Cell-Cell Contact","","CellChat"
"HLA-F_LILRB1","HLA-F","LILRB1","1","1","1","1","Cell-Cell Contact","","CellChat"
"HLA-E_KLRK1","HLA-E","KLRK1","1","1","1","1","Cell-Cell Contact","","CellChat"
"HLA-F_KIR3DS1","HLA-F","KIR3DS1","1","1","1","1","Cell-Cell Contact","","CellChat"
"HLA-E_CD94:NKG2A","HLA-E","KLRC1;KLRD1","1","1","1;1","1","Cell-Cell Contact","","CellChat"
"HLA-E_CD94:NKG2C","HLA-E","KLRC2;KLRD1","1","1","1;1","1","Cell-Cell Contact","","CellChat"
"HLA-E_CD94:NKG2E","HLA-E","KLRC3;KLRD1","1","1","1;1","1","Cell-Cell Contact","","CellChat"
"ULBP1_KLRK1","ULBP1","KLRK1","1","1","1","1","Cell-Cell Contact","","CellChat"
"ULBP2_KLRK1","ULBP2","KLRK1","1","1","1","1","Cell-Cell Contact","secreted","CellChat"
"ULBP3_KLRK1","ULBP3","KLRK1","1","1","1","1","Cell-Cell Contact","","CellChat"
"RAET1L_KLRK1","RAET1L","KLRK1","1","1","1","1","Cell-Cell Contact","","CellChat"
"RAET1E_KLRK1","RAET1E","KLRK1","1","1","1","1","Cell-Cell Contact","secreted","CellChat"
"RAET1G_KLRK1","RAET1G","KLRK1","1","1","1","1","Cell-Cell Contact","secreted","CellChat"
"HLA-DPA1_CD4","HLA-DPA1","CD4","1","1","1","1","Cell-Cell Contact","","CellChat"
"HLA-DPB1_CD4","HLA-DPB1","CD4","1","1","1","1","Cell-Cell Contact","","CellChat"
"HLA-DQA1_CD4","HLA-DQA1","CD4","1","1","1","1","Cell-Cell Contact","","CellChat"
"HLA-DMA_CD4","HLA-DMA","CD4","1","1","1","1","Cell-Cell Contact","","CellChat"
"HLA-DMB_CD4","HLA-DMB","CD4","1","1","1","1","Cell-Cell Contact","","CellChat"
"HLA-DQA2_CD4","HLA-DQA2","CD4","1","1","1","1","Cell-Cell Contact","","CellChat"
"HLA-DOA_CD4","HLA-DOA","CD4","1","1","1","1","Cell-Cell Contact","","CellChat"
"HLA-DOB_CD4","HLA-DOB","CD4","1","1","1","1","Cell-Cell Contact","","CellChat"
"HLA-DQB1_CD4","HLA-DQB1","CD4","1","1","1","1","Cell-Cell Contact","","CellChat"
"HLA-DRA_CD4","HLA-DRA","CD4","1","1","1","1","Cell-Cell Contact","","CellChat"
"HLA-DRB1_CD4","HLA-DRB1","CD4","1","1","1","1","Cell-Cell Contact","","CellChat"
"HLA-DRB3_CD4","HLA-DRB3","CD4","1","1","1","1","Cell-Cell Contact","","CellChat"
"HLA-DRB4_CD4","HLA-DRB4","CD4","1","1","1","1","Cell-Cell Contact","","CellChat"
"HLA-DRB5_CD4","HLA-DRB5","CD4","1","1","1","1","Cell-Cell Contact","","CellChat"
"MPZ_MPZL1","MPZ","MPZL1","1","1","1","1","Cell-Cell Contact","","CellChat"
"MPZ_MPZ","MPZ","MPZ","1","1","1","1","Cell-Cell Contact","","CellChat"
"MPZL1_MPZL1","MPZL1","MPZL1","1","1","1","1","Cell-Cell Contact","","CellChat"
"NCAM1_FGFR1","NCAM1","FGFR1","1","1","1","1","Cell-Cell Contact","secreted","CellChat"
"NCAM1_NCAM1","NCAM1","NCAM1","1","1","1","1","Cell-Cell Contact","secreted","CellChat"
"NCAM1_NCAM2","NCAM1","NCAM2","1","1","1","1","Cell-Cell Contact","secreted","CellChat"
"NCAM1_L1CAM","NCAM1","L1CAM","1","1","1","1","Cell-Cell Contact","secreted","CellChat"
"NCAM2_L1CAM","NCAM2","L1CAM","1","1","1","1","Cell-Cell Contact","","CellChat"
"NECTIN1_CADM3","NECTIN1","CADM3","1","1","1","1","Cell-Cell Contact","secreted","CellChat"
"NECTIN1_NECTIN4","NECTIN1","NECTIN4","1","1","1","1","Cell-Cell Contact","secreted","CellChat"
"NECTIN3_NECTIN1","NECTIN3","NECTIN1","1","1","1","1","Cell-Cell Contact","","CellChat"
"NECTIN3_NECTIN2","NECTIN3","NECTIN2","1","1","1","1","Cell-Cell Contact","","CellChat"
"NECTIN3_PVR","NECTIN3","PVR","1","1","1","1","Cell-Cell Contact","","CellChat"
"NECTIN3_TIGIT","NECTIN3","TIGIT","1","1","1","1","Cell-Cell Contact","","CellChat"
"NECTIN2_CD226","NECTIN2","CD226","1","1","1","1","Cell-Cell Contact","","CellChat"
"NECTIN2_TIGIT","NECTIN2","TIGIT","1","1","1","1","Cell-Cell Contact","","CellChat"
"NEGR1_NEGR1","NEGR1","NEGR1","1","1","1","1","Cell-Cell Contact","","CellChat"
"LRRC4C_NTNG1","LRRC4C","NTNG1","1","1","1","1","Cell-Cell Contact","","CellChat"
"LRRC4_NTNG2","LRRC4","NTNG2","1","1","1","1","Cell-Cell Contact","","CellChat"
"LRRC4B_PTPRF","LRRC4B","PTPRF","1","1","1","1","Cell-Cell Contact","","CellChat"
"DLK1_NOTCH1","DLK1","NOTCH1","1","1","1","1","Cell-Cell Contact","","CellChat"
"DLK1_NOTCH2","DLK1","NOTCH2","1","1","1","1","Cell-Cell Contact","","CellChat"
"DLK1_NOTCH3","DLK1","NOTCH3","1","1","1","1","Cell-Cell Contact","","CellChat"
"DLK1_NOTCH4","DLK1","NOTCH4","1","1","1","1","Cell-Cell Contact","","CellChat"
"DLL1_NOTCH1","DLL1","NOTCH1","1","1","1","1","Cell-Cell Contact","","CellChat"
"DLL1_NOTCH3","DLL1","NOTCH3","1","1","1","1","Cell-Cell Contact","","CellChat"
"DLL1_NOTCH4","DLL1","NOTCH4","1","1","1","1","Cell-Cell Contact","","CellChat"
"DLL3_NOTCH1","DLL3","NOTCH1","1","1","1","1","Cell-Cell Contact","","CellChat"
"DLL3_NOTCH2","DLL3","NOTCH2","1","1","1","1","Cell-Cell Contact","","CellChat"
"DLL3_NOTCH3","DLL3","NOTCH3","1","1","1","1","Cell-Cell Contact","","CellChat"
"DLL3_NOTCH4","DLL3","NOTCH4","1","1","1","1","Cell-Cell Contact","","CellChat"
"DLL4_NOTCH1","DLL4","NOTCH1","1","1","1","1","Cell-Cell Contact","","CellChat"
"DLL4_NOTCH2","DLL4","NOTCH2","1","1","1","1","Cell-Cell Contact","","CellChat"
"DLL4_NOTCH3","DLL4","NOTCH3","1","1","1","1","Cell-Cell Contact","","CellChat"
"DLL4_NOTCH4","DLL4","NOTCH4","1","1","1","1","Cell-Cell Contact","","CellChat"
"JAG1_NOTCH1","JAG1","NOTCH1","1","1","1","1","Cell-Cell Contact","","CellChat"
"JAG1_NOTCH2","JAG1","NOTCH2","1","1","1","1","Cell-Cell Contact","","CellChat"
"JAG1_NOTCH3","JAG1","NOTCH3","1","1","1","1","Cell-Cell Contact","","CellChat"
"JAG1_NOTCH4","JAG1","NOTCH4","1","1","1","1","Cell-Cell Contact","","CellChat"
"JAG2_NOTCH1","JAG2","NOTCH1","1","1","1","1","Cell-Cell Contact","","CellChat"
"JAG2_NOTCH2","JAG2","NOTCH2","1","1","1","1","Cell-Cell Contact","","CellChat"
"JAG2_NOTCH3","JAG2","NOTCH3","1","1","1","1","Cell-Cell Contact","","CellChat"
"JAG2_NOTCH4","JAG2","NOTCH4","1","1","1","1","Cell-Cell Contact","","CellChat"
"DLL1_NOTCH2","DLL1","NOTCH2","1","1","1","1","Cell-Cell Contact","","CellChat"
"OCLN_OCLN","OCLN","OCLN","1","1","1","1","Cell-Cell Contact","","CellChat"
"CD274_PDCD1","CD274","PDCD1","1","1","1","1","Cell-Cell Contact","","CellChat"
"PDCD1LG2_PDCD1","PDCD1LG2","PDCD1","1","1","1","1","Cell-Cell Contact","secreted","CellChat"
"PECAM1_PECAM1","PECAM1","PECAM1","1","1","1","1","Cell-Cell Contact","","CellChat"
"PTPRM_PTPRM","PTPRM","PTPRM","1","1","1","1","Cell-Cell Contact","","CellChat"
"PVR_CD226","PVR","CD226","1","1","1","1","Cell-Cell Contact","secreted","CellChat"
"PVR_TIGIT","PVR","TIGIT","1","1","1","1","Cell-Cell Contact","secreted","CellChat"
"SELE_CD44","SELE","CD44","1","1","1","1","Cell-Cell Contact","","CellChat"
"SELE_GLG1","SELE","GLG1","1","1","1","1","Cell-Cell Contact","","CellChat"
"SELL_CD34","SELL","CD34","1","1","1","1","Cell-Cell Contact","","CellChat"
"SELL_PODXL","SELL","PODXL","1","1","1","1","Cell-Cell Contact","","CellChat"
"SELL_GLYCAM1","SELL","GLYCAM1","1","1","1","1","Cell-Cell Contact","","CellChat"
"SELL_MADCAM1","SELL","MADCAM1","1","1","1","1","Cell-Cell Contact","","CellChat"
"SELPLG_SELE","SELPLG","SELE","1","1","1","1","Cell-Cell Contact","","CellChat"
"SELPLG_SELL","SELPLG","SELL","1","1","1","1","Cell-Cell Contact","","CellChat"
"SELPLG_SELP","SELPLG","SELP","1","1","1","1","Cell-Cell Contact","","CellChat"
"SEMA4A_NRP1_PLXNA1","SEMA4A","NRP1;PLXNA1","1","1","1;1","1","Cell-Cell Contact","","CellChat"
"SEMA4A_NRP1_PLXNA2","SEMA4A","NRP1;PLXNA2","1","1","1;1","1","Cell-Cell Contact","","CellChat"
"SEMA4A_NRP1_PLXNA3","SEMA4A","PLXNA3;NRP1","1","1","1;1","1","Cell-Cell Contact","","CellChat"
"SEMA4A_NRP1_PLXNA4","SEMA4A","PLXNA4;NRP1","1","1","1;1","1","Cell-Cell Contact","","CellChat"
"SEMA4A_PLXNB1","SEMA4A","PLXNB1","1","1","1","1","Cell-Cell Contact","","CellChat"
"SEMA4A_PLXNB2","SEMA4A","PLXNB2","1","1","1","1","Cell-Cell Contact","","CellChat"
"SEMA4A_PLXNB3","SEMA4A","PLXNB3","1","1","1","1","Cell-Cell Contact","","CellChat"
"SEMA4D_PLXNB1","SEMA4D","PLXNB1","1","1","1","1","Cell-Cell Contact","","CellChat"
"SEMA4D_PLXNB2","SEMA4D","PLXNB2","1","1","1","1","Cell-Cell Contact","","CellChat"
"SEMA4D_PLXNB3","SEMA4D","PLXNB3","1","1","1","1","Cell-Cell Contact","","CellChat"
"SEMA4C_PLXNB2","SEMA4C","PLXNB2","1","1","1","1","Cell-Cell Contact","","CellChat"
"SEMA4G_PLXNB2","SEMA4G","PLXNB2","1","1","1","1","Cell-Cell Contact","","CellChat"
"SEMA4D_CD72","SEMA4D","CD72","1","1","1","1","Cell-Cell Contact","","CellChat"
"SEMA5A_PLXNA1","SEMA5A","PLXNA1","1","1","1","1","Cell-Cell Contact","","CellChat"
"SEMA5B_PLXNA1","SEMA5B","PLXNA1","1","1","1","1","Cell-Cell Contact","","CellChat"
"SEMA5A_PLXNA3","SEMA5A","PLXNA3","1","1","1","1","Cell-Cell Contact","","CellChat"
"SEMA5B_PLXNA3","SEMA5B","PLXNA3","1","1","1","1","Cell-Cell Contact","","CellChat"
"SEMA5A_PLXNB3","SEMA5A","PLXNB3","1","1","1","1","Cell-Cell Contact","","CellChat"
"SEMA6D_PLXNA1_KDR","SEMA6D","KDR;PLXNA1","1","1","1;1","1","Cell-Cell Contact","","CellChat"
"SEMA6D_PLXNA1_TREM2","SEMA6D","TREM2;TYROBP;PLXNA1","1","1","1;1;1","1","Cell-Cell Contact","","CellChat"
"SEMA6D_PLXNA1","SEMA6D","PLXNA1","1","1","1","1","Cell-Cell Contact","","CellChat"
"SEMA6A_PLXNA2","SEMA6A","PLXNA2","1","1","1","1","Cell-Cell Contact","","CellChat"
"SEMA6B_PLXNA2","SEMA6B","PLXNA2","1","1","1","1","Cell-Cell Contact","","CellChat"
"SEMA6A_PLXNA4","SEMA6A","PLXNA4","1","1","1","1","Cell-Cell Contact","","CellChat"
"SEMA6B_PLXNA4","SEMA6B","PLXNA4","1","1","1","1","Cell-Cell Contact","","CellChat"
"SEMA7A_ITGB1_ITGA1","SEMA7A","ITGB1;ITGA1","1","1","1;1","1","Cell-Cell Contact","","CellChat"
"SEMA7A_PLXNC1","SEMA7A","PLXNC1","1","1","1","1","Cell-Cell Contact","","CellChat"
"SIGLEC1_SPN","SIGLEC1","SPN","1","1","1","1","Cell-Cell Contact","secreted","CellChat"
"THY1_ITGAM_ITGB2","THY1","ITGAM;ITGB2","1","1","1;1","1","Cell-Cell Contact","","CellChat"
"THY1_ITGAX_ITGB2","THY1","ITGAX;ITGB2","1","1","1;1","1","Cell-Cell Contact","","CellChat"
"THY1_ITGAV_ITGB3","THY1","ITGAV;ITGB3","1","1","1;1","1","Cell-Cell Contact","","CellChat"
"ITGA4_ITGB1_VCAM1","ITGA4;ITGB1","VCAM1","1;1","1","1","1","Cell-Cell Contact","","CellChat"
"ITGA9_ITGB1_VCAM1","ITGA9;ITGB1","VCAM1","1;1","1","1","1","Cell-Cell Contact","","CellChat"
"ITGA4_ITGB7_VCAM1","ITGA4;ITGB7","VCAM1","1;1","1","1","1","Cell-Cell Contact","","CellChat"
"VSIR_IGSF11","VSIR","IGSF11","1","1","1","1","Cell-Cell Contact","","CellChat"
"CDH3_CDH3","CDH3","CDH3","1","1","1","1","Cell-Cell Contact","","CellChat"
"CDH12_ITGA1_ITGB1","CDH12","ITGB1;ITGA1","1","1","1;1","1","Cell-Cell Contact","","CellChat"
"DSC1_DSG3","DSC1","DSG3","1","1","1","1","Cell-Cell Contact","","CellChat"
"DSC1_DSG4","DSC1","DSG4","1","1","1","1","Cell-Cell Contact","","CellChat"
"DSC2_DSG3","DSC2","DSG3","1","1","1","1","Cell-Cell Contact","","CellChat"
"DSC2_DSG4","DSC2","DSG4","1","1","1","1","Cell-Cell Contact","","CellChat"
"DSC3_DSG3","DSC3","DSG3","1","1","1","1","Cell-Cell Contact","","CellChat"
"DSC3_DSG4","DSC3","DSG4","1","1","1","1","Cell-Cell Contact","","CellChat"
"GJA1_GJA5","GJA1","GJA5","1","1","1","1","Cell-Cell Contact","","CellChat"
"GJC1_GJA5","GJC1","GJA5","1","1","1","1","Cell-Cell Contact","","CellChat"
"GJA3_GJA5","GJA3","GJA5","1","1","1","1","Cell-Cell Contact","","CellChat"
"GJC1_GJA1","GJC1","GJA1","1","1","1","1","Cell-Cell Contact","","CellChat"
"GJA3_GJA1","GJA3","GJA1","1","1","1","1","Cell-Cell Contact","","CellChat"
"GJA3_GJC1","GJA3","GJC1","1","1","1","1","Cell-Cell Contact","","CellChat"
"CLDN1_CLDN1","CLDN1","CLDN1","1","1","1","1","Cell-Cell Contact","","CellChat"
"CLDN2_CLDN2","CLDN2","CLDN2","1","1","1","1","Cell-Cell Contact","","CellChat"
"CLDN3_CLDN3","CLDN3","CLDN3","1","1","1","1","Cell-Cell Contact","","CellChat"
"PCDHA10_PCDHA10","PCDHA10","PCDHA10","1","1","1","1","Cell-Cell Contact","","CellChat"
"PCDHA11_PCDHA11","PCDHA11","PCDHA11","1","1","1","1","Cell-Cell Contact","","CellChat"
"PCDHA12_PCDHA12","PCDHA12","PCDHA12","1","1","1","1","Cell-Cell Contact","","CellChat"
"PCDHA13_PCDHA13","PCDHA13","PCDHA13","1","1","1","1","Cell-Cell Contact","","CellChat"
"PCDHA1_PCDHA1","PCDHA1","PCDHA1","1","1","1","1","Cell-Cell Contact","","CellChat"
"PCDHA2_PCDHA2","PCDHA2","PCDHA2","1","1","1","1","Cell-Cell Contact","","CellChat"
"PCDHA3_PCDHA3","PCDHA3","PCDHA3","1","1","1","1","Cell-Cell Contact","","CellChat"
"PCDHA4_PCDHA4","PCDHA4","PCDHA4","1","1","1","1","Cell-Cell Contact","","CellChat"
"PCDHA5_PCDHA5","PCDHA5","PCDHA5","1","1","1","1","Cell-Cell Contact","","CellChat"
"PCDHA6_PCDHA6","PCDHA6","PCDHA6","1","1","1","1","Cell-Cell Contact","","CellChat"
"PCDHA7_PCDHA7","PCDHA7","PCDHA7","1","1","1","1","Cell-Cell Contact","","CellChat"
"PCDHA8_PCDHA8","PCDHA8","PCDHA8","1","1","1","1","Cell-Cell Contact","","CellChat"
"PCDHA9_PCDHA9","PCDHA9","PCDHA9","1","1","1","1","Cell-Cell Contact","","CellChat"
"PCDHAC1_PCDHAC1","PCDHAC1","PCDHAC1","1","1","1","1","Cell-Cell Contact","","CellChat"
"PCDHAC2_PCDHAC2","PCDHAC2","PCDHAC2","1","1","1","1","Cell-Cell Contact","","CellChat"
"PCDHB1_PCDHB1","PCDHB1","PCDHB1","1","1","1","1","Cell-Cell Contact","","CellChat"
"PCDHB10_PCDHB10","PCDHB10","PCDHB10","1","1","1","1","Cell-Cell Contact","","CellChat"
"PCDHB11_PCDHB11","PCDHB11","PCDHB11","1","1","1","1","Cell-Cell Contact","","CellChat"
"PCDHB12_PCDHB12","PCDHB12","PCDHB12","1","1","1","1","Cell-Cell Contact","","CellChat"
"PCDHB13_PCDHB13","PCDHB13","PCDHB13","1","1","1","1","Cell-Cell Contact","","CellChat"
"PCDHB14_PCDHB14","PCDHB14","PCDHB14","1","1","1","1","Cell-Cell Contact","","CellChat"
"PCDHB15_PCDHB15","PCDHB15","PCDHB15","1","1","1","1","Cell-Cell Contact","","CellChat"
"PCDHB16_PCDHB16","PCDHB16","PCDHB16","1","1","1","1","Cell-Cell Contact","","CellChat"
"PCDHB2_PCDHB2","PCDHB2","PCDHB2","1","1","1","1","Cell-Cell Contact","","CellChat"
"PCDHB3_PCDHB3","PCDHB3","PCDHB3","1","1","1","1","Cell-Cell Contact","","CellChat"
"PCDHB4_PCDHB4","PCDHB4","PCDHB4","1","1","1","1","Cell-Cell Contact","","CellChat"
"PCDHB5_PCDHB5","PCDHB5","PCDHB5","1","1","1","1","Cell-Cell Contact","","CellChat"
"PCDHB6_PCDHB6","PCDHB6","PCDHB6","1","1","1","1","Cell-Cell Contact","","CellChat"
"PCDHB7_PCDHB7","PCDHB7","PCDHB7","1","1","1","1","Cell-Cell Contact","","CellChat"
"PCDHB8_PCDHB8","PCDHB8","PCDHB8","1","1","1","1","Cell-Cell Contact","","CellChat"
"PCDHB9_PCDHB9","PCDHB9","PCDHB9","1","1","1","1","Cell-Cell Contact","","CellChat"
"PCDHGA1_PCDHGA1","PCDHGA1","PCDHGA1","1","1","1","1","Cell-Cell Contact","","CellChat"
"PCDHGA10_PCDHGA10","PCDHGA10","PCDHGA10","1","1","1","1","Cell-Cell Contact","","CellChat"
"PCDHGA11_PCDHGA11","PCDHGA11","PCDHGA11","1","1","1","1","Cell-Cell Contact","","CellChat"
"PCDHGA12_PCDHGA12","PCDHGA12","PCDHGA12","1","1","1","1","Cell-Cell Contact","","CellChat"
"PCDHGA2_PCDHGA2","PCDHGA2","PCDHGA2","1","1","1","1","Cell-Cell Contact","","CellChat"
"PCDHGA3_PCDHGA3","PCDHGA3","PCDHGA3","1","1","1","1","Cell-Cell Contact","","CellChat"
"PCDHGA4_PCDHGA4","PCDHGA4","PCDHGA4","1","1","1","1","Cell-Cell Contact","","CellChat"
"PCDHGA5_PCDHGA5","PCDHGA5","PCDHGA5","1","1","1","1","Cell-Cell Contact","","CellChat"
"PCDHGA6_PCDHGA6","PCDHGA6","PCDHGA6","1","1","1","1","Cell-Cell Contact","","CellChat"
"PCDHGA7_PCDHGA7","PCDHGA7","PCDHGA7","1","1","1","1","Cell-Cell Contact","","CellChat"
"PCDHGA8_PCDHGA8","PCDHGA8","PCDHGA8","1","1","1","1","Cell-Cell Contact","","CellChat"
"PCDHGA9_PCDHGA9","PCDHGA9","PCDHGA9","1","1","1","1","Cell-Cell Contact","","CellChat"
"PCDHGB1_PCDHGB1","PCDHGB1","PCDHGB1","1","1","1","1","Cell-Cell Contact","","CellChat"
"PCDHGB2_PCDHGB2","PCDHGB2","PCDHGB2","1","1","1","1","Cell-Cell Contact","","CellChat"
"PCDHGB3_PCDHGB3","PCDHGB3","PCDHGB3","1","1","1","1","Cell-Cell Contact","","CellChat"
"PCDHGB4_PCDHGB4","PCDHGB4","PCDHGB4","1","1","1","1","Cell-Cell Contact","","CellChat"
"PCDHGB5_PCDHGB5","PCDHGB5","PCDHGB5","1","1","1","1","Cell-Cell Contact","","CellChat"
"PCDHGB6_PCDHGB6","PCDHGB6","PCDHGB6","1","1","1","1","Cell-Cell Contact","","CellChat"
"PCDHGB7_PCDHGB7","PCDHGB7","PCDHGB7","1","1","1","1","Cell-Cell Contact","","CellChat"
"PCDHGC3_PCDHGC3","PCDHGC3","PCDHGC3","1","1","1","1","Cell-Cell Contact","","CellChat"
"PCDHGC4_PCDHGC4","PCDHGC4","PCDHGC4","1","1","1","1","Cell-Cell Contact","","CellChat"
"PCDHGC5_PCDHGC5","PCDHGC5","PCDHGC5","1","1","1","1","Cell-Cell Contact","","CellChat"
"KLK6_F2R","KLK6","F2R","1","1","1","1","Secreted Signaling","","CellChat"
"KLK6_F2RL1","KLK6","F2RL1","1","1","1","1","Secreted Signaling","","CellChat"
"KLK5_F2RL1","KLK5","F2RL1","1","1","1","1","Secreted Signaling","","CellChat"
"KLK4_F2R","KLK4","F2R","1","1","1","1","Secreted Signaling","","CellChat"
"KLK1_F2R","KLK1","F2R","1","1","1","1","Secreted Signaling","","CellChat"
"KLK2_F2R","KLK2","F2R","1","1","1","1","Secreted Signaling","","CellChat"
"KLK14_F2R","KLK14","F2R","1","1","1","1","Secreted Signaling","","CellChat"
"KLK4_F2RL1","KLK4","F2RL1","1","1","1","1","Secreted Signaling","","CellChat"
"KLK2_F2RL1","KLK2","F2RL1","1","1","1","1","Secreted Signaling","","CellChat"
"KLK14_F2RL1","KLK14","F2RL1","1","1","1","1","Secreted Signaling","","CellChat"
"KLK7_F2RL1","KLK7","F2RL1","1","1","1","1","Secreted Signaling","","CellChat"
"KLK8_F2R","KLK8","F2R","1","1","1","1","Secreted Signaling","","CellChat"
"ADM_CALCR_RAMP1","ADM","CALCR;RAMP1","1","1","1;1","1","Secreted Signaling","hormone","CellChat"
"ADM_CALCR_RAMP2","ADM","RAMP2;CALCR","1","1","1;1","1","Secreted Signaling","hormone","CellChat"
"ADM_CALCR_RAMP3","ADM","RAMP3;CALCR","1","1","1;1","1","Secreted Signaling","hormone","CellChat"
"CALCA_CALCR_RAMP1","CALCA","CALCR;RAMP1","1","1","1;1","1","Secreted Signaling","hormone","CellChat"
"CALCA_CALCR_RAMP2","CALCA","RAMP2;CALCR","1","1","1;1","1","Secreted Signaling","hormone","CellChat"
"CALCA_CALCR_RAMP3","CALCA","RAMP3;CALCR","1","1","1;1","1","Secreted Signaling","hormone","CellChat"
"CALCB_CALCR_RAMP1","CALCB","CALCR;RAMP1","1","1","1;1","1","Secreted Signaling","hormone","CellChat"
"CALCB_CALCR_RAMP2","CALCB","RAMP2;CALCR","1","1","1;1","1","Secreted Signaling","hormone","CellChat"
"CALCB_CALCR_RAMP3","CALCB","RAMP3;CALCR","1","1","1;1","1","Secreted Signaling","hormone","CellChat"
"IAPP_CALCR_RAMP1","IAPP","CALCR;RAMP1","1","1","1;1","1","Secreted Signaling","hormone","CellChat"
"IAPP_CALCR_RAMP2","IAPP","RAMP2;CALCR","1","1","1;1","1","Secreted Signaling","hormone","CellChat"
"IAPP_CALCR_RAMP3","IAPP","RAMP3;CALCR","1","1","1;1","1","Secreted Signaling","hormone","CellChat"
"PROC_PROCR_HSP90AA1","PROC","PROCR;HSP90AA1","1","1","1;1","1","Secreted Signaling","secreted","CellChat"
"PROC_PROCR_F2R","PROC","PROCR;F2R","1","1","1;1","1","Secreted Signaling","secreted","CellChat"
"VTN_PLAUR","VTN","PLAUR","1","1","1","1","ECM-Receptor","secreted","CellChat"
"5-HT-TPH1_SLC18A1_HTR3_COMPLEX","SLC18A1;TPH1","HTR3A;HTR3C;HTR3E;HTR3B;HTR3D","1;1","1","1;1;1;1;1","1","Non-protein Signaling","","CellChat"
"5-HT-TPH1_SLC18A2_HTR3_COMPLEX","SLC18A2;TPH1","HTR3A;HTR3C;HTR3E;HTR3B;HTR3D","1;1","1","1;1;1;1;1","1","Non-protein Signaling","","CellChat"
"5-HT-TPH1_SLC6A4_HTR3_COMPLEX","SLC6A4;TPH1","HTR3A;HTR3C;HTR3E;HTR3B;HTR3D","1;1","1","1;1;1;1;1","1","Non-protein Signaling","","CellChat"
"5-HT-TPH2_SLC18A1_HTR3_COMPLEX","SLC18A1;TPH2","HTR3A;HTR3C;HTR3E;HTR3B;HTR3D","1;1","1","1;1;1;1;1","1","Non-protein Signaling","","CellChat"
"5-HT-TPH2_SLC18A2_HTR3_COMPLEX","SLC18A2;TPH2","HTR3A;HTR3C;HTR3E;HTR3B;HTR3D","1;1","1","1;1;1;1;1","1","Non-protein Signaling","","CellChat"
"5-HT-TPH2_SLC6A4_HTR3_COMPLEX","SLC6A4;TPH2","HTR3A;HTR3C;HTR3E;HTR3B;HTR3D","1;1","1","1;1;1;1;1","1","Non-protein Signaling","","CellChat"
"Acetylcholine-Ach-CHAT_SLC10A4_CHRN_A1_2B1DE","SLC10A4;CHAT","CHRNA1;CHRNB1;CHRND;CHRNE","1;1","1","1;1;1;1","1","Non-protein Signaling","","CellChat"
"Acetylcholine-Ach-CHAT_SLC10A4_CHRN_A1_2B1DG","SLC10A4;CHAT","CHRNA1;CHRNB1;CHRND;CHRNG","1;1","1","1;1;1;1","1","Non-protein Signaling","","CellChat"
"Acetylcholine-Ach-CHAT_SLC10A4_CHRN_A3_2B4_3","SLC10A4;CHAT","CHRNA3;CHRNB4","1;1","1","1;1","1","Non-protein Signaling","","CellChat"
"Acetylcholine-Ach-CHAT_SLC10A4_CHRN_A4B2","SLC10A4;CHAT","CHRNA4;CHRNB2","1;1","1","1;1","1","Non-protein Signaling","","CellChat"
"Acetylcholine-Ach-CHAT_SLC10A4_CHRNA7","SLC10A4;CHAT","CHRNA7","1;1","1","1","1","Non-protein Signaling","","CellChat"
"Acetylcholine-Ach-CHAT_SLC18A3_CHRN_A1_2B1DE","SLC18A3;CHAT","CHRNA1;CHRNB1;CHRND;CHRNE","1;1","1","1;1;1;1","1","Non-protein Signaling","","CellChat"
"Acetylcholine-Ach-CHAT_SLC18A3_CHRN_A1_2B1DG","SLC18A3;CHAT","CHRNA1;CHRNB1;CHRND;CHRNG","1;1","1","1;1;1;1","1","Non-protein Signaling","","CellChat"
"Acetylcholine-Ach-CHAT_SLC18A3_CHRN_A3_2B4_3","SLC18A3;CHAT","CHRNA3;CHRNB4","1;1","1","1;1","1","Non-protein Signaling","","CellChat"
"Acetylcholine-Ach-CHAT_SLC18A3_CHRN_A4B2","SLC18A3;CHAT","CHRNA4;CHRNB2","1;1","1","1;1","1","Non-protein Signaling","","CellChat"
"Acetylcholine-Ach-CHAT_SLC5A7_CHRN_A1_2B1DE","SLC5A7;CHAT","CHRNA1;CHRNB1;CHRND;CHRNE","1;1","1","1;1;1;1","1","Non-protein Signaling","","CellChat"
"Acetylcholine-Ach-CHAT_SLC5A7_CHRN_A1_2B1DG","SLC5A7;CHAT","CHRNA1;CHRNB1;CHRND;CHRNG","1;1","1","1;1;1;1","1","Non-protein Signaling","","CellChat"
"Acetylcholine-Ach-CHAT_SLC5A7_CHRN_A3_2B4_3","SLC5A7;CHAT","CHRNA4;CHRNB2","1;1","1","1;1","1","Non-protein Signaling","","CellChat"
"Acetylcholine-Ach-CHAT_SLC5A7_CHRNA7","SLC5A7;CHAT","CHRNA7","1;1","1","1","1","Non-protein Signaling","","CellChat"
"GABA-A-GAD1_SLC32A1_GABR_A1B3G2","SLC32A1;GAD1","GABRA1;GABRG2;GABRB3","1;1","1","1;1;1","1","Non-protein Signaling","","CellChat"
"GABA-A-GAD1_SLC32A1_GABR_A1B2G2","SLC32A1;GAD1","GABRA1;GABRG2;GABRB2","1;1","1","1;1;1","1","Non-protein Signaling","","CellChat"
"GABA-A-GAD1_SLC32A1_GABR_A1B2","SLC32A1;GAD1","GABRA1;GABRB2","1;1","1","1;1","1","Non-protein Signaling","","CellChat"
"GABA-A-GAD1_SLC32A1_GABR_A1B3","SLC32A1;GAD1","GABRA1;GABRB3","1;1","1","1;1","1","Non-protein Signaling","","CellChat"
"GABA-A-GAD1_SLC32A1_GABR_A1B2D","SLC32A1;GAD1","GABRA1;GABRD;GABRB2","1;1","1","1;1;1","1","Non-protein Signaling","","CellChat"
"GABA-A-GAD1_SLC32A1_GABR_A2B3G2","SLC32A1;GAD1","GABRA2;GABRG2;GABRB3","1;1","1","1;1;1","1","Non-protein Signaling","","CellChat"
"GABA-A-GAD1_SLC32A1_GABR_A3B3G2","SLC32A1;GAD1","GABRA3;GABRG2;GABRB3","1;1","1","1;1;1","1","Non-protein Signaling","","CellChat"
"GABA-A-GAD1_SLC32A1_GABR_A3B3Q","SLC32A1;GAD1","GABRQ;GABRA3;GABRB3","1;1","1","1;1;1","1","Non-protein Signaling","","CellChat"
"GABA-A-GAD1_SLC32A1_GABR_A3B3E","SLC32A1;GAD1","GABRA3;GABRE;GABRB3","1;1","1","1;1;1","1","Non-protein Signaling","","CellChat"
"GABA-A-GAD1_SLC32A1_GABR_A4B3G2","SLC32A1;GAD1","GABRA4;GABRG2;GABRB3","1;1","1","1;1;1","1","Non-protein Signaling","","CellChat"
"GABA-A-GAD1_SLC32A1_GABR_A4B3D","SLC32A1;GAD1","GABRA4;GABRD;GABRB3","1;1","1","1;1;1","1","Non-protein Signaling","","CellChat"
"GABA-A-GAD1_SLC32A1_GABR_A4B2D","SLC32A1;GAD1","GABRA4;GABRD;GABRB2","1;1","1","1;1;1","1","Non-protein Signaling","","CellChat"
"GABA-A-GAD1_SLC32A1_GABR_A5B3G2","SLC32A1;GAD1","GABRA5;GABRG2;GABRB3","1;1","1","1;1;1","1","Non-protein Signaling","","CellChat"
"GABA-A-GAD1_SLC32A1_GABR_A6B3G2","SLC32A1;GAD1","GABRA6;GABRG2;GABRB3","1;1","1","1;1;1","1","Non-protein Signaling","","CellChat"
"GABA-A-GAD1_SLC32A1_GABR_A6B3D","SLC32A1;GAD1","GABRA6;GABRD;GABRB3","1;1","1","1;1;1","1","Non-protein Signaling","","CellChat"
"GABA-A-GAD1_SLC6A1_GABR_A1B3G2","GAD1;SLC6A1","GABRA1;GABRG2;GABRB3","1;1","1","1;1;1","1","Non-protein Signaling","","CellChat"
"GABA-A-GAD1_SLC6A1_GABR_A1B2G2","GAD1;SLC6A1","GABRA1;GABRG2;GABRB2","1;1","1","1;1;1","1","Non-protein Signaling","","CellChat"
"GABA-A-GAD1_SLC6A1_GABR_A1B2","GAD1;SLC6A1","GABRA1;GABRB2","1;1","1","1;1","1","Non-protein Signaling","","CellChat"
"GABA-A-GAD1_SLC6A1_GABR_A1B3","GAD1;SLC6A1","GABRA1;GABRB3","1;1","1","1;1","1","Non-protein Signaling","","CellChat"
"GABA-A-GAD1_SLC6A1_GABR_A1B2D","GAD1;SLC6A1","GABRA1;GABRD;GABRB2","1;1","1","1;1;1","1","Non-protein Signaling","","CellChat"
"GABA-A-GAD1_SLC6A1_GABR_A2B3G2","GAD1;SLC6A1","GABRA2;GABRG2;GABRB3","1;1","1","1;1;1","1","Non-protein Signaling","","CellChat"
"GABA-A-GAD1_SLC6A1_GABR_A3B3G2","GAD1;SLC6A1","GABRA3;GABRG2;GABRB3","1;1","1","1;1;1","1","Non-protein Signaling","","CellChat"
"GABA-A-GAD1_SLC6A1_GABR_A3B3Q","GAD1;SLC6A1","GABRQ;GABRA3;GABRB3","1;1","1","1;1;1","1","Non-protein Signaling","","CellChat"
"GABA-A-GAD1_SLC6A1_GABR_A3B3E","GAD1;SLC6A1","GABRA3;GABRE;GABRB3","1;1","1","1;1;1","1","Non-protein Signaling","","CellChat"
"GABA-A-GAD1_SLC6A1_GABR_A4B3G2","GAD1;SLC6A1","GABRA4;GABRG2;GABRB3","1;1","1","1;1;1","1","Non-protein Signaling","","CellChat"
"GABA-A-GAD1_SLC6A1_GABR_A4B3D","GAD1;SLC6A1","GABRA4;GABRD;GABRB3","1;1","1","1;1;1","1","Non-protein Signaling","","CellChat"
"GABA-A-GAD1_SLC6A1_GABR_A4B2D","GAD1;SLC6A1","GABRA4;GABRD;GABRB2","1;1","1","1;1;1","1","Non-protein Signaling","","CellChat"
"GABA-A-GAD1_SLC6A1_GABR_A5B3G2","GAD1;SLC6A1","GABRA5;GABRG2;GABRB3","1;1","1","1;1;1","1","Non-protein Signaling","","CellChat"
"GABA-A-GAD1_SLC6A1_GABR_A6B3G2","GAD1;SLC6A1","GABRA6;GABRG2;GABRB3","1;1","1","1;1;1","1","Non-protein Signaling","","CellChat"
"GABA-A-GAD1_SLC6A1_GABR_A6B3D","GAD1;SLC6A1","GABRA6;GABRD;GABRB3","1;1","1","1;1;1","1","Non-protein Signaling","","CellChat"
"GABA-A-GAD1_SLC6A11_GABR_A1B3G2","GAD1;SLC6A11","GABRA1;GABRG2;GABRB3","1;1","1","1;1;1","1","Non-protein Signaling","","CellChat"
"GABA-A-GAD1_SLC6A11_GABR_A1B2G2","GAD1;SLC6A11","GABRA1;GABRG2;GABRB2","1;1","1","1;1;1","1","Non-protein Signaling","","CellChat"
"GABA-A-GAD1_SLC6A11_GABR_A1B2","GAD1;SLC6A11","GABRA1;GABRB2","1;1","1","1;1","1","Non-protein Signaling","","CellChat"
"GABA-A-GAD1_SLC6A11_GABR_A1B3","GAD1;SLC6A11","GABRA1;GABRB3","1;1","1","1;1","1","Non-protein Signaling","","CellChat"
"GABA-A-GAD1_SLC6A11_GABR_A1B2D","GAD1;SLC6A11","GABRA1;GABRD;GABRB2","1;1","1","1;1;1","1","Non-protein Signaling","","CellChat"
"GABA-A-GAD1_SLC6A11_GABR_A2B3G2","GAD1;SLC6A11","GABRA2;GABRG2;GABRB3","1;1","1","1;1;1","1","Non-protein Signaling","","CellChat"
"GABA-A-GAD1_SLC6A11_GABR_A3B3G2","GAD1;SLC6A11","GABRA3;GABRG2;GABRB3","1;1","1","1;1;1","1","Non-protein Signaling","","CellChat"
"GABA-A-GAD1_SLC6A11_GABR_A3B3Q","GAD1;SLC6A11","GABRQ;GABRA3;GABRB3","1;1","1","1;1;1","1","Non-protein Signaling","","CellChat"
"GABA-A-GAD1_SLC6A11_GABR_A3B3E","GAD1;SLC6A11","GABRA3;GABRE;GABRB3","1;1","1","1;1;1","1","Non-protein Signaling","","CellChat"
"GABA-A-GAD1_SLC6A11_GABR_A4B3G2","GAD1;SLC6A11","GABRA4;GABRG2;GABRB3","1;1","1","1;1;1","1","Non-protein Signaling","","CellChat"
"GABA-A-GAD1_SLC6A11_GABR_A4B3D","GAD1;SLC6A11","GABRA4;GABRD;GABRB3","1;1","1","1;1;1","1","Non-protein Signaling","","CellChat"
"GABA-A-GAD1_SLC6A11_GABR_A4B2D","GAD1;SLC6A11","GABRA4;GABRD;GABRB2","1;1","1","1;1;1","1","Non-protein Signaling","","CellChat"
"GABA-A-GAD1_SLC6A11_GABR_A5B3G2","GAD1;SLC6A11","GABRA5;GABRG2;GABRB3","1;1","1","1;1;1","1","Non-protein Signaling","","CellChat"
"GABA-A-GAD1_SLC6A11_GABR_A6B3G2","GAD1;SLC6A11","GABRA6;GABRG2;GABRB3","1;1","1","1;1;1","1","Non-protein Signaling","","CellChat"
"GABA-A-GAD1_SLC6A11_GABR_A6B3D","GAD1;SLC6A11","GABRA6;GABRD;GABRB3","1;1","1","1;1;1","1","Non-protein Signaling","","CellChat"
"GABA-A-GAD1_SLC6A12_GABR_A1B3G2","SLC6A12;GAD1","GABRA1;GABRG2;GABRB3","1;1","1","1;1;1","1","Non-protein Signaling","","CellChat"
"GABA-A-GAD1_SLC6A12_GABR_A1B2G2","SLC6A12;GAD1","GABRA1;GABRG2;GABRB2","1;1","1","1;1;1","1","Non-protein Signaling","","CellChat"
"GABA-A-GAD1_SLC6A12_GABR_A1B2","SLC6A12;GAD1","GABRA1;GABRB2","1;1","1","1;1","1","Non-protein Signaling","","CellChat"
"GABA-A-GAD1_SLC6A12_GABR_A1B3","SLC6A12;GAD1","GABRA1;GABRB3","1;1","1","1;1","1","Non-protein Signaling","","CellChat"
"GABA-A-GAD1_SLC6A12_GABR_A1B2D","SLC6A12;GAD1","GABRA1;GABRD;GABRB2","1;1","1","1;1;1","1","Non-protein Signaling","","CellChat"
"GABA-A-GAD1_SLC6A12_GABR_A2B3G2","SLC6A12;GAD1","GABRA2;GABRG2;GABRB3","1;1","1","1;1;1","1","Non-protein Signaling","","CellChat"
"GABA-A-GAD1_SLC6A12_GABR_A3B3G2","SLC6A12;GAD1","GABRA3;GABRG2;GABRB3","1;1","1","1;1;1","1","Non-protein Signaling","","CellChat"
"GABA-A-GAD1_SLC6A12_GABR_A3B3Q","SLC6A12;GAD1","GABRQ;GABRA3;GABRB3","1;1","1","1;1;1","1","Non-protein Signaling","","CellChat"
"GABA-A-GAD1_SLC6A12_GABR_A3B3E","SLC6A12;GAD1","GABRA3;GABRE;GABRB3","1;1","1","1;1;1","1","Non-protein Signaling","","CellChat"
"GABA-A-GAD1_SLC6A12_GABR_A4B3G2","SLC6A12;GAD1","GABRA4;GABRG2;GABRB3","1;1","1","1;1;1","1","Non-protein Signaling","","CellChat"
"GABA-A-GAD1_SLC6A12_GABR_A4B3D","SLC6A12;GAD1","GABRA4;GABRD;GABRB3","1;1","1","1;1;1","1","Non-protein Signaling","","CellChat"
"GABA-A-GAD1_SLC6A12_GABR_A4B2D","SLC6A12;GAD1","GABRA4;GABRD;GABRB2","1;1","1","1;1;1","1","Non-protein Signaling","","CellChat"
"GABA-A-GAD1_SLC6A12_GABR_A5B3G2","SLC6A12;GAD1","GABRA5;GABRG2;GABRB3","1;1","1","1;1;1","1","Non-protein Signaling","","CellChat"
"GABA-A-GAD1_SLC6A12_GABR_A6B3G2","SLC6A12;GAD1","GABRA6;GABRG2;GABRB3","1;1","1","1;1;1","1","Non-protein Signaling","","CellChat"
"GABA-A-GAD1_SLC6A12_GABR_A6B3D","SLC6A12;GAD1","GABRA6;GABRD;GABRB3","1;1","1","1;1;1","1","Non-protein Signaling","","CellChat"
"GABA-A-GAD1_SLC6A13_GABR_A1B3G2","GAD1;SLC6A13","GABRA1;GABRG2;GABRB3","1;1","1","1;1;1","1","Non-protein Signaling","","CellChat"
"GABA-A-GAD1_SLC6A13_GABR_A1B2G2","GAD1;SLC6A13","GABRA1;GABRG2;GABRB2","1;1","1","1;1;1","1","Non-protein Signaling","","CellChat"
"GABA-A-GAD1_SLC6A13_GABR_A1B2","GAD1;SLC6A13","GABRA1;GABRB2","1;1","1","1;1","1","Non-protein Signaling","","CellChat"
"GABA-A-GAD1_SLC6A13_GABR_A1B3","GAD1;SLC6A13","GABRA1;GABRB3","1;1","1","1;1","1","Non-protein Signaling","","CellChat"
"GABA-A-GAD1_SLC6A13_GABR_A1B2D","GAD1;SLC6A13","GABRA1;GABRD;GABRB2","1;1","1","1;1;1","1","Non-protein Signaling","","CellChat"
"GABA-A-GAD1_SLC6A13_GABR_A2B3G2","GAD1;SLC6A13","GABRA2;GABRG2;GABRB3","1;1","1","1;1;1","1","Non-protein Signaling","","CellChat"
"GABA-A-GAD1_SLC6A13_GABR_A3B3G2","GAD1;SLC6A13","GABRA3;GABRG2;GABRB3","1;1","1","1;1;1","1","Non-protein Signaling","","CellChat"
"GABA-A-GAD1_SLC6A13_GABR_A3B3Q","GAD1;SLC6A13","GABRQ;GABRA3;GABRB3","1;1","1","1;1;1","1","Non-protein Signaling","","CellChat"
"GABA-A-GAD1_SLC6A13_GABR_A3B3E","GAD1;SLC6A13","GABRA3;GABRE;GABRB3","1;1","1","1;1;1","1","Non-protein Signaling","","CellChat"
"GABA-A-GAD1_SLC6A13_GABR_A4B3G2","GAD1;SLC6A13","GABRA4;GABRG2;GABRB3","1;1","1","1;1;1","1","Non-protein Signaling","","CellChat"
"GABA-A-GAD1_SLC6A13_GABR_A4B3D","GAD1;SLC6A13","GABRA4;GABRD;GABRB3","1;1","1","1;1;1","1","Non-protein Signaling","","CellChat"
"GABA-A-GAD1_SLC6A13_GABR_A4B2D","GAD1;SLC6A13","GABRA4;GABRD;GABRB2","1;1","1","1;1;1","1","Non-protein Signaling","","CellChat"
"GABA-A-GAD1_SLC6A13_GABR_A5B3G2","GAD1;SLC6A13","GABRA5;GABRG2;GABRB3","1;1","1","1;1;1","1","Non-protein Signaling","","CellChat"
"GABA-A-GAD1_SLC6A13_GABR_A6B3G2","GAD1;SLC6A13","GABRA6;GABRG2;GABRB3","1;1","1","1;1;1","1","Non-protein Signaling","","CellChat"
"GABA-A-GAD1_SLC6A13_GABR_A6B3D","GAD1;SLC6A13","GABRA6;GABRD;GABRB3","1;1","1","1;1;1","1","Non-protein Signaling","","CellChat"
"GABA-A-GAD1_SLC6A6_GABR_A1B3G2","GAD1;SLC6A6","GABRA1;GABRG2;GABRB3","1;1","1","1;1;1","1","Non-protein Signaling","","CellChat"
"GABA-A-GAD1_SLC6A6_GABR_A1B2G2","GAD1;SLC6A6","GABRA1;GABRG2;GABRB2","1;1","1","1;1;1","1","Non-protein Signaling","","CellChat"
"GABA-A-GAD1_SLC6A6_GABR_A1B2","GAD1;SLC6A6","GABRA1;GABRB2","1;1","1","1;1","1","Non-protein Signaling","","CellChat"
"GABA-A-GAD1_SLC6A6_GABR_A1B3","GAD1;SLC6A6","GABRA1;GABRB3","1;1","1","1;1","1","Non-protein Signaling","","CellChat"
"GABA-A-GAD1_SLC6A6_GABR_A1B2D","GAD1;SLC6A6","GABRA1;GABRD;GABRB2","1;1","1","1;1;1","1","Non-protein Signaling","","CellChat"
"GABA-A-GAD1_SLC6A6_GABR_A2B3G2","GAD1;SLC6A6","GABRA2;GABRG2;GABRB3","1;1","1","1;1;1","1","Non-protein Signaling","","CellChat"
"GABA-A-GAD1_SLC6A6_GABR_A3B3G2","GAD1;SLC6A6","GABRA3;GABRG2;GABRB3","1;1","1","1;1;1","1","Non-protein Signaling","","CellChat"
"GABA-A-GAD1_SLC6A6_GABR_A3B3Q","GAD1;SLC6A6","GABRQ;GABRA3;GABRB3","1;1","1","1;1;1","1","Non-protein Signaling","","CellChat"
"GABA-A-GAD1_SLC6A6_GABR_A3B3E","GAD1;SLC6A6","GABRA3;GABRE;GABRB3","1;1","1","1;1;1","1","Non-protein Signaling","","CellChat"
"GABA-A-GAD1_SLC6A6_GABR_A4B3G2","GAD1;SLC6A6","GABRA4;GABRG2;GABRB3","1;1","1","1;1;1","1","Non-protein Signaling","","CellChat"
"GABA-A-GAD1_SLC6A6_GABR_A4B3D","GAD1;SLC6A6","GABRA4;GABRD;GABRB3","1;1","1","1;1;1","1","Non-protein Signaling","","CellChat"
"GABA-A-GAD1_SLC6A6_GABR_A4B2D","GAD1;SLC6A6","GABRA4;GABRD;GABRB2","1;1","1","1;1;1","1","Non-protein Signaling","","CellChat"
"GABA-A-GAD1_SLC6A6_GABR_A5B3G2","GAD1;SLC6A6","GABRA5;GABRG2;GABRB3","1;1","1","1;1;1","1","Non-protein Signaling","","CellChat"
"GABA-A-GAD1_SLC6A6_GABR_A6B3G2","GAD1;SLC6A6","GABRA6;GABRG2;GABRB3","1;1","1","1;1;1","1","Non-protein Signaling","","CellChat"
"GABA-A-GAD1_SLC6A6_GABR_A6B3D","GAD1;SLC6A6","GABRA6;GABRD;GABRB3","1;1","1","1;1;1","1","Non-protein Signaling","","CellChat"
"GABA-A-GAD1_SLC6A8_GABR_A1B3G2","GAD1;SLC6A8","GABRA1;GABRG2;GABRB3","1;1","1","1;1;1","1","Non-protein Signaling","","CellChat"
"GABA-A-GAD1_SLC6A8_GABR_A1B2G2","GAD1;SLC6A8","GABRA1;GABRG2;GABRB2","1;1","1","1;1;1","1","Non-protein Signaling","","CellChat"
"GABA-A-GAD1_SLC6A8_GABR_A1B2","GAD1;SLC6A8","GABRA1;GABRB2","1;1","1","1;1","1","Non-protein Signaling","","CellChat"
"GABA-A-GAD1_SLC6A8_GABR_A1B3","GAD1;SLC6A8","GABRA1;GABRB3","1;1","1","1;1","1","Non-protein Signaling","","CellChat"
"GABA-A-GAD1_SLC6A8_GABR_A1B2D","GAD1;SLC6A8","GABRA1;GABRD;GABRB2","1;1","1","1;1;1","1","Non-protein Signaling","","CellChat"
"GABA-A-GAD1_SLC6A8_GABR_A2B3G2","GAD1;SLC6A8","GABRA2;GABRG2;GABRB3","1;1","1","1;1;1","1","Non-protein Signaling","","CellChat"
"GABA-A-GAD1_SLC6A8_GABR_A3B3G2","GAD1;SLC6A8","GABRA3;GABRG2;GABRB3","1;1","1","1;1;1","1","Non-protein Signaling","","CellChat"
"GABA-A-GAD1_SLC6A8_GABR_A3B3Q","GAD1;SLC6A8","GABRQ;GABRA3;GABRB3","1;1","1","1;1;1","1","Non-protein Signaling","","CellChat"
"GABA-A-GAD1_SLC6A8_GABR_A3B3E","GAD1;SLC6A8","GABRA3;GABRE;GABRB3","1;1","1","1;1;1","1","Non-protein Signaling","","CellChat"
"GABA-A-GAD1_SLC6A8_GABR_A4B3G2","GAD1;SLC6A8","GABRA4;GABRG2;GABRB3","1;1","1","1;1;1","1","Non-protein Signaling","","CellChat"
"GABA-A-GAD1_SLC6A8_GABR_A4B3D","GAD1;SLC6A8","GABRA4;GABRD;GABRB3","1;1","1","1;1;1","1","Non-protein Signaling","","CellChat"
"GABA-A-GAD1_SLC6A8_GABR_A4B2D","GAD1;SLC6A8","GABRA4;GABRD;GABRB2","1;1","1","1;1;1","1","Non-protein Signaling","","CellChat"
"GABA-A-GAD1_SLC6A8_GABR_A5B3G2","GAD1;SLC6A8","GABRA5;GABRG2;GABRB3","1;1","1","1;1;1","1","Non-protein Signaling","","CellChat"
"GABA-A-GAD1_SLC6A8_GABR_A6B3G2","GAD1;SLC6A8","GABRA6;GABRG2;GABRB3","1;1","1","1;1;1","1","Non-protein Signaling","","CellChat"
"GABA-A-GAD1_SLC6A8_GABR_A6B3D","GAD1;SLC6A8","GABRA6;GABRD;GABRB3","1;1","1","1;1;1","1","Non-protein Signaling","","CellChat"
"GABA-A-GAD2_SLC32A1_GABR_A1B3G2","SLC32A1;GAD2","GABRA1;GABRG2;GABRB3","1;1","1","1;1;1","1","Non-protein Signaling","","CellChat"
"GABA-A-GAD2_SLC32A1_GABR_A1B2G2","SLC32A1;GAD2","GABRA1;GABRG2;GABRB2","1;1","1","1;1;1","1","Non-protein Signaling","","CellChat"
"GABA-A-GAD2_SLC32A1_GABR_A1B2","SLC32A1;GAD2","GABRA1;GABRB2","1;1","1","1;1","1","Non-protein Signaling","","CellChat"
"GABA-A-GAD2_SLC32A1_GABR_A1B3","SLC32A1;GAD2","GABRA1;GABRB3","1;1","1","1;1","1","Non-protein Signaling","","CellChat"
"GABA-A-GAD2_SLC32A1_GABR_A1B2D","SLC32A1;GAD2","GABRA1;GABRD;GABRB2","1;1","1","1;1;1","1","Non-protein Signaling","","CellChat"
"GABA-A-GAD2_SLC32A1_GABR_A2B3G2","SLC32A1;GAD2","GABRA2;GABRG2;GABRB3","1;1","1","1;1;1","1","Non-protein Signaling","","CellChat"
"GABA-A-GAD2_SLC32A1_GABR_A3B3G2","SLC32A1;GAD2","GABRA3;GABRG2;GABRB3","1;1","1","1;1;1","1","Non-protein Signaling","","CellChat"
"GABA-A-GAD2_SLC32A1_GABR_A3B3Q","SLC32A1;GAD2","GABRQ;GABRA3;GABRB3","1;1","1","1;1;1","1","Non-protein Signaling","","CellChat"
"GABA-A-GAD2_SLC32A1_GABR_A3B3E","SLC32A1;GAD2","GABRA3;GABRE;GABRB3","1;1","1","1;1;1","1","Non-protein Signaling","","CellChat"
"GABA-A-GAD2_SLC32A1_GABR_A4B3G2","SLC32A1;GAD2","GABRA4;GABRG2;GABRB3","1;1","1","1;1;1","1","Non-protein Signaling","","CellChat"
"GABA-A-GAD2_SLC32A1_GABR_A4B3D","SLC32A1;GAD2","GABRA4;GABRD;GABRB3","1;1","1","1;1;1","1","Non-protein Signaling","","CellChat"
"GABA-A-GAD2_SLC32A1_GABR_A4B2D","SLC32A1;GAD2","GABRA4;GABRD;GABRB2","1;1","1","1;1;1","1","Non-protein Signaling","","CellChat"
"GABA-A-GAD2_SLC32A1_GABR_A5B3G2","SLC32A1;GAD2","GABRA5;GABRG2;GABRB3","1;1","1","1;1;1","1","Non-protein Signaling","","CellChat"
"GABA-A-GAD2_SLC32A1_GABR_A6B3G2","SLC32A1;GAD2","GABRA6;GABRG2;GABRB3","1;1","1","1;1;1","1","Non-protein Signaling","","CellChat"
"GABA-A-GAD2_SLC32A1_GABR_A6B3D","SLC32A1;GAD2","GABRA6;GABRD;GABRB3","1;1","1","1;1;1","1","Non-protein Signaling","","CellChat"
"GABA-A-GAD2_SLC6A1_GABR_A1B3G2","GAD2;SLC6A1","GABRA1;GABRG2;GABRB3","1;1","1","1;1;1","1","Non-protein Signaling","","CellChat"
"GABA-A-GAD2_SLC6A1_GABR_A1B2G2","GAD2;SLC6A1","GABRA1;GABRG2;GABRB2","1;1","1","1;1;1","1","Non-protein Signaling","","CellChat"
"GABA-A-GAD2_SLC6A1_GABR_A1B2","GAD2;SLC6A1","GABRA1;GABRB2","1;1","1","1;1","1","Non-protein Signaling","","CellChat"
"GABA-A-GAD2_SLC6A1_GABR_A1B3","GAD2;SLC6A1","GABRA1;GABRB3","1;1","1","1;1","1","Non-protein Signaling","","CellChat"
"GABA-A-GAD2_SLC6A1_GABR_A1B2D","GAD2;SLC6A1","GABRA1;GABRD;GABRB2","1;1","1","1;1;1","1","Non-protein Signaling","","CellChat"
"GABA-A-GAD2_SLC6A1_GABR_A2B3G2","GAD2;SLC6A1","GABRA2;GABRG2;GABRB3","1;1","1","1;1;1","1","Non-protein Signaling","","CellChat"
"GABA-A-GAD2_SLC6A1_GABR_A3B3G2","GAD2;SLC6A1","GABRA3;GABRG2;GABRB3","1;1","1","1;1;1","1","Non-protein Signaling","","CellChat"
"GABA-A-GAD2_SLC6A1_GABR_A3B3Q","GAD2;SLC6A1","GABRQ;GABRA3;GABRB3","1;1","1","1;1;1","1","Non-protein Signaling","","CellChat"
"GABA-A-GAD2_SLC6A1_GABR_A3B3E","GAD2;SLC6A1","GABRA3;GABRE;GABRB3","1;1","1","1;1;1","1","Non-protein Signaling","","CellChat"
"GABA-A-GAD2_SLC6A1_GABR_A4B3G2","GAD2;SLC6A1","GABRA4;GABRG2;GABRB3","1;1","1","1;1;1","1","Non-protein Signaling","","CellChat"
"GABA-A-GAD2_SLC6A1_GABR_A4B3D","GAD2;SLC6A1","GABRA4;GABRD;GABRB3","1;1","1","1;1;1","1","Non-protein Signaling","","CellChat"
"GABA-A-GAD2_SLC6A1_GABR_A4B2D","GAD2;SLC6A1","GABRA4;GABRD;GABRB2","1;1","1","1;1;1","1","Non-protein Signaling","","CellChat"
"GABA-A-GAD2_SLC6A1_GABR_A5B3G2","GAD2;SLC6A1","GABRA5;GABRG2;GABRB3","1;1","1","1;1;1","1","Non-protein Signaling","","CellChat"
"GABA-A-GAD2_SLC6A1_GABR_A6B3G2","GAD2;SLC6A1","GABRA6;GABRG2;GABRB3","1;1","1","1;1;1","1","Non-protein Signaling","","CellChat"
"GABA-A-GAD2_SLC6A1_GABR_A6B3D","GAD2;SLC6A1","GABRA6;GABRD;GABRB3","1;1","1","1;1;1","1","Non-protein Signaling","","CellChat"
"GABA-A-GAD2_SLC6A11_GABR_A1B3G2","GAD2;SLC6A11","GABRA1;GABRG2;GABRB3","1;1","1","1;1;1","1","Non-protein Signaling","","CellChat"
"GABA-A-GAD2_SLC6A11_GABR_A1B2G2","GAD2;SLC6A11","GABRA1;GABRG2;GABRB2","1;1","1","1;1;1","1","Non-protein Signaling","","CellChat"
"GABA-A-GAD2_SLC6A11_GABR_A1B2","GAD2;SLC6A11","GABRA1;GABRB2","1;1","1","1;1","1","Non-protein Signaling","","CellChat"
"GABA-A-GAD2_SLC6A11_GABR_A1B3","GAD2;SLC6A11","GABRA1;GABRB3","1;1","1","1;1","1","Non-protein Signaling","","CellChat"
"GABA-A-GAD2_SLC6A11_GABR_A1B2D","GAD2;SLC6A11","GABRA1;GABRD;GABRB2","1;1","1","1;1;1","1","Non-protein Signaling","","CellChat"
"GABA-A-GAD2_SLC6A11_GABR_A2B3G2","GAD2;SLC6A11","GABRA2;GABRG2;GABRB3","1;1","1","1;1;1","1","Non-protein Signaling","","CellChat"
"GABA-A-GAD2_SLC6A11_GABR_A3B3G2","GAD2;SLC6A11","GABRA3;GABRG2;GABRB3","1;1","1","1;1;1","1","Non-protein Signaling","","CellChat"
"GABA-A-GAD2_SLC6A11_GABR_A3B3Q","GAD2;SLC6A11","GABRQ;GABRA3;GABRB3","1;1","1","1;1;1","1","Non-protein Signaling","","CellChat"
"GABA-A-GAD2_SLC6A11_GABR_A3B3E","GAD2;SLC6A11","GABRA3;GABRE;GABRB3","1;1","1","1;1;1","1","Non-protein Signaling","","CellChat"
"GABA-A-GAD2_SLC6A11_GABR_A4B3G2","GAD2;SLC6A11","GABRA4;GABRG2;GABRB3","1;1","1","1;1;1","1","Non-protein Signaling","","CellChat"
"GABA-A-GAD2_SLC6A11_GABR_A4B3D","GAD2;SLC6A11","GABRA4;GABRD;GABRB3","1;1","1","1;1;1","1","Non-protein Signaling","","CellChat"
"GABA-A-GAD2_SLC6A11_GABR_A4B2D","GAD2;SLC6A11","GABRA4;GABRD;GABRB2","1;1","1","1;1;1","1","Non-protein Signaling","","CellChat"
"GABA-A-GAD2_SLC6A11_GABR_A5B3G2","GAD2;SLC6A11","GABRA5;GABRG2;GABRB3","1;1","1","1;1;1","1","Non-protein Signaling","","CellChat"
"GABA-A-GAD2_SLC6A11_GABR_A6B3G2","GAD2;SLC6A11","GABRA6;GABRG2;GABRB3","1;1","1","1;1;1","1","Non-protein Signaling","","CellChat"
"GABA-A-GAD2_SLC6A11_GABR_A6B3D","GAD2;SLC6A11","GABRA6;GABRD;GABRB3","1;1","1","1;1;1","1","Non-protein Signaling","","CellChat"
"GABA-A-GAD2_SLC6A12_GABR_A1B3G2","SLC6A12;GAD2","GABRA1;GABRG2;GABRB3","1;1","1","1;1;1","1","Non-protein Signaling","","CellChat"
"GABA-A-GAD2_SLC6A12_GABR_A1B2G2","SLC6A12;GAD2","GABRA1;GABRG2;GABRB2","1;1","1","1;1;1","1","Non-protein Signaling","","CellChat"
"GABA-A-GAD2_SLC6A12_GABR_A1B2","SLC6A12;GAD2","GABRA1;GABRB2","1;1","1","1;1","1","Non-protein Signaling","","CellChat"
"GABA-A-GAD2_SLC6A12_GABR_A1B3","SLC6A12;GAD2","GABRA1;GABRB3","1;1","1","1;1","1","Non-protein Signaling","","CellChat"
"GABA-A-GAD2_SLC6A12_GABR_A1B2D","SLC6A12;GAD2","GABRA1;GABRD;GABRB2","1;1","1","1;1;1","1","Non-protein Signaling","","CellChat"
"GABA-A-GAD2_SLC6A12_GABR_A2B3G2","SLC6A12;GAD2","GABRA2;GABRG2;GABRB3","1;1","1","1;1;1","1","Non-protein Signaling","","CellChat"
"GABA-A-GAD2_SLC6A12_GABR_A3B3G2","SLC6A12;GAD2","GABRA3;GABRG2;GABRB3","1;1","1","1;1;1","1","Non-protein Signaling","","CellChat"
"GABA-A-GAD2_SLC6A12_GABR_A3B3Q","SLC6A12;GAD2","GABRQ;GABRA3;GABRB3","1;1","1","1;1;1","1","Non-protein Signaling","","CellChat"
"GABA-A-GAD2_SLC6A12_GABR_A3B3E","SLC6A12;GAD2","GABRA3;GABRE;GABRB3","1;1","1","1;1;1","1","Non-protein Signaling","","CellChat"
"GABA-A-GAD2_SLC6A12_GABR_A4B3G2","SLC6A12;GAD2","GABRA4;GABRG2;GABRB3","1;1","1","1;1;1","1","Non-protein Signaling","","CellChat"
"GABA-A-GAD2_SLC6A12_GABR_A4B3D","SLC6A12;GAD2","GABRA4;GABRD;GABRB3","1;1","1","1;1;1","1","Non-protein Signaling","","CellChat"
"GABA-A-GAD2_SLC6A12_GABR_A4B2D","SLC6A12;GAD2","GABRA4;GABRD;GABRB2","1;1","1","1;1;1","1","Non-protein Signaling","","CellChat"
"GABA-A-GAD2_SLC6A12_GABR_A5B3G2","SLC6A12;GAD2","GABRA5;GABRG2;GABRB3","1;1","1","1;1;1","1","Non-protein Signaling","","CellChat"
"GABA-A-GAD2_SLC6A12_GABR_A6B3G2","SLC6A12;GAD2","GABRA6;GABRG2;GABRB3","1;1","1","1;1;1","1","Non-protein Signaling","","CellChat"
"GABA-A-GAD2_SLC6A12_GABR_A6B3D","SLC6A12;GAD2","GABRA6;GABRD;GABRB3","1;1","1","1;1;1","1","Non-protein Signaling","","CellChat"
"GABA-A-GAD2_SLC6A13_GABR_A1B3G2","GAD2;SLC6A13","GABRA1;GABRG2;GABRB3","1;1","1","1;1;1","1","Non-protein Signaling","","CellChat"
"GABA-A-GAD2_SLC6A13_GABR_A1B2G2","GAD2;SLC6A13","GABRA1;GABRG2;GABRB2","1;1","1","1;1;1","1","Non-protein Signaling","","CellChat"
"GABA-A-GAD2_SLC6A13_GABR_A1B2","GAD2;SLC6A13","GABRA1;GABRB2","1;1","1","1;1","1","Non-protein Signaling","","CellChat"
"GABA-A-GAD2_SLC6A13_GABR_A1B3","GAD2;SLC6A13","GABRA1;GABRB3","1;1","1","1;1","1","Non-protein Signaling","","CellChat"
"GABA-A-GAD2_SLC6A13_GABR_A1B2D","GAD2;SLC6A13","GABRA1;GABRD;GABRB2","1;1","1","1;1;1","1","Non-protein Signaling","","CellChat"
"GABA-A-GAD2_SLC6A13_GABR_A2B3G2","GAD2;SLC6A13","GABRA2;GABRG2;GABRB3","1;1","1","1;1;1","1","Non-protein Signaling","","CellChat"
"GABA-A-GAD2_SLC6A13_GABR_A3B3G2","GAD2;SLC6A13","GABRA3;GABRG2;GABRB3","1;1","1","1;1;1","1","Non-protein Signaling","","CellChat"
"GABA-A-GAD2_SLC6A13_GABR_A3B3Q","GAD2;SLC6A13","GABRQ;GABRA3;GABRB3","1;1","1","1;1;1","1","Non-protein Signaling","","CellChat"
"GABA-A-GAD2_SLC6A13_GABR_A3B3E","GAD2;SLC6A13","GABRA3;GABRE;GABRB3","1;1","1","1;1;1","1","Non-protein Signaling","","CellChat"
"GABA-A-GAD2_SLC6A13_GABR_A4B3G2","GAD2;SLC6A13","GABRA4;GABRG2;GABRB3","1;1","1","1;1;1","1","Non-protein Signaling","","CellChat"
"GABA-A-GAD2_SLC6A13_GABR_A4B3D","GAD2;SLC6A13","GABRA4;GABRD;GABRB3","1;1","1","1;1;1","1","Non-protein Signaling","","CellChat"
"GABA-A-GAD2_SLC6A13_GABR_A4B2D","GAD2;SLC6A13","GABRA4;GABRD;GABRB2","1;1","1","1;1;1","1","Non-protein Signaling","","CellChat"
"GABA-A-GAD2_SLC6A13_GABR_A5B3G2","GAD2;SLC6A13","GABRA5;GABRG2;GABRB3","1;1","1","1;1;1","1","Non-protein Signaling","","CellChat"
"GABA-A-GAD2_SLC6A13_GABR_A6B3G2","GAD2;SLC6A13","GABRA6;GABRG2;GABRB3","1;1","1","1;1;1","1","Non-protein Signaling","","CellChat"
"GABA-A-GAD2_SLC6A13_GABR_A6B3D","GAD2;SLC6A13","GABRA6;GABRD;GABRB3","1;1","1","1;1;1","1","Non-protein Signaling","","CellChat"
"GABA-A-GAD2_SLC6A6_GABR_A1B3G2","GAD2;SLC6A6","GABRA1;GABRG2;GABRB3","1;1","1","1;1;1","1","Non-protein Signaling","","CellChat"
"GABA-A-GAD2_SLC6A6_GABR_A1B2G2","GAD2;SLC6A6","GABRA1;GABRG2;GABRB2","1;1","1","1;1;1","1","Non-protein Signaling","","CellChat"
"GABA-A-GAD2_SLC6A6_GABR_A1B2","GAD2;SLC6A6","GABRA1;GABRB2","1;1","1","1;1","1","Non-protein Signaling","","CellChat"
"GABA-A-GAD2_SLC6A6_GABR_A1B3","GAD2;SLC6A6","GABRA1;GABRB3","1;1","1","1;1","1","Non-protein Signaling","","CellChat"
"GABA-A-GAD2_SLC6A6_GABR_A1B2D","GAD2;SLC6A6","GABRA1;GABRD;GABRB2","1;1","1","1;1;1","1","Non-protein Signaling","","CellChat"
"GABA-A-GAD2_SLC6A6_GABR_A2B3G2","GAD2;SLC6A6","GABRA2;GABRG2;GABRB3","1;1","1","1;1;1","1","Non-protein Signaling","","CellChat"
"GABA-A-GAD2_SLC6A6_GABR_A3B3G2","GAD2;SLC6A6","GABRA3;GABRG2;GABRB3","1;1","1","1;1;1","1","Non-protein Signaling","","CellChat"
"GABA-A-GAD2_SLC6A6_GABR_A3B3Q","GAD2;SLC6A6","GABRQ;GABRA3;GABRB3","1;1","1","1;1;1","1","Non-protein Signaling","","CellChat"
"GABA-A-GAD2_SLC6A6_GABR_A3B3E","GAD2;SLC6A6","GABRA3;GABRE;GABRB3","1;1","1","1;1;1","1","Non-protein Signaling","","CellChat"
"GABA-A-GAD2_SLC6A6_GABR_A4B3G2","GAD2;SLC6A6","GABRA4;GABRG2;GABRB3","1;1","1","1;1;1","1","Non-protein Signaling","","CellChat"
"GABA-A-GAD2_SLC6A6_GABR_A4B3D","GAD2;SLC6A6","GABRA4;GABRD;GABRB3","1;1","1","1;1;1","1","Non-protein Signaling","","CellChat"
"GABA-A-GAD2_SLC6A6_GABR_A4B2D","GAD2;SLC6A6","GABRA4;GABRD;GABRB2","1;1","1","1;1;1","1","Non-protein Signaling","","CellChat"
"GABA-A-GAD2_SLC6A6_GABR_A5B3G2","GAD2;SLC6A6","GABRA5;GABRG2;GABRB3","1;1","1","1;1;1","1","Non-protein Signaling","","CellChat"
"GABA-A-GAD2_SLC6A6_GABR_A6B3G2","GAD2;SLC6A6","GABRA6;GABRG2;GABRB3","1;1","1","1;1;1","1","Non-protein Signaling","","CellChat"
"GABA-A-GAD2_SLC6A6_GABR_A6B3D","GAD2;SLC6A6","GABRA6;GABRD;GABRB3","1;1","1","1;1;1","1","Non-protein Signaling","","CellChat"
"GABA-A-GAD2_SLC6A8_GABR_A1B3G2","GAD2;SLC6A8","GABRA1;GABRG2;GABRB3","1;1","1","1;1;1","1","Non-protein Signaling","","CellChat"
"GABA-A-GAD2_SLC6A8_GABR_A1B2G2","GAD2;SLC6A8","GABRA1;GABRG2;GABRB2","1;1","1","1;1;1","1","Non-protein Signaling","","CellChat"
"GABA-A-GAD2_SLC6A8_GABR_A1B2","GAD2;SLC6A8","GABRA1;GABRB2","1;1","1","1;1","1","Non-protein Signaling","","CellChat"
"GABA-A-GAD2_SLC6A8_GABR_A1B3","GAD2;SLC6A8","GABRA1;GABRB3","1;1","1","1;1","1","Non-protein Signaling","","CellChat"
"GABA-A-GAD2_SLC6A8_GABR_A1B2D","GAD2;SLC6A8","GABRA1;GABRD;GABRB2","1;1","1","1;1;1","1","Non-protein Signaling","","CellChat"
"GABA-A-GAD2_SLC6A8_GABR_A2B3G2","GAD2;SLC6A8","GABRA2;GABRG2;GABRB3","1;1","1","1;1;1","1","Non-protein Signaling","","CellChat"
"GABA-A-GAD2_SLC6A8_GABR_A3B3G2","GAD2;SLC6A8","GABRA3;GABRG2;GABRB3","1;1","1","1;1;1","1","Non-protein Signaling","","CellChat"
"GABA-A-GAD2_SLC6A8_GABR_A3B3Q","GAD2;SLC6A8","GABRQ;GABRA3;GABRB3","1;1","1","1;1;1","1","Non-protein Signaling","","CellChat"
"GABA-A-GAD2_SLC6A8_GABR_A3B3E","GAD2;SLC6A8","GABRA3;GABRE;GABRB3","1;1","1","1;1;1","1","Non-protein Signaling","","CellChat"
"GABA-A-GAD2_SLC6A8_GABR_A4B3G2","GAD2;SLC6A8","GABRA4;GABRG2;GABRB3","1;1","1","1;1;1","1","Non-protein Signaling","","CellChat"
"GABA-A-GAD2_SLC6A8_GABR_A4B3D","GAD2;SLC6A8","GABRA4;GABRD;GABRB3","1;1","1","1;1;1","1","Non-protein Signaling","","CellChat"
"GABA-A-GAD2_SLC6A8_GABR_A4B2D","GAD2;SLC6A8","GABRA4;GABRD;GABRB2","1;1","1","1;1;1","1","Non-protein Signaling","","CellChat"
"GABA-A-GAD2_SLC6A8_GABR_A5B3G2","GAD2;SLC6A8","GABRA5;GABRG2;GABRB3","1;1","1","1;1;1","1","Non-protein Signaling","","CellChat"
"GABA-A-GAD2_SLC6A8_GABR_A6B3G2","GAD2;SLC6A8","GABRA6;GABRG2;GABRB3","1;1","1","1;1;1","1","Non-protein Signaling","","CellChat"
"GABA-A-GAD2_SLC6A8_GABR_A6B3D","GAD2;SLC6A8","GABRA6;GABRD;GABRB3","1;1","1","1;1;1","1","Non-protein Signaling","","CellChat"
"Glycine-Gly-SHMT1_SLC6A5_GLRA1_GLRB","SLC6A5;SHMT1","GLRA1;GLRB","1;1","1","1;1","1","Non-protein Signaling","","CellChat"
"Glycine-Gly-SHMT1_SLC6A5_GLRA2","SLC6A5;SHMT1","GLRA2","1;1","1","1","1","Non-protein Signaling","","CellChat"
"Glycine-Gly-SHMT1_SLC6A9_GLRA1_GLRB","SHMT1;SLC6A9","GLRA1;GLRB","1;1","1","1;1","1","Non-protein Signaling","","CellChat"
"Glycine-Gly-SHMT1_SLC6A9_GLRA2","SHMT1;SLC6A9","GLRA2","1;1","1","1","1","Non-protein Signaling","","CellChat"
"Glycine-Gly-SHMT2_SLC6A5_GLRA1_GLRB","SLC6A5;SHMT2","GLRA1;GLRB","1;1","1","1;1","1","Non-protein Signaling","","CellChat"
"Glycine-Gly-SHMT2_SLC6A5_GLRA2","SLC6A5;SHMT2","GLRA2","1;1","1","1","1","Non-protein Signaling","","CellChat"
"Glycine-Gly-SHMT2_SLC6A9_GLRA1_GLRB","SHMT2;SLC6A9","GLRA1;GLRB","1;1","1","1;1","1","Non-protein Signaling","","CellChat"
"Glycine-Gly-SHMT2_SLC6A9_GLRA2","SHMT2;SLC6A9","GLRA2","1;1","1","1","1","Non-protein Signaling","","CellChat"
"SDC1_ADGRA2","SDC1","ADGRA2","1","1","1","1","Cell-Cell Contact","secreted","CellChat"
"SDC2_ADGRA2","SDC2","ADGRA2","1","1","1","1","Cell-Cell Contact","secreted","CellChat"
"ITGAV_ITGB3_ADGRA2","ITGAV;ITGB3","ADGRA2","1;1","1","1","1","Cell-Cell Contact","","CellChat"
"TAX1BP3_ADGRB1","TAX1BP3","ADGRB1","1","1","1","1","Cell-Cell Contact","","CellChat"
"RTN4R_ADGRB1","RTN4R","ADGRB1","1","1","1","1","Cell-Cell Contact","","CellChat"
"ITGAV_ITGB5_ADGRB1","ITGAV;ITGB5","ADGRB1","1;1","1","1","1","Cell-Cell Contact","","CellChat"
"TAX1BP3_ADGRB2","TAX1BP3","ADGRB2","1","1","1","1","Cell-Cell Contact","","CellChat"
"C1QL1_ADGRB3","C1QL1","ADGRB3","1","1","1","1","Cell-Cell Contact","secreted","CellChat"
"C1QL2_ADGRB3","C1QL2","ADGRB3","1","1","1","1","Cell-Cell Contact","secreted","CellChat"
"C1QL3_ADGRB3","C1QL3","ADGRB3","1","1","1","1","Cell-Cell Contact","secreted","CellChat"
"C1QL4_ADGRB3","C1QL4","ADGRB3","1","1","1","1","Cell-Cell Contact","secreted","CellChat"
"THY1_ADGRE2","THY1","ADGRE2","1","1","1","1","Cell-Cell Contact","","CellChat"
"ITGAV_ITGB1_ADGRE2","ITGAV;ITGB1","ADGRE2","1;1","1","1","1","Cell-Cell Contact","","CellChat"
"ITGAV_ITGB3_ADGRE2","ITGAV;ITGB3","ADGRE2","1;1","1","1","1","Cell-Cell Contact","","CellChat"
"CD55_ADGRE5","CD55","ADGRE5","1","1","1","1","Cell-Cell Contact","secreted","CellChat"
"LPAR1_ADGRE5","LPAR1","ADGRE5","1","1","1","1","Cell-Cell Contact","","CellChat"
"LPAR2_ADGRE5","LPAR2","ADGRE5","1","1","1","1","Cell-Cell Contact","","CellChat"
"LPAR3_ADGRE5","LPAR3","ADGRE5","1","1","1","1","Cell-Cell Contact","","CellChat"
"THY1_ADGRE5","THY1","ADGRE5","1","1","1","1","Cell-Cell Contact","","CellChat"
"ITGAV_ITGB1_ADGRE5","ITGAV;ITGB1","ADGRE5","1;1","1","1","1","Cell-Cell Contact","","CellChat"
"ITGAV_ITGB3_ADGRE5","ITGAV;ITGB3","ADGRE5","1;1","1","1","1","Cell-Cell Contact","","CellChat"
"SFTPD_ADGRE5","SFTPD","ADGRE5","1","1","1","1","Cell-Cell Contact","secreted","CellChat"
"COL3A1_ADGRG1","COL3A1","ADGRG1","1","1","1","1","Cell-Cell Contact","secreted","CellChat"
"GAST_ADGRG1","GAST","ADGRG1","1","1","1","1","Cell-Cell Contact","hormone","CellChat"
"TGM2_ADGRG1","TGM2","ADGRG1","1","1","1","1","Cell-Cell Contact","secreted","CellChat"
"COL4A1_ADGRG6","COL4A1","ADGRG6","1","1","1","1","Cell-Cell Contact","secreted","CellChat"
"COL4A2_ADGRG6","COL4A2","ADGRG6","1","1","1","1","Cell-Cell Contact","secreted","CellChat"
"COL4A3_ADGRG6","COL4A3","ADGRG6","1","1","1","1","Cell-Cell Contact","secreted","CellChat"
"COL4A4_ADGRG6","COL4A4","ADGRG6","1","1","1","1","Cell-Cell Contact","secreted","CellChat"
"COL4A5_ADGRG6","COL4A5","ADGRG6","1","1","1","1","Cell-Cell Contact","secreted","CellChat"
"COL4A6_ADGRG6","COL4A6","ADGRG6","1","1","1","1","Cell-Cell Contact","secreted","CellChat"
"LAMA2_ADGRG6","LAMA2","ADGRG6","1","1","1","1","Cell-Cell Contact","secreted","CellChat"
"PRNP_ADGRG6","PRNP","ADGRG6","1","1","1","1","Cell-Cell Contact","","CellChat"
"FLRT1_ADGRL1","FLRT1","ADGRL1","1","1","1","1","Cell-Cell Contact","","CellChat"
"FLRT2_ADGRL1","FLRT2","ADGRL1","1","1","1","1","Cell-Cell Contact","","CellChat"
"FLRT3_ADGRL1","FLRT3","ADGRL1","1","1","1","1","Cell-Cell Contact","","CellChat"
"NRXN1_ADGRL1","NRXN1","ADGRL1","1","1","1","1","Cell-Cell Contact","","CellChat"
"NRXN2_ADGRL1","NRXN2","ADGRL1","1","1","1","1","Cell-Cell Contact","","CellChat"
"NRXN3_ADGRL1","NRXN3","ADGRL1","1","1","1","1","Cell-Cell Contact","","CellChat"
"TENM1_ADGRL1","TENM1","ADGRL1","1","1","1","1","Cell-Cell Contact","","CellChat"
"TENM2_ADGRL1","TENM2","ADGRL1","1","1","1","1","Cell-Cell Contact","","CellChat"
"TENM3_ADGRL1","TENM3","ADGRL1","1","1","1","1","Cell-Cell Contact","","CellChat"
"TENM4_ADGRL1","TENM4","ADGRL1","1","1","1","1","Cell-Cell Contact","","CellChat"
"TENM2_FLRT1_ADGRL1","FLRT1;TENM2","ADGRL1","1;1","1","1","1","Cell-Cell Contact","","CellChat"
"TENM2_FLRT3_ADGRL1","FLRT3;TENM2","ADGRL1","1;1","1","1","1","Cell-Cell Contact","","CellChat"
"TENM4_FLRT1_ADGRL1","FLRT1;TENM4","ADGRL1","1;1","1","1","1","Cell-Cell Contact","","CellChat"
"TENM4_FLRT3_ADGRL1","FLRT3;TENM4","ADGRL1","1;1","1","1","1","Cell-Cell Contact","","CellChat"
"FLRT1_ADGRL2","FLRT1","ADGRL2","1","1","1","1","Cell-Cell Contact","","CellChat"
"FLRT2_ADGRL2","FLRT2","ADGRL2","1","1","1","1","Cell-Cell Contact","","CellChat"
"FLRT3_ADGRL2","FLRT3","ADGRL2","1","1","1","1","Cell-Cell Contact","","CellChat"
"TENM1_ADGRL2","TENM1","ADGRL2","1","1","1","1","Cell-Cell Contact","","CellChat"
"TENM2_ADGRL2","TENM2","ADGRL2","1","1","1","1","Cell-Cell Contact","","CellChat"
"TENM3_ADGRL2","TENM3","ADGRL2","1","1","1","1","Cell-Cell Contact","","CellChat"
"TENM4_ADGRL2","TENM4","ADGRL2","1","1","1","1","Cell-Cell Contact","","CellChat"
"TENM2_FLRT3_ADGRL2","FLRT3;TENM2","ADGRL2","1;1","1","1","1","Cell-Cell Contact","","CellChat"
"FLRT1_ADGRL3","FLRT1","ADGRL3","1","1","1","1","Cell-Cell Contact","","CellChat"
"FLRT2_ADGRL3","FLRT2","ADGRL3","1","1","1","1","Cell-Cell Contact","","CellChat"
"FLRT3_ADGRL3","FLRT3","ADGRL3","1","1","1","1","Cell-Cell Contact","","CellChat"
"TENM1_ADGRL3","TENM1","ADGRL3","1","1","1","1","Cell-Cell Contact","","CellChat"
"TENM2_ADGRL3","TENM2","ADGRL3","1","1","1","1","Cell-Cell Contact","","CellChat"
"TENM3_ADGRL3","TENM3","ADGRL3","1","1","1","1","Cell-Cell Contact","","CellChat"
"TENM4_ADGRL3","TENM4","ADGRL3","1","1","1","1","Cell-Cell Contact","","CellChat"
"UNC5A_ADGRL3","UNC5A","ADGRL3","1","1","1","1","Cell-Cell Contact","","CellChat"
"TENM3_FLRT1_ADGRL3","FLRT1;TENM3","ADGRL3","1;1","1","1","1","Cell-Cell Contact","","CellChat"
"TENM3_FLRT3_ADGRL3","FLRT3;TENM3","ADGRL3","1;1","1","1","1","Cell-Cell Contact","","CellChat"
"FLRT1_FLRT1","FLRT1","FLRT1","1","1","1","1","Cell-Cell Contact","","CellChat"
"FLRT2_FLRT2","FLRT2","FLRT2","1","1","1","1","Cell-Cell Contact","","CellChat"
"FLRT3_FLRT3","FLRT3","FLRT3","1","1","1","1","Cell-Cell Contact","","CellChat"
"FLRT1_UNC5A","FLRT1","UNC5A","1","1","1","1","Cell-Cell Contact","","CellChat"
"FLRT2_UNC5A","FLRT2","UNC5A","1","1","1","1","Cell-Cell Contact","","CellChat"
"FLRT3_UNC5A","FLRT3","UNC5A","1","1","1","1","Cell-Cell Contact","","CellChat"
"FLRT1_UNC5B","FLRT1","UNC5B","1","1","1","1","Cell-Cell Contact","","CellChat"
"FLRT2_UNC5B","FLRT2","UNC5B","1","1","1","1","Cell-Cell Contact","","CellChat"
"FLRT3_UNC5B","FLRT3","UNC5B","1","1","1","1","Cell-Cell Contact","","CellChat"
"FLRT1_UNC5C","FLRT1","UNC5C","1","1","1","1","Cell-Cell Contact","","CellChat"
"FLRT2_UNC5C","FLRT2","UNC5C","1","1","1","1","Cell-Cell Contact","","CellChat"
"FLRT3_UNC5C","FLRT3","UNC5C","1","1","1","1","Cell-Cell Contact","","CellChat"
"FLRT1_UNC5D","FLRT1","UNC5D","1","1","1","1","Cell-Cell Contact","","CellChat"
"FLRT2_UNC5D","FLRT2","UNC5D","1","1","1","1","Cell-Cell Contact","","CellChat"
"FLRT3_UNC5D","FLRT3","UNC5D","1","1","1","1","Cell-Cell Contact","","CellChat"
"Adenosine-ADO-NT5E_SLC29A1_ADORA1","NT5E;SLC29A1","ADORA1","1;1","1","1","1","Non-protein Signaling","","CellChat"
"Adenosine-ADO-NT5E_SLC29A2_ADORA1","NT5E;SLC29A2","ADORA1","1;1","1","1","1","Non-protein Signaling","","CellChat"
"Adenosine-ADO-NT5E_SLC29A3_ADORA1","NT5E;SLC29A3","ADORA1","1;1","1","1","1","Non-protein Signaling","","CellChat"
"Adenosine-ADO-NT5E_SLC29A4_ADORA1","SLC29A4;NT5E","ADORA1","1;1","1","1","1","Non-protein Signaling","","CellChat"
"Adenosine-ADO-NT5E_SLC29A1_ADORA2A","NT5E;SLC29A1","ADORA2A","1;1","1","1","1","Non-protein Signaling","","CellChat"
"Adenosine-ADO-NT5E_SLC29A2_ADORA2A","NT5E;SLC29A2","ADORA2A","1;1","1","1","1","Non-protein Signaling","","CellChat"
"Adenosine-ADO-NT5E_SLC29A3_ADORA2A","NT5E;SLC29A3","ADORA2A","1;1","1","1","1","Non-protein Signaling","","CellChat"
"Adenosine-ADO-NT5E_SLC29A4_ADORA2A","SLC29A4;NT5E","ADORA2A","1;1","1","1","1","Non-protein Signaling","","CellChat"
"Adenosine-ADO-NT5E_SLC29A1_ADORA2B","NT5E;SLC29A1","ADORA2B","1;1","1","1","1","Non-protein Signaling","","CellChat"
"Adenosine-ADO-NT5E_SLC29A2_ADORA2B","NT5E;SLC29A2","ADORA2B","1;1","1","1","1","Non-protein Signaling","","CellChat"
"Adenosine-ADO-NT5E_SLC29A3_ADORA2B","NT5E;SLC29A3","ADORA2B","1;1","1","1","1","Non-protein Signaling","","CellChat"
"Adenosine-ADO-NT5E_SLC29A4_ADORA2B","SLC29A4;NT5E","ADORA2B","1;1","1","1","1","Non-protein Signaling","","CellChat"
"Adenosine-ADO-NT5E_SLC29A1_ADORA3","NT5E;SLC29A1","ADORA3","1;1","1","1","1","Non-protein Signaling","","CellChat"
"Adenosine-ADO-NT5E_SLC29A2_ADORA3","NT5E;SLC29A2","ADORA3","1;1","1","1","1","Non-protein Signaling","","CellChat"
"Adenosine-ADO-NT5E_SLC29A3_ADORA3","NT5E;SLC29A3","ADORA3","1;1","1","1","1","Non-protein Signaling","","CellChat"
"Adenosine-ADO-NT5E_SLC29A4_ADORA3","SLC29A4;NT5E","ADORA3","1;1","1","1","1","Non-protein Signaling","","CellChat"
"Adrenaline-ADR-PNMT_SLC18A1_ADRA1A","SLC18A1;PNMT","ADRA1A","1;1","1","1","1","Non-protein Signaling","","CellChat"
"Adrenaline-ADR-PNMT_SLC18A2_ADRA1A","SLC18A2;PNMT","ADRA1A","1;1","1","1","1","Non-protein Signaling","","CellChat"
"Noradrenaline-NE-DBH_SLC18A1_ADRA1A","SLC18A1;DBH","ADRA1A","1;1","1","1","1","Non-protein Signaling","secreted","CellChat"
"Noradrenaline-NE-DBH_SLC18A2_ADRA1A","SLC18A2;DBH","ADRA1A","1;1","1","1","1","Non-protein Signaling","secreted","CellChat"
"Noradrenaline-NE-DBH_SLC6A2_ADRA1A","DBH;SLC6A2","ADRA1A","1;1","1","1","1","Non-protein Signaling","secreted","CellChat"
"Adrenaline-ADR-PNMT_SLC18A1_ADRA1B","SLC18A1;PNMT","ADRA1B","1;1","1","1","1","Non-protein Signaling","","CellChat"
"Adrenaline-ADR-PNMT_SLC18A2_ADRA1B","SLC18A2;PNMT","ADRA1B","1;1","1","1","1","Non-protein Signaling","","CellChat"
"Noradrenaline-NE-DBH_SLC18A1_ADRA1B","SLC18A1;DBH","ADRA1B","1;1","1","1","1","Non-protein Signaling","secreted","CellChat"
"Noradrenaline-NE-DBH_SLC18A2_ADRA1B","SLC18A2;DBH","ADRA1B","1;1","1","1","1","Non-protein Signaling","secreted","CellChat"
"Noradrenaline-NE-DBH_SLC6A2_ADRA1B","DBH;SLC6A2","ADRA1B","1;1","1","1","1","Non-protein Signaling","secreted","CellChat"
"Adrenaline-ADR-PNMT_SLC18A1_ADRA1D","SLC18A1;PNMT","ADRA1D","1;1","1","1","1","Non-protein Signaling","","CellChat"
"Adrenaline-ADR-PNMT_SLC18A2_ADRA1D","SLC18A2;PNMT","ADRA1D","1;1","1","1","1","Non-protein Signaling","","CellChat"
"Noradrenaline-NE-DBH_SLC18A1_ADRA1D","SLC18A1;DBH","ADRA1D","1;1","1","1","1","Non-protein Signaling","secreted","CellChat"
"Noradrenaline-NE-DBH_SLC18A2_ADRA1D","SLC18A2;DBH","ADRA1D","1;1","1","1","1","Non-protein Signaling","secreted","CellChat"
"Noradrenaline-NE-DBH_SLC6A2_ADRA1D","DBH;SLC6A2","ADRA1D","1;1","1","1","1","Non-protein Signaling","secreted","CellChat"
"Adrenaline-ADR-PNMT_SLC18A1_ADRA2A","SLC18A1;PNMT","ADRA2A","1;1","1","1","1","Non-protein Signaling","","CellChat"
"Adrenaline-ADR-PNMT_SLC18A2_ADRA2A","SLC18A2;PNMT","ADRA2A","1;1","1","1","1","Non-protein Signaling","","CellChat"
"Noradrenaline-NE-DBH_SLC18A1_ADRA2A","SLC18A1;DBH","ADRA2A","1;1","1","1","1","Non-protein Signaling","secreted","CellChat"
"Noradrenaline-NE-DBH_SLC18A2_ADRA2A","SLC18A2;DBH","ADRA2A","1;1","1","1","1","Non-protein Signaling","secreted","CellChat"
"Noradrenaline-NE-DBH_SLC6A2_ADRA2A","DBH;SLC6A2","ADRA2A","1;1","1","1","1","Non-protein Signaling","secreted","CellChat"
"Adrenaline-ADR-PNMT_SLC18A1_ADRA2B","SLC18A1;PNMT","ADRA2B","1;1","1","1","1","Non-protein Signaling","","CellChat"
"Adrenaline-ADR-PNMT_SLC18A2_ADRA2B","SLC18A2;PNMT","ADRA2B","1;1","1","1","1","Non-protein Signaling","","CellChat"
"Noradrenaline-NE-DBH_SLC18A1_ADRA2B","SLC18A1;DBH","ADRA2B","1;1","1","1","1","Non-protein Signaling","secreted","CellChat"
"Noradrenaline-NE-DBH_SLC18A2_ADRA2B","SLC18A2;DBH","ADRA2B","1;1","1","1","1","Non-protein Signaling","secreted","CellChat"
"Noradrenaline-NE-DBH_SLC6A2_ADRA2B","DBH;SLC6A2","ADRA2B","1;1","1","1","1","Non-protein Signaling","secreted","CellChat"
"Adrenaline-ADR-PNMT_SLC18A1_ADRA2C","SLC18A1;PNMT","ADRA2C","1;1","1","1","1","Non-protein Signaling","","CellChat"
"Adrenaline-ADR-PNMT_SLC18A2_ADRA2C","SLC18A2;PNMT","ADRA2C","1;1","1","1","1","Non-protein Signaling","","CellChat"
"Noradrenaline-NE-DBH_SLC18A1_ADRA2C","SLC18A1;DBH","ADRA2C","1;1","1","1","1","Non-protein Signaling","secreted","CellChat"
"Noradrenaline-NE-DBH_SLC18A2_ADRA2C","SLC18A2;DBH","ADRA2C","1;1","1","1","1","Non-protein Signaling","secreted","CellChat"
"Noradrenaline-NE-DBH_SLC6A2_ADRA2C","DBH;SLC6A2","ADRA2C","1;1","1","1","1","Non-protein Signaling","secreted","CellChat"
"Adrenaline-ADR-PNMT_SLC18A1_ADRB1","SLC18A1;PNMT","ADRB1","1;1","1","1","1","Non-protein Signaling","","CellChat"
"Adrenaline-ADR-PNMT_SLC18A2_ADRB1","SLC18A2;PNMT","ADRB1","1;1","1","1","1","Non-protein Signaling","","CellChat"
"Noradrenaline-NE-DBH_SLC18A1_ADRB1","SLC18A1;DBH","ADRB1","1;1","1","1","1","Non-protein Signaling","secreted","CellChat"
"Noradrenaline-NE-DBH_SLC18A2_ADRB1","SLC18A2;DBH","ADRB1","1;1","1","1","1","Non-protein Signaling","secreted","CellChat"
"Noradrenaline-NE-DBH_SLC6A2_ADRB1","DBH;SLC6A2","ADRB1","1;1","1","1","1","Non-protein Signaling","secreted","CellChat"
"Adrenaline-ADR-PNMT_SLC18A1_ADRB2","SLC18A1;PNMT","ADRB2","1;1","1","1","1","Non-protein Signaling","","CellChat"
"Adrenaline-ADR-PNMT_SLC18A2_ADRB2","SLC18A2;PNMT","ADRB2","1;1","1","1","1","Non-protein Signaling","","CellChat"
"Noradrenaline-NE-DBH_SLC18A1_ADRB2","SLC18A1;DBH","ADRB2","1;1","1","1","1","Non-protein Signaling","secreted","CellChat"
"Noradrenaline-NE-DBH_SLC18A2_ADRB2","SLC18A2;DBH","ADRB2","1;1","1","1","1","Non-protein Signaling","secreted","CellChat"
"Noradrenaline-NE-DBH_SLC6A2_ADRB2","DBH;SLC6A2","ADRB2","1;1","1","1","1","Non-protein Signaling","secreted","CellChat"
"Adrenaline-ADR-PNMT_SLC18A1_ADRB3","SLC18A1;PNMT","ADRB3","1;1","1","1","1","Non-protein Signaling","","CellChat"
"Adrenaline-ADR-PNMT_SLC18A2_ADRB3","SLC18A2;PNMT","ADRB3","1;1","1","1","1","Non-protein Signaling","","CellChat"
"Noradrenaline-NE-DBH_SLC18A1_ADRB3","SLC18A1;DBH","ADRB3","1;1","1","1","1","Non-protein Signaling","secreted","CellChat"
"Noradrenaline-NE-DBH_SLC18A2_ADRB3","SLC18A2;DBH","ADRB3","1;1","1","1","1","Non-protein Signaling","secreted","CellChat"
"Noradrenaline-NE-DBH_SLC6A2_ADRB3","DBH;SLC6A2","ADRB3","1;1","1","1","1","Non-protein Signaling","secreted","CellChat"
"AGT_AGTR2","AGT","AGTR2","1","1","1","1","Secreted Signaling","secreted","CellChat"
"Acetylcholine-Ach-CHAT_SLC10A4_CHRM1","SLC10A4;CHAT","CHRM1","1;1","1","1","1","Non-protein Signaling","","CellChat"
"Acetylcholine-Ach-CHAT_SLC5A7_CHRM1","SLC5A7;CHAT","CHRM1","1;1","1","1","1","Non-protein Signaling","","CellChat"
"Acetylcholine-Ach-CHAT_SLC10A4_CHRM2","SLC10A4;CHAT","CHRM2","1;1","1","1","1","Non-protein Signaling","","CellChat"
"Acetylcholine-Ach-CHAT_SLC5A7_CHRM2","SLC5A7;CHAT","CHRM2","1;1","1","1","1","Non-protein Signaling","","CellChat"
"Acetylcholine-Ach-CHAT_SLC10A4_CHRM3","SLC10A4;CHAT","CHRM3","1;1","1","1","1","Non-protein Signaling","","CellChat"
"Acetylcholine-Ach-CHAT_SLC5A7_CHRM3","SLC5A7;CHAT","CHRM3","1;1","1","1","1","Non-protein Signaling","","CellChat"
"Acetylcholine-Ach-CHAT_SLC10A4_CHRM4","SLC10A4;CHAT","CHRM4","1;1","1","1","1","Non-protein Signaling","","CellChat"
"Acetylcholine-Ach-CHAT_SLC5A7_CHRM4","SLC5A7;CHAT","CHRM4","1;1","1","1","1","Non-protein Signaling","","CellChat"
"Acetylcholine-Ach-CHAT_SLC10A4_CHRM5","SLC10A4;CHAT","CHRM5","1;1","1","1","1","Non-protein Signaling","","CellChat"
"Acetylcholine-Ach-CHAT_SLC5A7_CHRM5","SLC5A7;CHAT","CHRM5","1;1","1","1","1","Non-protein Signaling","","CellChat"
"NRXN1_CLSTN1","NRXN1","CLSTN1","1","1","1","1","Cell-Cell Contact","","CellChat"
"NRXN2_CLSTN1","NRXN2","CLSTN1","1","1","1","1","Cell-Cell Contact","","CellChat"
"Q9HDB5_CLSTN1","NRXN3","CLSTN1","1","1","1","1","Cell-Cell Contact","","CellChat"
"NRXN1_CLSTN2","NRXN1","CLSTN2","1","1","1","1","Cell-Cell Contact","","CellChat"
"NRXN2_CLSTN2","NRXN2","CLSTN2","1","1","1","1","Cell-Cell Contact","","CellChat"
"Q9HDB5_CLSTN2","NRXN3","CLSTN2","1","1","1","1","Cell-Cell Contact","","CellChat"
"NRXN1_CLSTN3","NRXN1","CLSTN3","1","1","1","1","Cell-Cell Contact","","CellChat"
"NRXN2_CLSTN3","NRXN2","CLSTN3","1","1","1","1","Cell-Cell Contact","","CellChat"
"Q9HDB5_CLSTN3","NRXN3","CLSTN3","1","1","1","1","Cell-Cell Contact","","CellChat"
"LTC4-LTC4S_CYSLTR1","ALOX5AP;LTC4S;ALOX5","CYSLTR1","1;1;1","1","1","1","Non-protein Signaling","","CellChat"
"LTD4-GGT1_CYSLTR1","GGT5;GGT1","CYSLTR1","1;1","1","1","1","Non-protein Signaling","","CellChat"
"LTE4-DPEP1_CYSLTR1","DPEP1","CYSLTR1","1","1","1","1","Non-protein Signaling","","CellChat"
"LTE4-DPEP2_CYSLTR1","DPEP2","CYSLTR1","1","1","1","1","Non-protein Signaling","","CellChat"
"LTE4-DPEP3_CYSLTR1","DPEP3","CYSLTR1","1","1","1","1","Non-protein Signaling","","CellChat"
"LTC4-LTC4S_CYSLTR2","ALOX5AP;LTC4S;ALOX5","CYSLTR2","1;1;1","1","1","1","Non-protein Signaling","","CellChat"
"LTD4-GGT1_CYSLTR2","GGT5;GGT1","CYSLTR2","1;1","1","1","1","Non-protein Signaling","","CellChat"
"LTE4-DPEP1_CYSLTR2","DPEP1","CYSLTR2","1","1","1","1","Non-protein Signaling","","CellChat"
"LTE4-DPEP2_CYSLTR2","DPEP2","CYSLTR2","1","1","1","1","Non-protein Signaling","","CellChat"
"LTE4-DPEP3_CYSLTR2","DPEP3","CYSLTR2","1","1","1","1","Non-protein Signaling","","CellChat"
"NRXN1_DAG1","NRXN1","DAG1","1","1","1","1","Cell-Cell Contact","","CellChat"
"NRXN2_DAG1","NRXN2","DAG1","1","1","1","1","Cell-Cell Contact","","CellChat"
"Dopamine-DOPA-DDC_SLC18A1_DRD1","SLC18A1;DDC","DRD1","1;1","1","1","1","Non-protein Signaling","","CellChat"
"Dopamine-DOPA-DDC_SLC18A2_DRD1","SLC18A2;DDC","DRD1","1;1","1","1","1","Non-protein Signaling","","CellChat"
"Dopamine-DOPA-DDC_SLC6A3_DRD1","SLC6A3;DDC","DRD1","1;1","1","1","1","Non-protein Signaling","","CellChat"
"Dopamine-DOPA-DDC_SLC18A1_DRD2","SLC18A1;DDC","DRD2","1;1","1","1","1","Non-protein Signaling","","CellChat"
"Dopamine-DOPA-DDC_SLC18A2_DRD2","SLC18A2;DDC","DRD2","1;1","1","1","1","Non-protein Signaling","","CellChat"
"Dopamine-DOPA-DDC_SLC6A3_DRD2","SLC6A3;DDC","DRD2","1;1","1","1","1","Non-protein Signaling","","CellChat"
"Dopamine-DOPA-DDC_SLC18A1_DRD3","SLC18A1;DDC","DRD3","1;1","1","1","1","Non-protein Signaling","","CellChat"
"Dopamine-DOPA-DDC_SLC18A2_DRD3","SLC18A2;DDC","DRD3","1;1","1","1","1","Non-protein Signaling","","CellChat"
"Dopamine-DOPA-DDC_SLC6A3_DRD3","SLC6A3;DDC","DRD3","1;1","1","1","1","Non-protein Signaling","","CellChat"
"Dopamine-DOPA-DDC_SLC18A1_DRD4","SLC18A1;DDC","DRD4","1;1","1","1","1","Non-protein Signaling","","CellChat"
"Dopamine-DOPA-DDC_SLC18A2_DRD4","SLC18A2;DDC","DRD4","1;1","1","1","1","Non-protein Signaling","","CellChat"
"Dopamine-DOPA-DDC_SLC6A3_DRD4","SLC6A3;DDC","DRD4","1;1","1","1","1","Non-protein Signaling","","CellChat"
"Dopamine-DOPA-DDC_SLC18A1_DRD5","SLC18A1;DDC","DRD5","1;1","1","1","1","Non-protein Signaling","","CellChat"
"Dopamine-DOPA-DDC_SLC18A2_DRD5","SLC18A2;DDC","DRD5","1;1","1","1","1","Non-protein Signaling","","CellChat"
"Dopamine-DOPA-DDC_SLC6A3_DRD5","SLC6A3;DDC","DRD5","1;1","1","1","1","Non-protein Signaling","","CellChat"
"TAFA4_FPR1","TAFA4","FPR1","1","1","1","1","Secreted Signaling","secreted","CellChat"
"CTSG_FPR1","CTSG","FPR1","1","1","1","1","Secreted Signaling","secreted","CellChat"
"LipoxinA4-ALOX12_FPR-RS7","ALOX12","FPR2","1","1","1","1","Non-protein Signaling","","CellChat"
"LipoxinA4-ALOX5_FPR-RS7","ALOX5AP;LTC4S;ALOX5","FPR2","1;1;1","1","1","1","Non-protein Signaling","","CellChat"
"MT-RNR2_FPRL1","MT-RNR2","FPR2","1","1","1","1","Secreted Signaling","","CellChat"
"ANXA1_FPR3","ANXA1","FPR3","1","1","1","1","Secreted Signaling","secreted","CellChat"
"MT-RNR2_FPRL2","MT-RNR2","FPR3","1","1","1","1","Secreted Signaling","","CellChat"
"GABA-B-GAD1_SLC32A1_GABBR1","SLC32A1;GAD1","GABBR1","1;1","1","1","1","Non-protein Signaling","","CellChat"
"GABA-B-GAD1_SLC6A1_GABBR1","GAD1;SLC6A1","GABBR1","1;1","1","1","1","Non-protein Signaling","","CellChat"
"GABA-B-GAD1_SLC6A11_GABBR1","GAD1;SLC6A11","GABBR1","1;1","1","1","1","Non-protein Signaling","","CellChat"
"GABA-B-GAD1_SLC6A12_GABBR1","SLC6A12;GAD1","GABBR1","1;1","1","1","1","Non-protein Signaling","","CellChat"
"GABA-B-GAD1_SLC6A13_GABBR1","GAD1;SLC6A13","GABBR1","1;1","1","1","1","Non-protein Signaling","","CellChat"
"GABA-B-GAD1_SLC6A6_GABBR1","GAD1;SLC6A6","GABBR1","1;1","1","1","1","Non-protein Signaling","","CellChat"
"GABA-B-GAD1_SLC6A8_GABBR1","GAD1;SLC6A8","GABBR1","1;1","1","1","1","Non-protein Signaling","","CellChat"
"GABA-B-GAD2_SLC32A1_GABBR1","SLC32A1;GAD2","GABBR1","1;1","1","1","1","Non-protein Signaling","","CellChat"
"GABA-B-GAD2_SLC6A1_GABBR1","GAD2;SLC6A1","GABBR1","1;1","1","1","1","Non-protein Signaling","","CellChat"
"GABA-B-GAD2_SLC6A11_GABBR1","GAD2;SLC6A11","GABBR1","1;1","1","1","1","Non-protein Signaling","","CellChat"
"GABA-B-GAD2_SLC6A12_GABBR1","SLC6A12;GAD2","GABBR1","1;1","1","1","1","Non-protein Signaling","","CellChat"
"GABA-B-GAD2_SLC6A13_GABBR1","GAD2;SLC6A13","GABBR1","1;1","1","1","1","Non-protein Signaling","","CellChat"
"GABA-B-GAD2_SLC6A6_GABBR1","GAD2;SLC6A6","GABBR1","1;1","1","1","1","Non-protein Signaling","","CellChat"
"GABA-B-GAD2_SLC6A8_GABBR1","GAD2;SLC6A8","GABBR1","1;1","1","1","1","Non-protein Signaling","","CellChat"
"GABA-B-GAD1_SLC32A1_GABBR2","SLC32A1;GAD1","GABBR2","1;1","1","1","1","Non-protein Signaling","","CellChat"
"GABA-B-GAD1_SLC6A1_GABBR2","GAD1;SLC6A1","GABBR2","1;1","1","1","1","Non-protein Signaling","","CellChat"
"GABA-B-GAD1_SLC6A11_GABBR2","GAD1;SLC6A11","GABBR2","1;1","1","1","1","Non-protein Signaling","","CellChat"
"GABA-B-GAD1_SLC6A12_GABBR2","SLC6A12;GAD1","GABBR2","1;1","1","1","1","Non-protein Signaling","","CellChat"
"GABA-B-GAD1_SLC6A13_GABBR2","GAD1;SLC6A13","GABBR2","1;1","1","1","1","Non-protein Signaling","","CellChat"
"GABA-B-GAD1_SLC6A6_GABBR2","GAD1;SLC6A6","GABBR2","1;1","1","1","1","Non-protein Signaling","","CellChat"
"GABA-B-GAD1_SLC6A8_GABBR2","GAD1;SLC6A8","GABBR2","1;1","1","1","1","Non-protein Signaling","","CellChat"
"GABA-B-GAD2_SLC32A1_GABBR2","SLC32A1;GAD2","GABBR2","1;1","1","1","1","Non-protein Signaling","","CellChat"
"GABA-B-GAD2_SLC6A1_GABBR2","GAD2;SLC6A1","GABBR2","1;1","1","1","1","Non-protein Signaling","","CellChat"
"GABA-B-GAD2_SLC6A11_GABBR2","GAD2;SLC6A11","GABBR2","1;1","1","1","1","Non-protein Signaling","","CellChat"
"GABA-B-GAD2_SLC6A12_GABBR2","SLC6A12;GAD2","GABBR2","1;1","1","1","1","Non-protein Signaling","","CellChat"
"GABA-B-GAD2_SLC6A13_GABBR2","GAD2;SLC6A13","GABBR2","1;1","1","1","1","Non-protein Signaling","","CellChat"
"GABA-B-GAD2_SLC6A6_GABBR2","GAD2;SLC6A6","GABBR2","1;1","1","1","1","Non-protein Signaling","","CellChat"
"GABA-B-GAD2_SLC6A8_GABBR2","GAD2;SLC6A8","GABBR2","1;1","1","1","1","Non-protein Signaling","","CellChat"
"GALP_GALR3","GALP","GALR3","1","1","1","1","Secreted Signaling","hormone","CellChat"
"Glutamate-Glu-SLC17A6_GLS_GRIA1","SLC17A6;GLS","GRIA1","1;1","1","1","1","Non-protein Signaling","","CellChat"
"Glutamate-Glu-SLC17A7_GLS_GRIA1","SLC17A7;GLS","GRIA1","1;1","1","1","1","Non-protein Signaling","","CellChat"
"Glutamate-Glu-SLC17A8_GLS_GRIA1","SLC17A8;GLS","GRIA1","1;1","1","1","1","Non-protein Signaling","","CellChat"
"Glutamate-Glu-SLC1A1_GLS_GRIA1","GLS;SLC1A1","GRIA1","1;1","1","1","1","Non-protein Signaling","","CellChat"
"Glutamate-Glu-SLC1A2_GLS_GRIA1","GLS;SLC1A2","GRIA1","1;1","1","1","1","Non-protein Signaling","","CellChat"
"Glutamate-Glu-SLC1A3_GLS_GRIA1","GLS;SLC1A3","GRIA1","1;1","1","1","1","Non-protein Signaling","","CellChat"
"Glutamate-Glu-SLC1A6_GLS_GRIA1","SLC1A6;GLS","GRIA1","1;1","1","1","1","Non-protein Signaling","","CellChat"
"Glutamate-Glu-SLC1A7_GLS_GRIA1","GLS;SLC1A7","GRIA1","1;1","1","1","1","Non-protein Signaling","","CellChat"
"Glutamate-Glu-SLC17A6_GLS2_GRIA1","SLC17A6;GLS2","GRIA1","1;1","1","1","1","Non-protein Signaling","","CellChat"
"Glutamate-Glu-SLC17A7_GLS2_GRIA1","SLC17A7;GLS2","GRIA1","1;1","1","1","1","Non-protein Signaling","","CellChat"
"Glutamate-Glu-SLC17A8_GLS2_GRIA1","SLC17A8;GLS2","GRIA1","1;1","1","1","1","Non-protein Signaling","","CellChat"
"Glutamate-Glu-SLC1A1_GLS2_GRIA1","GLS2;SLC1A1","GRIA1","1;1","1","1","1","Non-protein Signaling","","CellChat"
"Glutamate-Glu-SLC1A2_GLS2_GRIA1","GLS2;SLC1A2","GRIA1","1;1","1","1","1","Non-protein Signaling","","CellChat"
"Glutamate-Glu-SLC1A3_GLS2_GRIA1","GLS2;SLC1A3","GRIA1","1;1","1","1","1","Non-protein Signaling","","CellChat"
"Glutamate-Glu-SLC1A6_GLS2_GRIA1","SLC1A6;GLS2","GRIA1","1;1","1","1","1","Non-protein Signaling","","CellChat"
"Glutamate-Glu-SLC1A7_GLS2_GRIA1","GLS2;SLC1A7","GRIA1","1;1","1","1","1","Non-protein Signaling","","CellChat"
"Glutamate-Glu-SLC17A6_GLS_GRIA2","SLC17A6;GLS","GRIA2","1;1","1","1","1","Non-protein Signaling","","CellChat"
"Glutamate-Glu-SLC17A7_GLS_GRIA2","SLC17A7;GLS","GRIA2","1;1","1","1","1","Non-protein Signaling","","CellChat"
"Glutamate-Glu-SLC17A8_GLS_GRIA2","SLC17A8;GLS","GRIA2","1;1","1","1","1","Non-protein Signaling","","CellChat"
"Glutamate-Glu-SLC1A1_GLS_GRIA2","GLS;SLC1A1","GRIA2","1;1","1","1","1","Non-protein Signaling","","CellChat"
"Glutamate-Glu-SLC1A2_GLS_GRIA2","GLS;SLC1A2","GRIA2","1;1","1","1","1","Non-protein Signaling","","CellChat"
"Glutamate-Glu-SLC1A3_GLS_GRIA2","GLS;SLC1A3","GRIA2","1;1","1","1","1","Non-protein Signaling","","CellChat"
"Glutamate-Glu-SLC1A6_GLS_GRIA2","SLC1A6;GLS","GRIA2","1;1","1","1","1","Non-protein Signaling","","CellChat"
"Glutamate-Glu-SLC1A7_GLS_GRIA2","GLS;SLC1A7","GRIA2","1;1","1","1","1","Non-protein Signaling","","CellChat"
"Glutamate-Glu-SLC17A6_GLS2_GRIA2","SLC17A6;GLS2","GRIA2","1;1","1","1","1","Non-protein Signaling","","CellChat"
"Glutamate-Glu-SLC17A7_GLS2_GRIA2","SLC17A7;GLS2","GRIA2","1;1","1","1","1","Non-protein Signaling","","CellChat"
"Glutamate-Glu-SLC17A8_GLS2_GRIA2","SLC17A8;GLS2","GRIA2","1;1","1","1","1","Non-protein Signaling","","CellChat"
"Glutamate-Glu-SLC1A1_GLS2_GRIA2","GLS2;SLC1A1","GRIA2","1;1","1","1","1","Non-protein Signaling","","CellChat"
"Glutamate-Glu-SLC1A2_GLS2_GRIA2","GLS2;SLC1A2","GRIA2","1;1","1","1","1","Non-protein Signaling","","CellChat"
"Glutamate-Glu-SLC1A3_GLS2_GRIA2","GLS2;SLC1A3","GRIA2","1;1","1","1","1","Non-protein Signaling","","CellChat"
"Glutamate-Glu-SLC1A6_GLS2_GRIA2","SLC1A6;GLS2","GRIA2","1;1","1","1","1","Non-protein Signaling","","CellChat"
"Glutamate-Glu-SLC1A7_GLS2_GRIA2","GLS2;SLC1A7","GRIA2","1;1","1","1","1","Non-protein Signaling","","CellChat"
"Glutamate-Glu-SLC17A6_GLS_GRIA3","SLC17A6;GLS","GRIA3","1;1","1","1","1","Non-protein Signaling","","CellChat"
"Glutamate-Glu-SLC17A7_GLS_GRIA3","SLC17A7;GLS","GRIA3","1;1","1","1","1","Non-protein Signaling","","CellChat"
"Glutamate-Glu-SLC17A8_GLS_GRIA3","SLC17A8;GLS","GRIA3","1;1","1","1","1","Non-protein Signaling","","CellChat"
"Glutamate-Glu-SLC1A1_GLS_GRIA3","GLS;SLC1A1","GRIA3","1;1","1","1","1","Non-protein Signaling","","CellChat"
"Glutamate-Glu-SLC1A2_GLS_GRIA3","GLS;SLC1A2","GRIA3","1;1","1","1","1","Non-protein Signaling","","CellChat"
"Glutamate-Glu-SLC1A3_GLS_GRIA3","GLS;SLC1A3","GRIA3","1;1","1","1","1","Non-protein Signaling","","CellChat"
"Glutamate-Glu-SLC1A6_GLS_GRIA3","SLC1A6;GLS","GRIA3","1;1","1","1","1","Non-protein Signaling","","CellChat"
"Glutamate-Glu-SLC1A7_GLS_GRIA3","GLS;SLC1A7","GRIA3","1;1","1","1","1","Non-protein Signaling","","CellChat"
"Glutamate-Glu-SLC17A6_GLS2_GRIA3","SLC17A6;GLS2","GRIA3","1;1","1","1","1","Non-protein Signaling","","CellChat"
"Glutamate-Glu-SLC17A7_GLS2_GRIA3","SLC17A7;GLS2","GRIA3","1;1","1","1","1","Non-protein Signaling","","CellChat"
"Glutamate-Glu-SLC17A8_GLS2_GRIA3","SLC17A8;GLS2","GRIA3","1;1","1","1","1","Non-protein Signaling","","CellChat"
"Glutamate-Glu-SLC1A1_GLS2_GRIA3","GLS2;SLC1A1","GRIA3","1;1","1","1","1","Non-protein Signaling","","CellChat"
"Glutamate-Glu-SLC1A2_GLS2_GRIA3","GLS2;SLC1A2","GRIA3","1;1","1","1","1","Non-protein Signaling","","CellChat"
"Glutamate-Glu-SLC1A3_GLS2_GRIA3","GLS2;SLC1A3","GRIA3","1;1","1","1","1","Non-protein Signaling","","CellChat"
"Glutamate-Glu-SLC1A6_GLS2_GRIA3","SLC1A6;GLS2","GRIA3","1;1","1","1","1","Non-protein Signaling","","CellChat"
"Glutamate-Glu-SLC1A7_GLS2_GRIA3","GLS2;SLC1A7","GRIA3","1;1","1","1","1","Non-protein Signaling","","CellChat"
"Glutamate-Glu-SLC17A6_GLS_GRIA4","SLC17A6;GLS","GRIA4","1;1","1","1","1","Non-protein Signaling","","CellChat"
"Glutamate-Glu-SLC17A7_GLS_GRIA4","SLC17A7;GLS","GRIA4","1;1","1","1","1","Non-protein Signaling","","CellChat"
"Glutamate-Glu-SLC17A8_GLS_GRIA4","SLC17A8;GLS","GRIA4","1;1","1","1","1","Non-protein Signaling","","CellChat"
"Glutamate-Glu-SLC1A1_GLS_GRIA4","GLS;SLC1A1","GRIA4","1;1","1","1","1","Non-protein Signaling","","CellChat"
"Glutamate-Glu-SLC1A2_GLS_GRIA4","GLS;SLC1A2","GRIA4","1;1","1","1","1","Non-protein Signaling","","CellChat"
"Glutamate-Glu-SLC1A3_GLS_GRIA4","GLS;SLC1A3","GRIA4","1;1","1","1","1","Non-protein Signaling","","CellChat"
"Glutamate-Glu-SLC1A6_GLS_GRIA4","SLC1A6;GLS","GRIA4","1;1","1","1","1","Non-protein Signaling","","CellChat"
"Glutamate-Glu-SLC1A7_GLS_GRIA4","GLS;SLC1A7","GRIA4","1;1","1","1","1","Non-protein Signaling","","CellChat"
"Glutamate-Glu-SLC17A6_GLS2_GRIA4","SLC17A6;GLS2","GRIA4","1;1","1","1","1","Non-protein Signaling","","CellChat"
"Glutamate-Glu-SLC17A7_GLS2_GRIA4","SLC17A7;GLS2","GRIA4","1;1","1","1","1","Non-protein Signaling","","CellChat"
"Glutamate-Glu-SLC17A8_GLS2_GRIA4","SLC17A8;GLS2","GRIA4","1;1","1","1","1","Non-protein Signaling","","CellChat"
"Glutamate-Glu-SLC1A1_GLS2_GRIA4","GLS2;SLC1A1","GRIA4","1;1","1","1","1","Non-protein Signaling","","CellChat"
"Glutamate-Glu-SLC1A2_GLS2_GRIA4","GLS2;SLC1A2","GRIA4","1;1","1","1","1","Non-protein Signaling","","CellChat"
"Glutamate-Glu-SLC1A3_GLS2_GRIA4","GLS2;SLC1A3","GRIA4","1;1","1","1","1","Non-protein Signaling","","CellChat"
"Glutamate-Glu-SLC1A6_GLS2_GRIA4","SLC1A6;GLS2","GRIA4","1;1","1","1","1","Non-protein Signaling","","CellChat"
"Glutamate-Glu-SLC1A7_GLS2_GRIA4","GLS2;SLC1A7","GRIA4","1;1","1","1","1","Non-protein Signaling","","CellChat"
"Glutamate-Glu-NRXN1_CBLN1_GRID2","NRXN1;CBLN1","GRID2","1;1","1","1","1","Non-protein Signaling","secreted","CellChat"
"Glutamate-Glu-SLC17A6_GLS_GRIK1","SLC17A6;GLS","GRIK1","1;1","1","1","1","Non-protein Signaling","","CellChat"
"Glutamate-Glu-SLC17A7_GLS_GRIK1","SLC17A7;GLS","GRIK1","1;1","1","1","1","Non-protein Signaling","","CellChat"
"Glutamate-Glu-SLC17A8_GLS_GRIK1","SLC17A8;GLS","GRIK1","1;1","1","1","1","Non-protein Signaling","","CellChat"
"Glutamate-Glu-SLC1A1_GLS_GRIK1","GLS;SLC1A1","GRIK1","1;1","1","1","1","Non-protein Signaling","","CellChat"
"Glutamate-Glu-SLC1A2_GLS_GRIK1","GLS;SLC1A2","GRIK1","1;1","1","1","1","Non-protein Signaling","","CellChat"
"Glutamate-Glu-SLC1A3_GLS_GRIK1","GLS;SLC1A3","GRIK1","1;1","1","1","1","Non-protein Signaling","","CellChat"
"Glutamate-Glu-SLC1A6_GLS_GRIK1","SLC1A6;GLS","GRIK1","1;1","1","1","1","Non-protein Signaling","","CellChat"
"Glutamate-Glu-SLC1A7_GLS_GRIK1","GLS;SLC1A7","GRIK1","1;1","1","1","1","Non-protein Signaling","","CellChat"
"Glutamate-Glu-SLC17A6_GLS2_GRIK1","SLC17A6;GLS2","GRIK1","1;1","1","1","1","Non-protein Signaling","","CellChat"
"Glutamate-Glu-SLC17A7_GLS2_GRIK1","SLC17A7;GLS2","GRIK1","1;1","1","1","1","Non-protein Signaling","","CellChat"
"Glutamate-Glu-SLC17A8_GLS2_GRIK1","SLC17A8;GLS2","GRIK1","1;1","1","1","1","Non-protein Signaling","","CellChat"
"Glutamate-Glu-SLC1A1_GLS2_GRIK1","GLS2;SLC1A1","GRIK1","1;1","1","1","1","Non-protein Signaling","","CellChat"
"Glutamate-Glu-SLC1A2_GLS2_GRIK1","GLS2;SLC1A2","GRIK1","1;1","1","1","1","Non-protein Signaling","","CellChat"
"Glutamate-Glu-SLC1A3_GLS2_GRIK1","GLS2;SLC1A3","GRIK1","1;1","1","1","1","Non-protein Signaling","","CellChat"
"Glutamate-Glu-SLC1A6_GLS2_GRIK1","SLC1A6;GLS2","GRIK1","1;1","1","1","1","Non-protein Signaling","","CellChat"
"Glutamate-Glu-SLC1A7_GLS2_GRIK1","GLS2;SLC1A7","GRIK1","1;1","1","1","1","Non-protein Signaling","","CellChat"
"Glutamate-Glu-SLC17A6_GLS_GRIK2","SLC17A6;GLS","GRIK2","1;1","1","1","1","Non-protein Signaling","","CellChat"
"Glutamate-Glu-SLC17A7_GLS_GRIK2","SLC17A7;GLS","GRIK2","1;1","1","1","1","Non-protein Signaling","","CellChat"
"Glutamate-Glu-SLC17A8_GLS_GRIK2","SLC17A8;GLS","GRIK2","1;1","1","1","1","Non-protein Signaling","","CellChat"
"Glutamate-Glu-SLC1A1_GLS_GRIK2","GLS;SLC1A1","GRIK2","1;1","1","1","1","Non-protein Signaling","","CellChat"
"Glutamate-Glu-SLC1A2_GLS_GRIK2","GLS;SLC1A2","GRIK2","1;1","1","1","1","Non-protein Signaling","","CellChat"
"Glutamate-Glu-SLC1A3_GLS_GRIK2","GLS;SLC1A3","GRIK2","1;1","1","1","1","Non-protein Signaling","","CellChat"
"Glutamate-Glu-SLC1A6_GLS_GRIK2","SLC1A6;GLS","GRIK2","1;1","1","1","1","Non-protein Signaling","","CellChat"
"Glutamate-Glu-SLC1A7_GLS_GRIK2","GLS;SLC1A7","GRIK2","1;1","1","1","1","Non-protein Signaling","","CellChat"
"Glutamate-Glu-SLC17A6_GLS2_GRIK2","SLC17A6;GLS2","GRIK2","1;1","1","1","1","Non-protein Signaling","","CellChat"
"Glutamate-Glu-SLC17A7_GLS2_GRIK2","SLC17A7;GLS2","GRIK2","1;1","1","1","1","Non-protein Signaling","","CellChat"
"Glutamate-Glu-SLC17A8_GLS2_GRIK2","SLC17A8;GLS2","GRIK2","1;1","1","1","1","Non-protein Signaling","","CellChat"
"Glutamate-Glu-SLC1A1_GLS2_GRIK2","GLS2;SLC1A1","GRIK2","1;1","1","1","1","Non-protein Signaling","","CellChat"
"Glutamate-Glu-SLC1A2_GLS2_GRIK2","GLS2;SLC1A2","GRIK2","1;1","1","1","1","Non-protein Signaling","","CellChat"
"Glutamate-Glu-SLC1A3_GLS2_GRIK2","GLS2;SLC1A3","GRIK2","1;1","1","1","1","Non-protein Signaling","","CellChat"
"Glutamate-Glu-SLC1A6_GLS2_GRIK2","SLC1A6;GLS2","GRIK2","1;1","1","1","1","Non-protein Signaling","","CellChat"
"Glutamate-Glu-SLC1A7_GLS2_GRIK2","GLS2;SLC1A7","GRIK2","1;1","1","1","1","Non-protein Signaling","","CellChat"
"Glutamate-Glu-SLC17A6_GLS_GRIK3","SLC17A6;GLS","GRIK3","1;1","1","1","1","Non-protein Signaling","","CellChat"
"Glutamate-Glu-SLC17A7_GLS_GRIK3","SLC17A7;GLS","GRIK3","1;1","1","1","1","Non-protein Signaling","","CellChat"
"Glutamate-Glu-SLC17A8_GLS_GRIK3","SLC17A8;GLS","GRIK3","1;1","1","1","1","Non-protein Signaling","","CellChat"
"Glutamate-Glu-SLC1A1_GLS_GRIK3","GLS;SLC1A1","GRIK3","1;1","1","1","1","Non-protein Signaling","","CellChat"
"Glutamate-Glu-SLC1A2_GLS_GRIK3","GLS;SLC1A2","GRIK3","1;1","1","1","1","Non-protein Signaling","","CellChat"
"Glutamate-Glu-SLC1A3_GLS_GRIK3","GLS;SLC1A3","GRIK3","1;1","1","1","1","Non-protein Signaling","","CellChat"
"Glutamate-Glu-SLC1A6_GLS_GRIK3","SLC1A6;GLS","GRIK3","1;1","1","1","1","Non-protein Signaling","","CellChat"
"Glutamate-Glu-SLC1A7_GLS_GRIK3","GLS;SLC1A7","GRIK3","1;1","1","1","1","Non-protein Signaling","","CellChat"
"Glutamate-Glu-SLC17A6_GLS2_GRIK3","SLC17A6;GLS2","GRIK3","1;1","1","1","1","Non-protein Signaling","","CellChat"
"Glutamate-Glu-SLC17A7_GLS2_GRIK3","SLC17A7;GLS2","GRIK3","1;1","1","1","1","Non-protein Signaling","","CellChat"
"Glutamate-Glu-SLC17A8_GLS2_GRIK3","SLC17A8;GLS2","GRIK3","1;1","1","1","1","Non-protein Signaling","","CellChat"
"Glutamate-Glu-SLC1A1_GLS2_GRIK3","GLS2;SLC1A1","GRIK3","1;1","1","1","1","Non-protein Signaling","","CellChat"
"Glutamate-Glu-SLC1A2_GLS2_GRIK3","GLS2;SLC1A2","GRIK3","1;1","1","1","1","Non-protein Signaling","","CellChat"
"Glutamate-Glu-SLC1A3_GLS2_GRIK3","GLS2;SLC1A3","GRIK3","1;1","1","1","1","Non-protein Signaling","","CellChat"
"Glutamate-Glu-SLC1A6_GLS2_GRIK3","SLC1A6;GLS2","GRIK3","1;1","1","1","1","Non-protein Signaling","","CellChat"
"Glutamate-Glu-SLC1A7_GLS2_GRIK3","GLS2;SLC1A7","GRIK3","1;1","1","1","1","Non-protein Signaling","","CellChat"
"Glutamate-Glu-SLC17A6_GLS_GRM1","SLC17A6;GLS","GRM1","1;1","1","1","1","Non-protein Signaling","","CellChat"
"Glutamate-Glu-SLC17A7_GLS_GRM1","SLC17A7;GLS","GRM1","1;1","1","1","1","Non-protein Signaling","","CellChat"
"Glutamate-Glu-SLC17A8_GLS_GRM1","SLC17A8;GLS","GRM1","1;1","1","1","1","Non-protein Signaling","","CellChat"
"Glutamate-Glu-SLC1A1_GLS_GRM1","GLS;SLC1A1","GRM1","1;1","1","1","1","Non-protein Signaling","","CellChat"
"Glutamate-Glu-SLC1A2_GLS_GRM1","GLS;SLC1A2","GRM1","1;1","1","1","1","Non-protein Signaling","","CellChat"
"Glutamate-Glu-SLC1A3_GLS_GRM1","GLS;SLC1A3","GRM1","1;1","1","1","1","Non-protein Signaling","","CellChat"
"Glutamate-Glu-SLC1A6_GLS_GRM1","SLC1A6;GLS","GRM1","1;1","1","1","1","Non-protein Signaling","","CellChat"
"Glutamate-Glu-SLC1A7_GLS_GRM1","GLS;SLC1A7","GRM1","1;1","1","1","1","Non-protein Signaling","","CellChat"
"Glutamate-Glu-SLC17A6_GLS2_GRM1","SLC17A6;GLS2","GRM1","1;1","1","1","1","Non-protein Signaling","","CellChat"
"Glutamate-Glu-SLC17A7_GLS2_GRM1","SLC17A7;GLS2","GRM1","1;1","1","1","1","Non-protein Signaling","","CellChat"
"Glutamate-Glu-SLC17A8_GLS2_GRM1","SLC17A8;GLS2","GRM1","1;1","1","1","1","Non-protein Signaling","","CellChat"
"Glutamate-Glu-SLC1A1_GLS2_GRM1","GLS2;SLC1A1","GRM1","1;1","1","1","1","Non-protein Signaling","","CellChat"
"Glutamate-Glu-SLC1A2_GLS2_GRM1","GLS2;SLC1A2","GRM1","1;1","1","1","1","Non-protein Signaling","","CellChat"
"Glutamate-Glu-SLC1A3_GLS2_GRM1","GLS2;SLC1A3","GRM1","1;1","1","1","1","Non-protein Signaling","","CellChat"
"Glutamate-Glu-SLC1A6_GLS2_GRM1","SLC1A6;GLS2","GRM1","1;1","1","1","1","Non-protein Signaling","","CellChat"
"Glutamate-Glu-SLC1A7_GLS2_GRM1","GLS2;SLC1A7","GRM1","1;1","1","1","1","Non-protein Signaling","","CellChat"
"Glutamate-Glu-SLC17A6_GLS_GRM2","SLC17A6;GLS","GRM2","1;1","1","1","1","Non-protein Signaling","","CellChat"
"Glutamate-Glu-SLC17A7_GLS_GRM2","SLC17A7;GLS","GRM2","1;1","1","1","1","Non-protein Signaling","","CellChat"
"Glutamate-Glu-SLC17A8_GLS_GRM2","SLC17A8;GLS","GRM2","1;1","1","1","1","Non-protein Signaling","","CellChat"
"Glutamate-Glu-SLC1A1_GLS_GRM2","GLS;SLC1A1","GRM2","1;1","1","1","1","Non-protein Signaling","","CellChat"
"Glutamate-Glu-SLC1A2_GLS_GRM2","GLS;SLC1A2","GRM2","1;1","1","1","1","Non-protein Signaling","","CellChat"
"Glutamate-Glu-SLC1A3_GLS_GRM2","GLS;SLC1A3","GRM2","1;1","1","1","1","Non-protein Signaling","","CellChat"
"Glutamate-Glu-SLC1A6_GLS_GRM2","SLC1A6;GLS","GRM2","1;1","1","1","1","Non-protein Signaling","","CellChat"
"Glutamate-Glu-SLC1A7_GLS_GRM2","GLS;SLC1A7","GRM2","1;1","1","1","1","Non-protein Signaling","","CellChat"
"Glutamate-Glu-SLC17A6_GLS2_GRM2","SLC17A6;GLS2","GRM2","1;1","1","1","1","Non-protein Signaling","","CellChat"
"Glutamate-Glu-SLC17A7_GLS2_GRM2","SLC17A7;GLS2","GRM2","1;1","1","1","1","Non-protein Signaling","","CellChat"
"Glutamate-Glu-SLC17A8_GLS2_GRM2","SLC17A8;GLS2","GRM2","1;1","1","1","1","Non-protein Signaling","","CellChat"
"Glutamate-Glu-SLC1A1_GLS2_GRM2","GLS2;SLC1A1","GRM2","1;1","1","1","1","Non-protein Signaling","","CellChat"
"Glutamate-Glu-SLC1A2_GLS2_GRM2","GLS2;SLC1A2","GRM2","1;1","1","1","1","Non-protein Signaling","","CellChat"
"Glutamate-Glu-SLC1A3_GLS2_GRM2","GLS2;SLC1A3","GRM2","1;1","1","1","1","Non-protein Signaling","","CellChat"
"Glutamate-Glu-SLC1A6_GLS2_GRM2","SLC1A6;GLS2","GRM2","1;1","1","1","1","Non-protein Signaling","","CellChat"
"Glutamate-Glu-SLC1A7_GLS2_GRM2","GLS2;SLC1A7","GRM2","1;1","1","1","1","Non-protein Signaling","","CellChat"
"Glutamate-Glu-SLC17A6_GLS_GRM3","SLC17A6;GLS","GRM3","1;1","1","1","1","Non-protein Signaling","","CellChat"
"Glutamate-Glu-SLC17A7_GLS_GRM3","SLC17A7;GLS","GRM3","1;1","1","1","1","Non-protein Signaling","","CellChat"
"Glutamate-Glu-SLC17A8_GLS_GRM3","SLC17A8;GLS","GRM3","1;1","1","1","1","Non-protein Signaling","","CellChat"
"Glutamate-Glu-SLC1A1_GLS_GRM3","GLS;SLC1A1","GRM3","1;1","1","1","1","Non-protein Signaling","","CellChat"
"Glutamate-Glu-SLC1A2_GLS_GRM3","GLS;SLC1A2","GRM3","1;1","1","1","1","Non-protein Signaling","","CellChat"
"Glutamate-Glu-SLC1A3_GLS_GRM3","GLS;SLC1A3","GRM3","1;1","1","1","1","Non-protein Signaling","","CellChat"
"Glutamate-Glu-SLC1A6_GLS_GRM3","SLC1A6;GLS","GRM3","1;1","1","1","1","Non-protein Signaling","","CellChat"
"Glutamate-Glu-SLC1A7_GLS_GRM3","GLS;SLC1A7","GRM3","1;1","1","1","1","Non-protein Signaling","","CellChat"
"Glutamate-Glu-SLC17A6_GLS2_GRM3","SLC17A6;GLS2","GRM3","1;1","1","1","1","Non-protein Signaling","","CellChat"
"Glutamate-Glu-SLC17A7_GLS2_GRM3","SLC17A7;GLS2","GRM3","1;1","1","1","1","Non-protein Signaling","","CellChat"
"Glutamate-Glu-SLC17A8_GLS2_GRM3","SLC17A8;GLS2","GRM3","1;1","1","1","1","Non-protein Signaling","","CellChat"
"Glutamate-Glu-SLC1A1_GLS2_GRM3","GLS2;SLC1A1","GRM3","1;1","1","1","1","Non-protein Signaling","","CellChat"
"Glutamate-Glu-SLC1A2_GLS2_GRM3","GLS2;SLC1A2","GRM3","1;1","1","1","1","Non-protein Signaling","","CellChat"
"Glutamate-Glu-SLC1A3_GLS2_GRM3","GLS2;SLC1A3","GRM3","1;1","1","1","1","Non-protein Signaling","","CellChat"
"Glutamate-Glu-SLC1A6_GLS2_GRM3","SLC1A6;GLS2","GRM3","1;1","1","1","1","Non-protein Signaling","","CellChat"
"Glutamate-Glu-SLC1A7_GLS2_GRM3","GLS2;SLC1A7","GRM3","1;1","1","1","1","Non-protein Signaling","","CellChat"
"Glutamate-Glu-SLC17A6_GLS_GRM4","SLC17A6;GLS","GRM4","1;1","1","1","1","Non-protein Signaling","","CellChat"
"Glutamate-Glu-SLC17A7_GLS_GRM4","SLC17A7;GLS","GRM4","1;1","1","1","1","Non-protein Signaling","","CellChat"
"Glutamate-Glu-SLC17A8_GLS_GRM4","SLC17A8;GLS","GRM4","1;1","1","1","1","Non-protein Signaling","","CellChat"
"Glutamate-Glu-SLC1A1_GLS_GRM4","GLS;SLC1A1","GRM4","1;1","1","1","1","Non-protein Signaling","","CellChat"
"Glutamate-Glu-SLC1A2_GLS_GRM4","GLS;SLC1A2","GRM4","1;1","1","1","1","Non-protein Signaling","","CellChat"
"Glutamate-Glu-SLC1A3_GLS_GRM4","GLS;SLC1A3","GRM4","1;1","1","1","1","Non-protein Signaling","","CellChat"
"Glutamate-Glu-SLC1A6_GLS_GRM4","SLC1A6;GLS","GRM4","1;1","1","1","1","Non-protein Signaling","","CellChat"
"Glutamate-Glu-SLC1A7_GLS_GRM4","GLS;SLC1A7","GRM4","1;1","1","1","1","Non-protein Signaling","","CellChat"
"Glutamate-Glu-SLC17A6_GLS2_GRM4","SLC17A6;GLS2","GRM4","1;1","1","1","1","Non-protein Signaling","","CellChat"
"Glutamate-Glu-SLC17A7_GLS2_GRM4","SLC17A7;GLS2","GRM4","1;1","1","1","1","Non-protein Signaling","","CellChat"
"Glutamate-Glu-SLC17A8_GLS2_GRM4","SLC17A8;GLS2","GRM4","1;1","1","1","1","Non-protein Signaling","","CellChat"
"Glutamate-Glu-SLC1A1_GLS2_GRM4","GLS2;SLC1A1","GRM4","1;1","1","1","1","Non-protein Signaling","","CellChat"
"Glutamate-Glu-SLC1A2_GLS2_GRM4","GLS2;SLC1A2","GRM4","1;1","1","1","1","Non-protein Signaling","","CellChat"
"Glutamate-Glu-SLC1A3_GLS2_GRM4","GLS2;SLC1A3","GRM4","1;1","1","1","1","Non-protein Signaling","","CellChat"
"Glutamate-Glu-SLC1A6_GLS2_GRM4","SLC1A6;GLS2","GRM4","1;1","1","1","1","Non-protein Signaling","","CellChat"
"Glutamate-Glu-SLC1A7_GLS2_GRM4","GLS2;SLC1A7","GRM4","1;1","1","1","1","Non-protein Signaling","","CellChat"
"Glutamate-Glu-SLC17A6_GLS_GRM5","SLC17A6;GLS","GRM5","1;1","1","1","1","Non-protein Signaling","","CellChat"
"Glutamate-Glu-SLC17A7_GLS_GRM5","SLC17A7;GLS","GRM5","1;1","1","1","1","Non-protein Signaling","","CellChat"
"Glutamate-Glu-SLC17A8_GLS_GRM5","SLC17A8;GLS","GRM5","1;1","1","1","1","Non-protein Signaling","","CellChat"
"Glutamate-Glu-SLC1A1_GLS_GRM5","GLS;SLC1A1","GRM5","1;1","1","1","1","Non-protein Signaling","","CellChat"
"Glutamate-Glu-SLC1A2_GLS_GRM5","GLS;SLC1A2","GRM5","1;1","1","1","1","Non-protein Signaling","","CellChat"
"Glutamate-Glu-SLC1A3_GLS_GRM5","GLS;SLC1A3","GRM5","1;1","1","1","1","Non-protein Signaling","","CellChat"
"Glutamate-Glu-SLC1A6_GLS_GRM5","SLC1A6;GLS","GRM5","1;1","1","1","1","Non-protein Signaling","","CellChat"
"Glutamate-Glu-SLC1A7_GLS_GRM5","GLS;SLC1A7","GRM5","1;1","1","1","1","Non-protein Signaling","","CellChat"
"Glutamate-Glu-SLC17A6_GLS2_GRM5","SLC17A6;GLS2","GRM5","1;1","1","1","1","Non-protein Signaling","","CellChat"
"Glutamate-Glu-SLC17A7_GLS2_GRM5","SLC17A7;GLS2","GRM5","1;1","1","1","1","Non-protein Signaling","","CellChat"
"Glutamate-Glu-SLC17A8_GLS2_GRM5","SLC17A8;GLS2","GRM5","1;1","1","1","1","Non-protein Signaling","","CellChat"
"Glutamate-Glu-SLC1A1_GLS2_GRM5","GLS2;SLC1A1","GRM5","1;1","1","1","1","Non-protein Signaling","","CellChat"
"Glutamate-Glu-SLC1A2_GLS2_GRM5","GLS2;SLC1A2","GRM5","1;1","1","1","1","Non-protein Signaling","","CellChat"
"Glutamate-Glu-SLC1A3_GLS2_GRM5","GLS2;SLC1A3","GRM5","1;1","1","1","1","Non-protein Signaling","","CellChat"
"Glutamate-Glu-SLC1A6_GLS2_GRM5","SLC1A6;GLS2","GRM5","1;1","1","1","1","Non-protein Signaling","","CellChat"
"Glutamate-Glu-SLC1A7_GLS2_GRM5","GLS2;SLC1A7","GRM5","1;1","1","1","1","Non-protein Signaling","","CellChat"
"Glutamate-Glu-SLC17A6_GLS_GRM6","SLC17A6;GLS","GRM6","1;1","1","1","1","Non-protein Signaling","","CellChat"
"Glutamate-Glu-SLC17A7_GLS_GRM6","SLC17A7;GLS","GRM6","1;1","1","1","1","Non-protein Signaling","","CellChat"
"Glutamate-Glu-SLC17A8_GLS_GRM6","SLC17A8;GLS","GRM6","1;1","1","1","1","Non-protein Signaling","","CellChat"
"Glutamate-Glu-SLC1A1_GLS_GRM6","GLS;SLC1A1","GRM6","1;1","1","1","1","Non-protein Signaling","","CellChat"
"Glutamate-Glu-SLC1A2_GLS_GRM6","GLS;SLC1A2","GRM6","1;1","1","1","1","Non-protein Signaling","","CellChat"
"Glutamate-Glu-SLC1A3_GLS_GRM6","GLS;SLC1A3","GRM6","1;1","1","1","1","Non-protein Signaling","","CellChat"
"Glutamate-Glu-SLC1A6_GLS_GRM6","SLC1A6;GLS","GRM6","1;1","1","1","1","Non-protein Signaling","","CellChat"
"Glutamate-Glu-SLC1A7_GLS_GRM6","GLS;SLC1A7","GRM6","1;1","1","1","1","Non-protein Signaling","","CellChat"
"Glutamate-Glu-SLC17A6_GLS2_GRM6","SLC17A6;GLS2","GRM6","1;1","1","1","1","Non-protein Signaling","","CellChat"
"Glutamate-Glu-SLC17A7_GLS2_GRM6","SLC17A7;GLS2","GRM6","1;1","1","1","1","Non-protein Signaling","","CellChat"
"Glutamate-Glu-SLC17A8_GLS2_GRM6","SLC17A8;GLS2","GRM6","1;1","1","1","1","Non-protein Signaling","","CellChat"
"Glutamate-Glu-SLC1A1_GLS2_GRM6","GLS2;SLC1A1","GRM6","1;1","1","1","1","Non-protein Signaling","","CellChat"
"Glutamate-Glu-SLC1A2_GLS2_GRM6","GLS2;SLC1A2","GRM6","1;1","1","1","1","Non-protein Signaling","","CellChat"
"Glutamate-Glu-SLC1A3_GLS2_GRM6","GLS2;SLC1A3","GRM6","1;1","1","1","1","Non-protein Signaling","","CellChat"
"Glutamate-Glu-SLC1A6_GLS2_GRM6","SLC1A6;GLS2","GRM6","1;1","1","1","1","Non-protein Signaling","","CellChat"
"Glutamate-Glu-SLC1A7_GLS2_GRM6","GLS2;SLC1A7","GRM6","1;1","1","1","1","Non-protein Signaling","","CellChat"
"Glutamate-Glu-SLC17A6_GLS_GRM7","SLC17A6;GLS","GRM7","1;1","1","1","1","Non-protein Signaling","","CellChat"
"Glutamate-Glu-SLC17A7_GLS_GRM7","SLC17A7;GLS","GRM7","1;1","1","1","1","Non-protein Signaling","","CellChat"
"Glutamate-Glu-SLC17A8_GLS_GRM7","SLC17A8;GLS","GRM7","1;1","1","1","1","Non-protein Signaling","","CellChat"
"Glutamate-Glu-SLC1A1_GLS_GRM7","GLS;SLC1A1","GRM7","1;1","1","1","1","Non-protein Signaling","","CellChat"
"Glutamate-Glu-SLC1A2_GLS_GRM7","GLS;SLC1A2","GRM7","1;1","1","1","1","Non-protein Signaling","","CellChat"
"Glutamate-Glu-SLC1A3_GLS_GRM7","GLS;SLC1A3","GRM7","1;1","1","1","1","Non-protein Signaling","","CellChat"
"Glutamate-Glu-SLC1A6_GLS_GRM7","SLC1A6;GLS","GRM7","1;1","1","1","1","Non-protein Signaling","","CellChat"
"Glutamate-Glu-SLC1A7_GLS_GRM7","GLS;SLC1A7","GRM7","1;1","1","1","1","Non-protein Signaling","","CellChat"
"Glutamate-Glu-SLC17A6_GLS2_GRM7","SLC17A6;GLS2","GRM7","1;1","1","1","1","Non-protein Signaling","","CellChat"
"Glutamate-Glu-SLC17A7_GLS2_GRM7","SLC17A7;GLS2","GRM7","1;1","1","1","1","Non-protein Signaling","","CellChat"
"Glutamate-Glu-SLC17A8_GLS2_GRM7","SLC17A8;GLS2","GRM7","1;1","1","1","1","Non-protein Signaling","","CellChat"
"Glutamate-Glu-SLC1A1_GLS2_GRM7","GLS2;SLC1A1","GRM7","1;1","1","1","1","Non-protein Signaling","","CellChat"
"Glutamate-Glu-SLC1A2_GLS2_GRM7","GLS2;SLC1A2","GRM7","1;1","1","1","1","Non-protein Signaling","","CellChat"
"Glutamate-Glu-SLC1A3_GLS2_GRM7","GLS2;SLC1A3","GRM7","1;1","1","1","1","Non-protein Signaling","","CellChat"
"Glutamate-Glu-SLC1A6_GLS2_GRM7","SLC1A6;GLS2","GRM7","1;1","1","1","1","Non-protein Signaling","","CellChat"
"Glutamate-Glu-SLC1A7_GLS2_GRM7","GLS2;SLC1A7","GRM7","1;1","1","1","1","Non-protein Signaling","","CellChat"
"Glutamate-Glu-SLC17A6_GLS_GRM8","SLC17A6;GLS","GRM8","1;1","1","1","1","Non-protein Signaling","","CellChat"
"Glutamate-Glu-SLC17A7_GLS_GRM8","SLC17A7;GLS","GRM8","1;1","1","1","1","Non-protein Signaling","","CellChat"
"Glutamate-Glu-SLC17A8_GLS_GRM8","SLC17A8;GLS","GRM8","1;1","1","1","1","Non-protein Signaling","","CellChat"
"Glutamate-Glu-SLC1A1_GLS_GRM8","GLS;SLC1A1","GRM8","1;1","1","1","1","Non-protein Signaling","","CellChat"
"Glutamate-Glu-SLC1A2_GLS_GRM8","GLS;SLC1A2","GRM8","1;1","1","1","1","Non-protein Signaling","","CellChat"
"Glutamate-Glu-SLC1A3_GLS_GRM8","GLS;SLC1A3","GRM8","1;1","1","1","1","Non-protein Signaling","","CellChat"
"Glutamate-Glu-SLC1A6_GLS_GRM8","SLC1A6;GLS","GRM8","1;1","1","1","1","Non-protein Signaling","","CellChat"
"Glutamate-Glu-SLC1A7_GLS_GRM8","GLS;SLC1A7","GRM8","1;1","1","1","1","Non-protein Signaling","","CellChat"
"Glutamate-Glu-SLC17A6_GLS2_GRM8","SLC17A6;GLS2","GRM8","1;1","1","1","1","Non-protein Signaling","","CellChat"
"Glutamate-Glu-SLC17A7_GLS2_GRM8","SLC17A7;GLS2","GRM8","1;1","1","1","1","Non-protein Signaling","","CellChat"
"Glutamate-Glu-SLC17A8_GLS2_GRM8","SLC17A8;GLS2","GRM8","1;1","1","1","1","Non-protein Signaling","","CellChat"
"Glutamate-Glu-SLC1A1_GLS2_GRM8","GLS2;SLC1A1","GRM8","1;1","1","1","1","Non-protein Signaling","","CellChat"
"Glutamate-Glu-SLC1A2_GLS2_GRM8","GLS2;SLC1A2","GRM8","1;1","1","1","1","Non-protein Signaling","","CellChat"
"Glutamate-Glu-SLC1A3_GLS2_GRM8","GLS2;SLC1A3","GRM8","1;1","1","1","1","Non-protein Signaling","","CellChat"
"Glutamate-Glu-SLC1A6_GLS2_GRM8","SLC1A6;GLS2","GRM8","1;1","1","1","1","Non-protein Signaling","","CellChat"
"Glutamate-Glu-SLC1A7_GLS2_GRM8","GLS2;SLC1A7","GRM8","1;1","1","1","1","Non-protein Signaling","","CellChat"
"Histamine-Hist-HDC_HRH1","HDC","HRH1","1","1","1","1","Non-protein Signaling","","CellChat"
"Histamine-Hist-HDC_HRH2","HDC","HRH2","1","1","1","1","Non-protein Signaling","","CellChat"
"Histamine-Hist-HDC_HRH3","HDC","HRH3","1","1","1","1","Non-protein Signaling","","CellChat"
"Histamine-Hist-HDC_HRH4","HDC","HRH4","1","1","1","1","Non-protein Signaling","","CellChat"
"5-HT-TPH1_SLC18A1_HTR1A","SLC18A1;TPH1","HTR1A","1;1","1","1","1","Non-protein Signaling","","CellChat"
"5-HT-TPH1_SLC18A2_HTR1A","SLC18A2;TPH1","HTR1A","1;1","1","1","1","Non-protein Signaling","","CellChat"
"5-HT-TPH1_SLC6A4_HTR1A","SLC6A4;TPH1","HTR1A","1;1","1","1","1","Non-protein Signaling","","CellChat"
"5-HT-TPH2_SLC18A1_HTR1A","SLC18A1;TPH2","HTR1A","1;1","1","1","1","Non-protein Signaling","","CellChat"
"5-HT-TPH2_SLC18A2_HTR1A","SLC18A2;TPH2","HTR1A","1;1","1","1","1","Non-protein Signaling","","CellChat"
"5-HT-TPH2_SLC6A4_HTR1A","SLC6A4;TPH2","HTR1A","1;1","1","1","1","Non-protein Signaling","","CellChat"
"5-HT-TPH1_SLC18A1_HTR1B","SLC18A1;TPH1","HTR1B","1;1","1","1","1","Non-protein Signaling","","CellChat"
"5-HT-TPH1_SLC18A2_HTR1B","SLC18A2;TPH1","HTR1B","1;1","1","1","1","Non-protein Signaling","","CellChat"
"5-HT-TPH1_SLC6A4_HTR1B","SLC6A4;TPH1","HTR1B","1;1","1","1","1","Non-protein Signaling","","CellChat"
"5-HT-TPH2_SLC18A1_HTR1B","SLC18A1;TPH2","HTR1B","1;1","1","1","1","Non-protein Signaling","","CellChat"
"5-HT-TPH2_SLC18A2_HTR1B","SLC18A2;TPH2","HTR1B","1;1","1","1","1","Non-protein Signaling","","CellChat"
"5-HT-TPH2_SLC6A4_HTR1B","SLC6A4;TPH2","HTR1B","1;1","1","1","1","Non-protein Signaling","","CellChat"
"5-HT-TPH1_SLC18A1_HTR1D","SLC18A1;TPH1","HTR1D","1;1","1","1","1","Non-protein Signaling","","CellChat"
"5-HT-TPH1_SLC18A2_HTR1D","SLC18A2;TPH1","HTR1D","1;1","1","1","1","Non-protein Signaling","","CellChat"
"5-HT-TPH1_SLC6A4_HTR1D","SLC6A4;TPH1","HTR1D","1;1","1","1","1","Non-protein Signaling","","CellChat"
"5-HT-TPH2_SLC18A1_HTR1D","SLC18A1;TPH2","HTR1D","1;1","1","1","1","Non-protein Signaling","","CellChat"
"5-HT-TPH2_SLC18A2_HTR1D","SLC18A2;TPH2","HTR1D","1;1","1","1","1","Non-protein Signaling","","CellChat"
"5-HT-TPH2_SLC6A4_HTR1D","SLC6A4;TPH2","HTR1D","1;1","1","1","1","Non-protein Signaling","","CellChat"
"5-HT-TPH1_SLC18A1_HTR1E","SLC18A1;TPH1","HTR1E","1;1","1","1","1","Non-protein Signaling","","CellChat"
"5-HT-TPH1_SLC18A2_HTR1E","SLC18A2;TPH1","HTR1E","1;1","1","1","1","Non-protein Signaling","","CellChat"
"5-HT-TPH1_SLC6A4_HTR1E","SLC6A4;TPH1","HTR1E","1;1","1","1","1","Non-protein Signaling","","CellChat"
"5-HT-TPH2_SLC18A1_HTR1E","SLC18A1;TPH2","HTR1E","1;1","1","1","1","Non-protein Signaling","","CellChat"
"5-HT-TPH2_SLC18A2_HTR1E","SLC18A2;TPH2","HTR1E","1;1","1","1","1","Non-protein Signaling","","CellChat"
"5-HT-TPH2_SLC6A4_HTR1E","SLC6A4;TPH2","HTR1E","1;1","1","1","1","Non-protein Signaling","","CellChat"
"5-HT-TPH1_SLC18A1_HTR1F","SLC18A1;TPH1","HTR1F","1;1","1","1","1","Non-protein Signaling","","CellChat"
"5-HT-TPH1_SLC18A2_HTR1F","SLC18A2;TPH1","HTR1F","1;1","1","1","1","Non-protein Signaling","","CellChat"
"5-HT-TPH1_SLC6A4_HTR1F","SLC6A4;TPH1","HTR1F","1;1","1","1","1","Non-protein Signaling","","CellChat"
"5-HT-TPH2_SLC18A1_HTR1F","SLC18A1;TPH2","HTR1F","1;1","1","1","1","Non-protein Signaling","","CellChat"
"5-HT-TPH2_SLC18A2_HTR1F","SLC18A2;TPH2","HTR1F","1;1","1","1","1","Non-protein Signaling","","CellChat"
"5-HT-TPH2_SLC6A4_HTR1F","SLC6A4;TPH2","HTR1F","1;1","1","1","1","Non-protein Signaling","","CellChat"
"5-HT-TPH1_SLC18A1_HTR2A","SLC18A1;TPH1","HTR2A","1;1","1","1","1","Non-protein Signaling","","CellChat"
"5-HT-TPH1_SLC18A2_HTR2A","SLC18A2;TPH1","HTR2A","1;1","1","1","1","Non-protein Signaling","","CellChat"
"5-HT-TPH1_SLC6A4_HTR2A","SLC6A4;TPH1","HTR2A","1;1","1","1","1","Non-protein Signaling","","CellChat"
"5-HT-TPH2_SLC18A1_HTR2A","SLC18A1;TPH2","HTR2A","1;1","1","1","1","Non-protein Signaling","","CellChat"
"5-HT-TPH2_SLC18A2_HTR2A","SLC18A2;TPH2","HTR2A","1;1","1","1","1","Non-protein Signaling","","CellChat"
"5-HT-TPH2_SLC6A4_HTR2A","SLC6A4;TPH2","HTR2A","1;1","1","1","1","Non-protein Signaling","","CellChat"
"5-HT-TPH1_SLC18A1_HTR2B","SLC18A1;TPH1","HTR2B","1;1","1","1","1","Non-protein Signaling","","CellChat"
"5-HT-TPH1_SLC18A2_HTR2B","SLC18A2;TPH1","HTR2B","1;1","1","1","1","Non-protein Signaling","","CellChat"
"5-HT-TPH1_SLC6A4_HTR2B","SLC6A4;TPH1","HTR2B","1;1","1","1","1","Non-protein Signaling","","CellChat"
"5-HT-TPH2_SLC18A1_HTR2B","SLC18A1;TPH2","HTR2B","1;1","1","1","1","Non-protein Signaling","","CellChat"
"5-HT-TPH2_SLC18A2_HTR2B","SLC18A2;TPH2","HTR2B","1;1","1","1","1","Non-protein Signaling","","CellChat"
"5-HT-TPH2_SLC6A4_HTR2B","SLC6A4;TPH2","HTR2B","1;1","1","1","1","Non-protein Signaling","","CellChat"
"5-HT-TPH1_SLC18A1_HTR2C","SLC18A1;TPH1","HTR2C","1;1","1","1","1","Non-protein Signaling","","CellChat"
"5-HT-TPH1_SLC18A2_HTR2C","SLC18A2;TPH1","HTR2C","1;1","1","1","1","Non-protein Signaling","","CellChat"
"5-HT-TPH1_SLC6A4_HTR2C","SLC6A4;TPH1","HTR2C","1;1","1","1","1","Non-protein Signaling","","CellChat"
"5-HT-TPH2_SLC18A1_HTR2C","SLC18A1;TPH2","HTR2C","1;1","1","1","1","Non-protein Signaling","","CellChat"
"5-HT-TPH2_SLC18A2_HTR2C","SLC18A2;TPH2","HTR2C","1;1","1","1","1","Non-protein Signaling","","CellChat"
"5-HT-TPH2_SLC6A4_HTR2C","SLC6A4;TPH2","HTR2C","1;1","1","1","1","Non-protein Signaling","","CellChat"
"5-HT-TPH1_SLC18A1_HTR4","SLC18A1;TPH1","HTR4","1;1","1","1","1","Non-protein Signaling","","CellChat"
"5-HT-TPH1_SLC18A2_HTR4","SLC18A2;TPH1","HTR4","1;1","1","1","1","Non-protein Signaling","","CellChat"
"5-HT-TPH1_SLC6A4_HTR4","SLC6A4;TPH1","HTR4","1;1","1","1","1","Non-protein Signaling","","CellChat"
"5-HT-TPH2_SLC18A1_HTR4","SLC18A1;TPH2","HTR4","1;1","1","1","1","Non-protein Signaling","","CellChat"
"5-HT-TPH2_SLC18A2_HTR4","SLC18A2;TPH2","HTR4","1;1","1","1","1","Non-protein Signaling","","CellChat"
"5-HT-TPH2_SLC6A4_HTR4","SLC6A4;TPH2","HTR4","1;1","1","1","1","Non-protein Signaling","","CellChat"
"5-HT-TPH1_SLC18A1_HTR5A","SLC18A1;TPH1","HTR5A","1;1","1","1","1","Non-protein Signaling","","CellChat"
"5-HT-TPH1_SLC18A2_HTR5A","SLC18A2;TPH1","HTR5A","1;1","1","1","1","Non-protein Signaling","","CellChat"
"5-HT-TPH1_SLC6A4_HTR5A","SLC6A4;TPH1","HTR5A","1;1","1","1","1","Non-protein Signaling","","CellChat"
"5-HT-TPH2_SLC18A1_HTR5A","SLC18A1;TPH2","HTR5A","1;1","1","1","1","Non-protein Signaling","","CellChat"
"5-HT-TPH2_SLC18A2_HTR5A","SLC18A2;TPH2","HTR5A","1;1","1","1","1","Non-protein Signaling","","CellChat"
"5-HT-TPH2_SLC6A4_HTR5A","SLC6A4;TPH2","HTR5A","1;1","1","1","1","Non-protein Signaling","","CellChat"
"5-HT-TPH1_SLC18A1_HTR6","SLC18A1;TPH1","HTR6","1;1","1","1","1","Non-protein Signaling","","CellChat"
"5-HT-TPH1_SLC18A2_HTR6","SLC18A2;TPH1","HTR6","1;1","1","1","1","Non-protein Signaling","","CellChat"
"5-HT-TPH1_SLC6A4_HTR6","SLC6A4;TPH1","HTR6","1;1","1","1","1","Non-protein Signaling","","CellChat"
"5-HT-TPH2_SLC18A1_HTR6","SLC18A1;TPH2","HTR6","1;1","1","1","1","Non-protein Signaling","","CellChat"
"5-HT-TPH2_SLC18A2_HTR6","SLC18A2;TPH2","HTR6","1;1","1","1","1","Non-protein Signaling","","CellChat"
"5-HT-TPH2_SLC6A4_HTR6","SLC6A4;TPH2","HTR6","1;1","1","1","1","Non-protein Signaling","","CellChat"
"5-HT-TPH1_SLC18A1_HTR7","SLC18A1;TPH1","HTR7","1;1","1","1","1","Non-protein Signaling","","CellChat"
"5-HT-TPH1_SLC18A2_HTR7","SLC18A2;TPH1","HTR7","1;1","1","1","1","Non-protein Signaling","","CellChat"
"5-HT-TPH1_SLC6A4_HTR7","SLC6A4;TPH1","HTR7","1;1","1","1","1","Non-protein Signaling","","CellChat"
"5-HT-TPH2_SLC18A1_HTR7","SLC18A1;TPH2","HTR7","1;1","1","1","1","Non-protein Signaling","","CellChat"
"5-HT-TPH2_SLC18A2_HTR7","SLC18A2;TPH2","HTR7","1;1","1","1","1","Non-protein Signaling","","CellChat"
"5-HT-TPH2_SLC6A4_HTR7","SLC6A4;TPH2","HTR7","1;1","1","1","1","Non-protein Signaling","","CellChat"
"LRFN4_PTPRD","LRFN4","PTPRD","1","1","1","1","Cell-Cell Contact","","CellChat"
"LRFN4_PTPRF","LRFN4","PTPRF","1","1","1","1","Cell-Cell Contact","","CellChat"
"LRFN4_PTPRS","LRFN4","PTPRS","1","1","1","1","Cell-Cell Contact","","CellChat"
"LRFN5_PTPRD","LRFN5","PTPRD","1","1","1","1","Cell-Cell Contact","","CellChat"
"LRFN5_PTPRF","LRFN5","PTPRF","1","1","1","1","Cell-Cell Contact","","CellChat"
"LRFN5_PTPRS","LRFN5","PTPRS","1","1","1","1","Cell-Cell Contact","","CellChat"
"LRRC4B_PTPRD","LRRC4B","PTPRD","1","1","1","1","Cell-Cell Contact","","CellChat"
"LRRC4B_PTPRS","LRRC4B","PTPRS","1","1","1","1","Cell-Cell Contact","","CellChat"
"LRRC4C_PTPRF","LRRC4C","PTPRF","1","1","1","1","Cell-Cell Contact","","CellChat"
"NRXN1_LRRTM1","NRXN1","LRRTM1","1","1","1","1","Cell-Cell Contact","","CellChat"
"NRXN2_LRRTM1","NRXN2","LRRTM1","1","1","1","1","Cell-Cell Contact","","CellChat"
"NRXN3_LRRTM1","NRXN3","LRRTM1","1","1","1","1","Cell-Cell Contact","","CellChat"
"NRXN1_LRRTM2","NRXN1","LRRTM2","1","1","1","1","Cell-Cell Contact","","CellChat"
"NRXN2_LRRTM2","NRXN2","LRRTM2","1","1","1","1","Cell-Cell Contact","","CellChat"
"NRXN3_LRRTM2","NRXN3","LRRTM2","1","1","1","1","Cell-Cell Contact","","CellChat"
"NRXN1_LRRTM3","NRXN1","LRRTM3","1","1","1","1","Cell-Cell Contact","","CellChat"
"NRXN2_LRRTM3","NRXN2","LRRTM3","1","1","1","1","Cell-Cell Contact","","CellChat"
"NRXN3_LRRTM3","NRXN3","LRRTM3","1","1","1","1","Cell-Cell Contact","","CellChat"
"NRXN1_LRRTM4","NRXN1","LRRTM4","1","1","1","1","Cell-Cell Contact","","CellChat"
"NRXN2_LRRTM4","NRXN2","LRRTM4","1","1","1","1","Cell-Cell Contact","","CellChat"
"NRXN3_LRRTM4","NRXN3","LRRTM4","1","1","1","1","Cell-Cell Contact","","CellChat"
"LRRTM4_PTPRS","PTPRS","LRRTM4","1","1","1","1","Cell-Cell Contact","","CellChat"
"LTB4-LTA4H_LTB4R1","LTA4H","LTB4R","1","1","1","1","Non-protein Signaling","","CellChat"
"LTB4-LTA4H_LTB4R2","LTA4H","LTB4R2","1","1","1","1","Non-protein Signaling","","CellChat"
"GRP_NMBR","GRP","NMBR","1","1","1","1","Secreted Signaling","secreted","CellChat"
"PTPRS_NTRK3","PTPRS","NTRK3","1","1","1","1","Secreted Signaling","","CellChat"
"PGD2-PTGDS_PTGDR","PTGDS","PTGDR","1","1","1","1","Non-protein Signaling","secreted","CellChat"
"PGD2-PTGDS_PTGDR2","PTGDS","PTGDR2","1","1","1","1","Non-protein Signaling","secreted","CellChat"
"PGE2-PTGES_PTGER1","PTGES","PTGER1","1","1","1","1","Non-protein Signaling","","CellChat"
"PGE2-PTGES2_PTGER1","PTGES2","PTGER1","1","1","1","1","Non-protein Signaling","","CellChat"
"PGE2-PTGES3_PTGER1","PTGES3","PTGER1","1","1","1","1","Non-protein Signaling","","CellChat"
"PGE2-PTGES_PTGER2","PTGES","PTGER2","1","1","1","1","Non-protein Signaling","","CellChat"
"PGE2-PTGES2_PTGER2","PTGES2","PTGER2","1","1","1","1","Non-protein Signaling","","CellChat"
"PGE2-PTGES3_PTGER2","PTGES3","PTGER2","1","1","1","1","Non-protein Signaling","","CellChat"
"PGE2-PTGES_PTGER3","PTGES","PTGER3","1","1","1","1","Non-protein Signaling","","CellChat"
"PGE2-PTGES2_PTGER3","PTGES2","PTGER3","1","1","1","1","Non-protein Signaling","","CellChat"
"PGE2-PTGES3_PTGER3","PTGES3","PTGER3","1","1","1","1","Non-protein Signaling","","CellChat"
"PGE2-PTGES_PTGER4","PTGES","PTGER4","1","1","1","1","Non-protein Signaling","","CellChat"
"PGE2-PTGES2_PTGER4","PTGES2","PTGER4","1","1","1","1","Non-protein Signaling","","CellChat"
"PGE2-PTGES3_PTGER4","PTGES3","PTGER4","1","1","1","1","Non-protein Signaling","","CellChat"
"PGF2a-AKR1C3_PTGFR","AKR1C3","PTGFR","1","1","1","1","Non-protein Signaling","","CellChat"
"PGF2a-CBR1_PTGFR","CBR1","PTGFR","1","1","1","1","Non-protein Signaling","","CellChat"
"PGF2a-PRXL2B_PTGFR","PRXL2B","PTGFR","1","1","1","1","Non-protein Signaling","","CellChat"
"PGI2-PTGIS_PTGIR","PTGIS","PTGIR","1","1","1","1","Non-protein Signaling","","CellChat"
"VIP_SCTR","VIP","SCTR","1","1","1","1","Secreted Signaling","hormone","CellChat"
"SLITRK1_PTPRD","SLITRK1","PTPRD","1","1","1","1","Secreted Signaling","","CellChat"
"SLITRK1_PTPRS","SLITRK1","PTPRS","1","1","1","1","Secreted Signaling","","CellChat"
"SLITRK2_PTPRD","SLITRK2","PTPRD","1","1","1","1","Secreted Signaling","","CellChat"
"SLITRK2_PTPRS","SLITRK2","PTPRS","1","1","1","1","Secreted Signaling","","CellChat"
"SLITRK3_PTPRD","SLITRK3","PTPRD","1","1","1","1","Secreted Signaling","","CellChat"
"SLITRK4_PTPRS","SLITRK4","PTPRS","1","1","1","1","Secreted Signaling","","CellChat"
"SLITRK5_PTPRS","SLITRK5","PTPRS","1","1","1","1","Secreted Signaling","","CellChat"
"SLITRK6_PTPRS","SLITRK6","PTPRS","1","1","1","1","Secreted Signaling","","CellChat"
"Prostaglandin-TXA2-TBXAS1-TBXA2R","TBXAS1","TBXA2R","1","1","1","1","Non-protein Signaling","","CellChat"
"Glutamate-Glu-SLC17A6_GLS_GRIK1_GRIK4","SLC17A6;GLS","GRIK1;GRIK4","1;1","1","1;1","1","Non-protein Signaling","","CellChat"
"Glutamate-Glu-SLC17A6_GLS_GRIK2_GRIK4","SLC17A6;GLS","GRIK2;GRIK4","1;1","1","1;1","1","Non-protein Signaling","","CellChat"
"Glutamate-Glu-SLC17A6_GLS_GRIK3_GRIK4","SLC17A6;GLS","GRIK3;GRIK4","1;1","1","1;1","1","Non-protein Signaling","","CellChat"
"Glutamate-Glu-SLC17A6_GLS_GRIK1_GRIK5","SLC17A6;GLS","GRIK5;GRIK1","1;1","1","1;1","1","Non-protein Signaling","","CellChat"
"Glutamate-Glu-SLC17A6_GLS_GRIK2_GRIK5","SLC17A6;GLS","GRIK5;GRIK2","1;1","1","1;1","1","Non-protein Signaling","","CellChat"
"Glutamate-Glu-SLC17A6_GLS_GRIK3_GRIK5","SLC17A6;GLS","GRIK3;GRIK5","1;1","1","1;1","1","Non-protein Signaling","","CellChat"
"Glutamate-Glu-SLC17A6_GLS_GRIN1_GRIN2A","SLC17A6;GLS","GRIN1;GRIN2A","1;1","1","1;1","1","Non-protein Signaling","","CellChat"
"Glutamate-Glu-SLC17A6_GLS_GRIN1_GRIN2B","SLC17A6;GLS","GRIN1;GRIN2B","1;1","1","1;1","1","Non-protein Signaling","","CellChat"
"Glutamate-Glu-SLC17A6_GLS_GRIN1_GRIN2C","SLC17A6;GLS","GRIN2C;GRIN1","1;1","1","1;1","1","Non-protein Signaling","","CellChat"
"Glutamate-Glu-SLC17A6_GLS_GRIN1_GRIN2D","SLC17A6;GLS","GRIN1;GRIN2D","1;1","1","1;1","1","Non-protein Signaling","","CellChat"
"Glutamate-Glu-SLC17A7_GLS_GRIK1_GRIK4","SLC17A7;GLS","GRIK1;GRIK4","1;1","1","1;1","1","Non-protein Signaling","","CellChat"
"Glutamate-Glu-SLC17A7_GLS_GRIK2_GRIK4","SLC17A7;GLS","GRIK2;GRIK4","1;1","1","1;1","1","Non-protein Signaling","","CellChat"
"Glutamate-Glu-SLC17A7_GLS_GRIK3_GRIK4","SLC17A7;GLS","GRIK3;GRIK4","1;1","1","1;1","1","Non-protein Signaling","","CellChat"
"Glutamate-Glu-SLC17A7_GLS_GRIK1_GRIK5","SLC17A7;GLS","GRIK5;GRIK1","1;1","1","1;1","1","Non-protein Signaling","","CellChat"
"Glutamate-Glu-SLC17A7_GLS_GRIK2_GRIK5","SLC17A7;GLS","GRIK5;GRIK2","1;1","1","1;1","1","Non-protein Signaling","","CellChat"
"Glutamate-Glu-SLC17A7_GLS_GRIK3_GRIK5","SLC17A7;GLS","GRIK3;GRIK5","1;1","1","1;1","1","Non-protein Signaling","","CellChat"
"Glutamate-Glu-SLC17A7_GLS_GRIN1_GRIN2A","SLC17A7;GLS","GRIN1;GRIN2A","1;1","1","1;1","1","Non-protein Signaling","","CellChat"
"Glutamate-Glu-SLC17A7_GLS_GRIN1_GRIN2B","SLC17A7;GLS","GRIN1;GRIN2B","1;1","1","1;1","1","Non-protein Signaling","","CellChat"
"Glutamate-Glu-SLC17A7_GLS_GRIN1_GRIN2C","SLC17A7;GLS","GRIN2C;GRIN1","1;1","1","1;1","1","Non-protein Signaling","","CellChat"
"Glutamate-Glu-SLC17A7_GLS_GRIN1_GRIN2D","SLC17A7;GLS","GRIN1;GRIN2D","1;1","1","1;1","1","Non-protein Signaling","","CellChat"
"Glutamate-Glu-SLC17A8_GLS_GRIK1_GRIK4","SLC17A8;GLS","GRIK1;GRIK4","1;1","1","1;1","1","Non-protein Signaling","","CellChat"
"Glutamate-Glu-SLC17A8_GLS_GRIK2_GRIK4","SLC17A8;GLS","GRIK2;GRIK4","1;1","1","1;1","1","Non-protein Signaling","","CellChat"
"Glutamate-Glu-SLC17A8_GLS_GRIK3_GRIK4","SLC17A8;GLS","GRIK3;GRIK4","1;1","1","1;1","1","Non-protein Signaling","","CellChat"
"Glutamate-Glu-SLC17A8_GLS_GRIK1_GRIK5","SLC17A8;GLS","GRIK5;GRIK1","1;1","1","1;1","1","Non-protein Signaling","","CellChat"
"Glutamate-Glu-SLC17A8_GLS_GRIK2_GRIK5","SLC17A8;GLS","GRIK5;GRIK2","1;1","1","1;1","1","Non-protein Signaling","","CellChat"
"Glutamate-Glu-SLC17A8_GLS_GRIK3_GRIK5","SLC17A8;GLS","GRIK3;GRIK5","1;1","1","1;1","1","Non-protein Signaling","","CellChat"
"Glutamate-Glu-SLC17A8_GLS_GRIN1_GRIN2A","SLC17A8;GLS","GRIN1;GRIN2A","1;1","1","1;1","1","Non-protein Signaling","","CellChat"
"Glutamate-Glu-SLC17A8_GLS_GRIN1_GRIN2B","SLC17A8;GLS","GRIN1;GRIN2B","1;1","1","1;1","1","Non-protein Signaling","","CellChat"
"Glutamate-Glu-SLC17A8_GLS_GRIN1_GRIN2C","SLC17A8;GLS","GRIN2C;GRIN1","1;1","1","1;1","1","Non-protein Signaling","","CellChat"
"Glutamate-Glu-SLC17A8_GLS_GRIN1_GRIN2D","SLC17A8;GLS","GRIN1;GRIN2D","1;1","1","1;1","1","Non-protein Signaling","","CellChat"
"Glutamate-Glu-SLC1A1_GLS_GRIK1_GRIK4","GLS;SLC1A1","GRIK1;GRIK4","1;1","1","1;1","1","Non-protein Signaling","","CellChat"
"Glutamate-Glu-SLC1A1_GLS_GRIK2_GRIK4","GLS;SLC1A1","GRIK2;GRIK4","1;1","1","1;1","1","Non-protein Signaling","","CellChat"
"Glutamate-Glu-SLC1A1_GLS_GRIK3_GRIK4","GLS;SLC1A1","GRIK3;GRIK4","1;1","1","1;1","1","Non-protein Signaling","","CellChat"
"Glutamate-Glu-SLC1A1_GLS_GRIK1_GRIK5","GLS;SLC1A1","GRIK5;GRIK1","1;1","1","1;1","1","Non-protein Signaling","","CellChat"
"Glutamate-Glu-SLC1A1_GLS_GRIK2_GRIK5","GLS;SLC1A1","GRIK5;GRIK2","1;1","1","1;1","1","Non-protein Signaling","","CellChat"
"Glutamate-Glu-SLC1A1_GLS_GRIK3_GRIK5","GLS;SLC1A1","GRIK3;GRIK5","1;1","1","1;1","1","Non-protein Signaling","","CellChat"
"Glutamate-Glu-SLC1A1_GLS_GRIN1_GRIN2A","GLS;SLC1A1","GRIN1;GRIN2A","1;1","1","1;1","1","Non-protein Signaling","","CellChat"
"Glutamate-Glu-SLC1A1_GLS_GRIN1_GRIN2B","GLS;SLC1A1","GRIN1;GRIN2B","1;1","1","1;1","1","Non-protein Signaling","","CellChat"
"Glutamate-Glu-SLC1A1_GLS_GRIN1_GRIN2C","GLS;SLC1A1","GRIN2C;GRIN1","1;1","1","1;1","1","Non-protein Signaling","","CellChat"
"Glutamate-Glu-SLC1A1_GLS_GRIN1_GRIN2D","GLS;SLC1A1","GRIN1;GRIN2D","1;1","1","1;1","1","Non-protein Signaling","","CellChat"
"Glutamate-Glu-SLC1A2_GLS_GRIK1_GRIK4","GLS;SLC1A2","GRIK1;GRIK4","1;1","1","1;1","1","Non-protein Signaling","","CellChat"
"Glutamate-Glu-SLC1A2_GLS_GRIK2_GRIK4","GLS;SLC1A2","GRIK2;GRIK4","1;1","1","1;1","1","Non-protein Signaling","","CellChat"
"Glutamate-Glu-SLC1A2_GLS_GRIK3_GRIK4","GLS;SLC1A2","GRIK3;GRIK4","1;1","1","1;1","1","Non-protein Signaling","","CellChat"
"Glutamate-Glu-SLC1A2_GLS_GRIK1_GRIK5","GLS;SLC1A2","GRIK5;GRIK1","1;1","1","1;1","1","Non-protein Signaling","","CellChat"
"Glutamate-Glu-SLC1A2_GLS_GRIK2_GRIK5","GLS;SLC1A2","GRIK5;GRIK2","1;1","1","1;1","1","Non-protein Signaling","","CellChat"
"Glutamate-Glu-SLC1A2_GLS_GRIK3_GRIK5","GLS;SLC1A2","GRIK3;GRIK5","1;1","1","1;1","1","Non-protein Signaling","","CellChat"
"Glutamate-Glu-SLC1A2_GLS_GRIN1_GRIN2A","GLS;SLC1A2","GRIN1;GRIN2A","1;1","1","1;1","1","Non-protein Signaling","","CellChat"
"Glutamate-Glu-SLC1A2_GLS_GRIN1_GRIN2B","GLS;SLC1A2","GRIN1;GRIN2B","1;1","1","1;1","1","Non-protein Signaling","","CellChat"
"Glutamate-Glu-SLC1A2_GLS_GRIN1_GRIN2C","GLS;SLC1A2","GRIN2C;GRIN1","1;1","1","1;1","1","Non-protein Signaling","","CellChat"
"Glutamate-Glu-SLC1A2_GLS_GRIN1_GRIN2D","GLS;SLC1A2","GRIN1;GRIN2D","1;1","1","1;1","1","Non-protein Signaling","","CellChat"
"Glutamate-Glu-SLC1A3_GLS_GRIK1_GRIK4","GLS;SLC1A3","GRIK1;GRIK4","1;1","1","1;1","1","Non-protein Signaling","","CellChat"
"Glutamate-Glu-SLC1A3_GLS_GRIK2_GRIK4","GLS;SLC1A3","GRIK2;GRIK4","1;1","1","1;1","1","Non-protein Signaling","","CellChat"
"Glutamate-Glu-SLC1A3_GLS_GRIK3_GRIK4","GLS;SLC1A3","GRIK3;GRIK4","1;1","1","1;1","1","Non-protein Signaling","","CellChat"
"Glutamate-Glu-SLC1A3_GLS_GRIK1_GRIK5","GLS;SLC1A3","GRIK5;GRIK1","1;1","1","1;1","1","Non-protein Signaling","","CellChat"
"Glutamate-Glu-SLC1A3_GLS_GRIK2_GRIK5","GLS;SLC1A3","GRIK5;GRIK2","1;1","1","1;1","1","Non-protein Signaling","","CellChat"
"Glutamate-Glu-SLC1A3_GLS_GRIK3_GRIK5","GLS;SLC1A3","GRIK3;GRIK5","1;1","1","1;1","1","Non-protein Signaling","","CellChat"
"Glutamate-Glu-SLC1A3_GLS_GRIN1_GRIN2A","GLS;SLC1A3","GRIN1;GRIN2A","1;1","1","1;1","1","Non-protein Signaling","","CellChat"
"Glutamate-Glu-SLC1A3_GLS_GRIN1_GRIN2B","GLS;SLC1A3","GRIN1;GRIN2B","1;1","1","1;1","1","Non-protein Signaling","","CellChat"
"Glutamate-Glu-SLC1A3_GLS_GRIN1_GRIN2C","GLS;SLC1A3","GRIN2C;GRIN1","1;1","1","1;1","1","Non-protein Signaling","","CellChat"
"Glutamate-Glu-SLC1A3_GLS_GRIN1_GRIN2D","GLS;SLC1A3","GRIN1;GRIN2D","1;1","1","1;1","1","Non-protein Signaling","","CellChat"
"Glutamate-Glu-SLC1A6_GLS_GRIK1_GRIK4","SLC1A6;GLS","GRIK1;GRIK4","1;1","1","1;1","1","Non-protein Signaling","","CellChat"
"Glutamate-Glu-SLC1A6_GLS_GRIK2_GRIK4","SLC1A6;GLS","GRIK2;GRIK4","1;1","1","1;1","1","Non-protein Signaling","","CellChat"
"Glutamate-Glu-SLC1A6_GLS_GRIK3_GRIK4","SLC1A6;GLS","GRIK3;GRIK4","1;1","1","1;1","1","Non-protein Signaling","","CellChat"
"Glutamate-Glu-SLC1A6_GLS_GRIK1_GRIK5","SLC1A6;GLS","GRIK5;GRIK1","1;1","1","1;1","1","Non-protein Signaling","","CellChat"
"Glutamate-Glu-SLC1A6_GLS_GRIK2_GRIK5","SLC1A6;GLS","GRIK5;GRIK2","1;1","1","1;1","1","Non-protein Signaling","","CellChat"
"Glutamate-Glu-SLC1A6_GLS_GRIK3_GRIK5","SLC1A6;GLS","GRIK3;GRIK5","1;1","1","1;1","1","Non-protein Signaling","","CellChat"
"Glutamate-Glu-SLC1A6_GLS_GRIN1_GRIN2A","SLC1A6;GLS","GRIN1;GRIN2A","1;1","1","1;1","1","Non-protein Signaling","","CellChat"
"Glutamate-Glu-SLC1A6_GLS_GRIN1_GRIN2B","SLC1A6;GLS","GRIN1;GRIN2B","1;1","1","1;1","1","Non-protein Signaling","","CellChat"
"Glutamate-Glu-SLC1A6_GLS_GRIN1_GRIN2C","SLC1A6;GLS","GRIN2C;GRIN1","1;1","1","1;1","1","Non-protein Signaling","","CellChat"
"Glutamate-Glu-SLC1A6_GLS_GRIN1_GRIN2D","SLC1A6;GLS","GRIN1;GRIN2D","1;1","1","1;1","1","Non-protein Signaling","","CellChat"
"Glutamate-Glu-SLC1A7_GLS_GRIK1_GRIK4","GLS;SLC1A7","GRIK1;GRIK4","1;1","1","1;1","1","Non-protein Signaling","","CellChat"
"Glutamate-Glu-SLC1A7_GLS_GRIK2_GRIK4","GLS;SLC1A7","GRIK2;GRIK4","1;1","1","1;1","1","Non-protein Signaling","","CellChat"
"Glutamate-Glu-SLC1A7_GLS_GRIK3_GRIK4","GLS;SLC1A7","GRIK3;GRIK4","1;1","1","1;1","1","Non-protein Signaling","","CellChat"
"Glutamate-Glu-SLC1A7_GLS_GRIK1_GRIK5","GLS;SLC1A7","GRIK5;GRIK1","1;1","1","1;1","1","Non-protein Signaling","","CellChat"
"Glutamate-Glu-SLC1A7_GLS_GRIK2_GRIK5","GLS;SLC1A7","GRIK5;GRIK2","1;1","1","1;1","1","Non-protein Signaling","","CellChat"
"Glutamate-Glu-SLC1A7_GLS_GRIK3_GRIK5","GLS;SLC1A7","GRIK3;GRIK5","1;1","1","1;1","1","Non-protein Signaling","","CellChat"
"Glutamate-Glu-SLC1A7_GLS_GRIN1_GRIN2A","GLS;SLC1A7","GRIN1;GRIN2A","1;1","1","1;1","1","Non-protein Signaling","","CellChat"
"Glutamate-Glu-SLC1A7_GLS_GRIN1_GRIN2B","GLS;SLC1A7","GRIN1;GRIN2B","1;1","1","1;1","1","Non-protein Signaling","","CellChat"
"Glutamate-Glu-SLC1A7_GLS_GRIN1_GRIN2C","GLS;SLC1A7","GRIN2C;GRIN1","1;1","1","1;1","1","Non-protein Signaling","","CellChat"
"Glutamate-Glu-SLC1A7_GLS_GRIN1_GRIN2D","GLS;SLC1A7","GRIN1;GRIN2D","1;1","1","1;1","1","Non-protein Signaling","","CellChat"
"Glutamate-Glu-SLC17A6_GLS2_GRIK1_GRIK4","SLC17A6;GLS2","GRIK1;GRIK4","1;1","1","1;1","1","Non-protein Signaling","","CellChat"
"Glutamate-Glu-SLC17A6_GLS2_GRIK2_GRIK4","SLC17A6;GLS2","GRIK2;GRIK4","1;1","1","1;1","1","Non-protein Signaling","","CellChat"
"Glutamate-Glu-SLC17A6_GLS2_GRIK3_GRIK4","SLC17A6;GLS2","GRIK3;GRIK4","1;1","1","1;1","1","Non-protein Signaling","","CellChat"
"Glutamate-Glu-SLC17A6_GLS2_GRIK1_GRIK5","SLC17A6;GLS2","GRIK5;GRIK1","1;1","1","1;1","1","Non-protein Signaling","","CellChat"
"Glutamate-Glu-SLC17A6_GLS2_GRIK2_GRIK5","SLC17A6;GLS2","GRIK5;GRIK2","1;1","1","1;1","1","Non-protein Signaling","","CellChat"
"Glutamate-Glu-SLC17A6_GLS2_GRIK3_GRIK5","SLC17A6;GLS2","GRIK3;GRIK5","1;1","1","1;1","1","Non-protein Signaling","","CellChat"
"Glutamate-Glu-SLC17A6_GLS2_GRIN1_GRIN2A","SLC17A6;GLS2","GRIN1;GRIN2A","1;1","1","1;1","1","Non-protein Signaling","","CellChat"
"Glutamate-Glu-SLC17A6_GLS2_GRIN1_GRIN2B","SLC17A6;GLS2","GRIN1;GRIN2B","1;1","1","1;1","1","Non-protein Signaling","","CellChat"
"Glutamate-Glu-SLC17A6_GLS2_GRIN1_GRIN2C","SLC17A6;GLS2","GRIN2C;GRIN1","1;1","1","1;1","1","Non-protein Signaling","","CellChat"
"Glutamate-Glu-SLC17A6_GLS2_GRIN1_GRIN2D","SLC17A6;GLS2","GRIN1;GRIN2D","1;1","1","1;1","1","Non-protein Signaling","","CellChat"
"Glutamate-Glu-SLC17A7_GLS2_GRIK1_GRIK4","SLC17A7;GLS2","GRIK1;GRIK4","1;1","1","1;1","1","Non-protein Signaling","","CellChat"
"Glutamate-Glu-SLC17A7_GLS2_GRIK2_GRIK4","SLC17A7;GLS2","GRIK2;GRIK4","1;1","1","1;1","1","Non-protein Signaling","","CellChat"
"Glutamate-Glu-SLC17A7_GLS2_GRIK3_GRIK4","SLC17A7;GLS2","GRIK3;GRIK4","1;1","1","1;1","1","Non-protein Signaling","","CellChat"
"Glutamate-Glu-SLC17A7_GLS2_GRIK1_GRIK5","SLC17A7;GLS2","GRIK5;GRIK1","1;1","1","1;1","1","Non-protein Signaling","","CellChat"
"Glutamate-Glu-SLC17A7_GLS2_GRIK2_GRIK5","SLC17A7;GLS2","GRIK5;GRIK2","1;1","1","1;1","1","Non-protein Signaling","","CellChat"
"Glutamate-Glu-SLC17A7_GLS2_GRIK3_GRIK5","SLC17A7;GLS2","GRIK3;GRIK5","1;1","1","1;1","1","Non-protein Signaling","","CellChat"
"Glutamate-Glu-SLC17A7_GLS2_GRIN1_GRIN2A","SLC17A7;GLS2","GRIN1;GRIN2A","1;1","1","1;1","1","Non-protein Signaling","","CellChat"
"Glutamate-Glu-SLC17A7_GLS2_GRIN1_GRIN2B","SLC17A7;GLS2","GRIN1;GRIN2B","1;1","1","1;1","1","Non-protein Signaling","","CellChat"
"Glutamate-Glu-SLC17A7_GLS2_GRIN1_GRIN2C","SLC17A7;GLS2","GRIN2C;GRIN1","1;1","1","1;1","1","Non-protein Signaling","","CellChat"
"Glutamate-Glu-SLC17A7_GLS2_GRIN1_GRIN2D","SLC17A7;GLS2","GRIN1;GRIN2D","1;1","1","1;1","1","Non-protein Signaling","","CellChat"
"Glutamate-Glu-SLC17A8_GLS2_GRIK1_GRIK4","SLC17A8;GLS2","GRIK1;GRIK4","1;1","1","1;1","1","Non-protein Signaling","","CellChat"
"Glutamate-Glu-SLC17A8_GLS2_GRIK2_GRIK4","SLC17A8;GLS2","GRIK2;GRIK4","1;1","1","1;1","1","Non-protein Signaling","","CellChat"
"Glutamate-Glu-SLC17A8_GLS2_GRIK3_GRIK4","SLC17A8;GLS2","GRIK3;GRIK4","1;1","1","1;1","1","Non-protein Signaling","","CellChat"
"Glutamate-Glu-SLC17A8_GLS2_GRIK1_GRIK5","SLC17A8;GLS2","GRIK5;GRIK1","1;1","1","1;1","1","Non-protein Signaling","","CellChat"
"Glutamate-Glu-SLC17A8_GLS2_GRIK2_GRIK5","SLC17A8;GLS2","GRIK5;GRIK2","1;1","1","1;1","1","Non-protein Signaling","","CellChat"
"Glutamate-Glu-SLC17A8_GLS2_GRIK3_GRIK5","SLC17A8;GLS2","GRIK3;GRIK5","1;1","1","1;1","1","Non-protein Signaling","","CellChat"
"Glutamate-Glu-SLC17A8_GLS2_GRIN1_GRIN2A","SLC17A8;GLS2","GRIN1;GRIN2A","1;1","1","1;1","1","Non-protein Signaling","","CellChat"
"Glutamate-Glu-SLC17A8_GLS2_GRIN1_GRIN2B","SLC17A8;GLS2","GRIN1;GRIN2B","1;1","1","1;1","1","Non-protein Signaling","","CellChat"
"Glutamate-Glu-SLC17A8_GLS2_GRIN1_GRIN2C","SLC17A8;GLS2","GRIN2C;GRIN1","1;1","1","1;1","1","Non-protein Signaling","","CellChat"
"Glutamate-Glu-SLC17A8_GLS2_GRIN1_GRIN2D","SLC17A8;GLS2","GRIN1;GRIN2D","1;1","1","1;1","1","Non-protein Signaling","","CellChat"
"Glutamate-Glu-SLC1A1_GLS2_GRIK1_GRIK4","GLS2;SLC1A1","GRIK1;GRIK4","1;1","1","1;1","1","Non-protein Signaling","","CellChat"
"Glutamate-Glu-SLC1A1_GLS2_GRIK2_GRIK4","GLS2;SLC1A1","GRIK2;GRIK4","1;1","1","1;1","1","Non-protein Signaling","","CellChat"
"Glutamate-Glu-SLC1A1_GLS2_GRIK3_GRIK4","GLS2;SLC1A1","GRIK3;GRIK4","1;1","1","1;1","1","Non-protein Signaling","","CellChat"
"Glutamate-Glu-SLC1A1_GLS2_GRIK1_GRIK5","GLS2;SLC1A1","GRIK5;GRIK1","1;1","1","1;1","1","Non-protein Signaling","","CellChat"
"Glutamate-Glu-SLC1A1_GLS2_GRIK2_GRIK5","GLS2;SLC1A1","GRIK5;GRIK2","1;1","1","1;1","1","Non-protein Signaling","","CellChat"
"Glutamate-Glu-SLC1A1_GLS2_GRIK3_GRIK5","GLS2;SLC1A1","GRIK3;GRIK5","1;1","1","1;1","1","Non-protein Signaling","","CellChat"
"Glutamate-Glu-SLC1A1_GLS2_GRIN1_GRIN2A","GLS2;SLC1A1","GRIN1;GRIN2A","1;1","1","1;1","1","Non-protein Signaling","","CellChat"
"Glutamate-Glu-SLC1A1_GLS2_GRIN1_GRIN2B","GLS2;SLC1A1","GRIN1;GRIN2B","1;1","1","1;1","1","Non-protein Signaling","","CellChat"
"Glutamate-Glu-SLC1A1_GLS2_GRIN1_GRIN2C","GLS2;SLC1A1","GRIN2C;GRIN1","1;1","1","1;1","1","Non-protein Signaling","","CellChat"
"Glutamate-Glu-SLC1A1_GLS2_GRIN1_GRIN2D","GLS2;SLC1A1","GRIN1;GRIN2D","1;1","1","1;1","1","Non-protein Signaling","","CellChat"
"Glutamate-Glu-SLC1A2_GLS2_GRIK1_GRIK4","GLS2;SLC1A2","GRIK1;GRIK4","1;1","1","1;1","1","Non-protein Signaling","","CellChat"
"Glutamate-Glu-SLC1A2_GLS2_GRIK2_GRIK4","GLS2;SLC1A2","GRIK2;GRIK4","1;1","1","1;1","1","Non-protein Signaling","","CellChat"
"Glutamate-Glu-SLC1A2_GLS2_GRIK3_GRIK4","GLS2;SLC1A2","GRIK3;GRIK4","1;1","1","1;1","1","Non-protein Signaling","","CellChat"
"Glutamate-Glu-SLC1A2_GLS2_GRIK1_GRIK5","GLS2;SLC1A2","GRIK5;GRIK1","1;1","1","1;1","1","Non-protein Signaling","","CellChat"
"Glutamate-Glu-SLC1A2_GLS2_GRIK2_GRIK5","GLS2;SLC1A2","GRIK5;GRIK2","1;1","1","1;1","1","Non-protein Signaling","","CellChat"
"Glutamate-Glu-SLC1A2_GLS2_GRIK3_GRIK5","GLS2;SLC1A2","GRIK3;GRIK5","1;1","1","1;1","1","Non-protein Signaling","","CellChat"
"Glutamate-Glu-SLC1A2_GLS2_GRIN1_GRIN2A","GLS2;SLC1A2","GRIN1;GRIN2A","1;1","1","1;1","1","Non-protein Signaling","","CellChat"
"Glutamate-Glu-SLC1A2_GLS2_GRIN1_GRIN2B","GLS2;SLC1A2","GRIN1;GRIN2B","1;1","1","1;1","1","Non-protein Signaling","","CellChat"
"Glutamate-Glu-SLC1A2_GLS2_GRIN1_GRIN2C","GLS2;SLC1A2","GRIN2C;GRIN1","1;1","1","1;1","1","Non-protein Signaling","","CellChat"
"Glutamate-Glu-SLC1A2_GLS2_GRIN1_GRIN2D","GLS2;SLC1A2","GRIN1;GRIN2D","1;1","1","1;1","1","Non-protein Signaling","","CellChat"
"Glutamate-Glu-SLC1A3_GLS2_GRIK1_GRIK4","GLS2;SLC1A3","GRIK1;GRIK4","1;1","1","1;1","1","Non-protein Signaling","","CellChat"
"Glutamate-Glu-SLC1A3_GLS2_GRIK2_GRIK4","GLS2;SLC1A3","GRIK2;GRIK4","1;1","1","1;1","1","Non-protein Signaling","","CellChat"
"Glutamate-Glu-SLC1A3_GLS2_GRIK3_GRIK4","GLS2;SLC1A3","GRIK3;GRIK4","1;1","1","1;1","1","Non-protein Signaling","","CellChat"
"Glutamate-Glu-SLC1A3_GLS2_GRIK1_GRIK5","GLS2;SLC1A3","GRIK5;GRIK1","1;1","1","1;1","1","Non-protein Signaling","","CellChat"
"Glutamate-Glu-SLC1A3_GLS2_GRIK2_GRIK5","GLS2;SLC1A3","GRIK5;GRIK2","1;1","1","1;1","1","Non-protein Signaling","","CellChat"
"Glutamate-Glu-SLC1A3_GLS2_GRIK3_GRIK5","GLS2;SLC1A3","GRIK3;GRIK5","1;1","1","1;1","1","Non-protein Signaling","","CellChat"
"Glutamate-Glu-SLC1A3_GLS2_GRIN1_GRIN2A","GLS2;SLC1A3","GRIN1;GRIN2A","1;1","1","1;1","1","Non-protein Signaling","","CellChat"
"Glutamate-Glu-SLC1A3_GLS2_GRIN1_GRIN2B","GLS2;SLC1A3","GRIN1;GRIN2B","1;1","1","1;1","1","Non-protein Signaling","","CellChat"
"Glutamate-Glu-SLC1A3_GLS2_GRIN1_GRIN2C","GLS2;SLC1A3","GRIN2C;GRIN1","1;1","1","1;1","1","Non-protein Signaling","","CellChat"
"Glutamate-Glu-SLC1A3_GLS2_GRIN1_GRIN2D","GLS2;SLC1A3","GRIN1;GRIN2D","1;1","1","1;1","1","Non-protein Signaling","","CellChat"
"Glutamate-Glu-SLC1A6_GLS2_GRIK1_GRIK4","SLC1A6;GLS2","GRIK1;GRIK4","1;1","1","1;1","1","Non-protein Signaling","","CellChat"
"Glutamate-Glu-SLC1A6_GLS2_GRIK2_GRIK4","SLC1A6;GLS2","GRIK2;GRIK4","1;1","1","1;1","1","Non-protein Signaling","","CellChat"
"Glutamate-Glu-SLC1A6_GLS2_GRIK3_GRIK4","SLC1A6;GLS2","GRIK3;GRIK4","1;1","1","1;1","1","Non-protein Signaling","","CellChat"
"Glutamate-Glu-SLC1A6_GLS2_GRIK1_GRIK5","SLC1A6;GLS2","GRIK5;GRIK1","1;1","1","1;1","1","Non-protein Signaling","","CellChat"
"Glutamate-Glu-SLC1A6_GLS2_GRIK2_GRIK5","SLC1A6;GLS2","GRIK5;GRIK2","1;1","1","1;1","1","Non-protein Signaling","","CellChat"
"Glutamate-Glu-SLC1A6_GLS2_GRIK3_GRIK5","SLC1A6;GLS2","GRIK3;GRIK5","1;1","1","1;1","1","Non-protein Signaling","","CellChat"
"Glutamate-Glu-SLC1A6_GLS2_GRIN1_GRIN2A","SLC1A6;GLS2","GRIN1;GRIN2A","1;1","1","1;1","1","Non-protein Signaling","","CellChat"
"Glutamate-Glu-SLC1A6_GLS2_GRIN1_GRIN2B","SLC1A6;GLS2","GRIN1;GRIN2B","1;1","1","1;1","1","Non-protein Signaling","","CellChat"
"Glutamate-Glu-SLC1A6_GLS2_GRIN1_GRIN2C","SLC1A6;GLS2","GRIN2C;GRIN1","1;1","1","1;1","1","Non-protein Signaling","","CellChat"
"Glutamate-Glu-SLC1A6_GLS2_GRIN1_GRIN2D","SLC1A6;GLS2","GRIN1;GRIN2D","1;1","1","1;1","1","Non-protein Signaling","","CellChat"
"Glutamate-Glu-SLC1A7_GLS2_GRIK1_GRIK4","GLS2;SLC1A7","GRIK1;GRIK4","1;1","1","1;1","1","Non-protein Signaling","","CellChat"
"Glutamate-Glu-SLC1A7_GLS2_GRIK2_GRIK4","GLS2;SLC1A7","GRIK2;GRIK4","1;1","1","1;1","1","Non-protein Signaling","","CellChat"
"Glutamate-Glu-SLC1A7_GLS2_GRIK3_GRIK4","GLS2;SLC1A7","GRIK3;GRIK4","1;1","1","1;1","1","Non-protein Signaling","","CellChat"
"Glutamate-Glu-SLC1A7_GLS2_GRIK1_GRIK5","GLS2;SLC1A7","GRIK5;GRIK1","1;1","1","1;1","1","Non-protein Signaling","","CellChat"
"Glutamate-Glu-SLC1A7_GLS2_GRIK2_GRIK5","GLS2;SLC1A7","GRIK5;GRIK2","1;1","1","1;1","1","Non-protein Signaling","","CellChat"
"Glutamate-Glu-SLC1A7_GLS2_GRIK3_GRIK5","GLS2;SLC1A7","GRIK3;GRIK5","1;1","1","1;1","1","Non-protein Signaling","","CellChat"
"Glutamate-Glu-SLC1A7_GLS2_GRIN1_GRIN2A","GLS2;SLC1A7","GRIN1;GRIN2A","1;1","1","1;1","1","Non-protein Signaling","","CellChat"
"Glutamate-Glu-SLC1A7_GLS2_GRIN1_GRIN2B","GLS2;SLC1A7","GRIN1;GRIN2B","1;1","1","1;1","1","Non-protein Signaling","","CellChat"
"Glutamate-Glu-SLC1A7_GLS2_GRIN1_GRIN2C","GLS2;SLC1A7","GRIN2C;GRIN1","1;1","1","1;1","1","Non-protein Signaling","","CellChat"
"Glutamate-Glu-SLC1A7_GLS2_GRIN1_GRIN2D","GLS2;SLC1A7","GRIN1;GRIN2D","1;1","1","1;1","1","Non-protein Signaling","","CellChat"
"12oxoLeukotrieneB4-12oxoLTB4-PTGR1_LTB4R1","PTGR1","LTB4R","1","1","1","1","Non-protein Signaling","","CellChat"
"12oxoLeukotrieneB4-12oxoLTB4-PTGR1_LTB4R2","PTGR1","LTB4R2","1","1","1","1","Non-protein Signaling","","CellChat"
"27Hydroxycholesterol-27HC-CYP11A1_NR1H4","CYP11A1","NR1H4","1","1","1","1","Non-protein Signaling","","CellChat"
"27Hydroxycholesterol-27HC-CYP3A4_NR1H4","CYP3A4","NR1H4","1","1","1","1","Non-protein Signaling","","CellChat"
"2arachidonoylglycerol-2AG-DAGLA_CNR1","DAGLA","CNR1","1","1","1","1","Non-protein Signaling","","CellChat"
"2arachidonoylglycerol-2AG-DAGLA_CNR2","DAGLA","CNR2","1","1","1","1","Non-protein Signaling","","CellChat"
"2arachidonoylglycerol-2AG-DAGLA_GPR55","DAGLA","GPR55","1","1","1","1","Non-protein Signaling","","CellChat"
"2arachidonoylglycerol-2AG-DAGLB_CNR1","DAGLB","CNR1","1","1","1","1","Non-protein Signaling","","CellChat"
"2arachidonoylglycerol-2AG-DAGLB_CNR2","DAGLB","CNR2","1","1","1","1","Non-protein Signaling","","CellChat"
"2arachidonoylglycerol-2AG-DAGLB_GPR55","DAGLB","GPR55","1","1","1","1","Non-protein Signaling","","CellChat"
"5alphaDihydroprogesterone-DHRS9_PGR","DHRS9","PGR","1","1","1","1","Non-protein Signaling","","CellChat"
"APP_SORL1","APP","SORL1","1","1","1","1","Cell-Cell Contact","","CellChat"
"APP_TNFRSF21","APP","TNFRSF21","1","1","1","1","Cell-Cell Contact","","CellChat"
"APP_TREM2_TYROBP","APP","TREM2;TYROBP","1","1","1;1","1","Cell-Cell Contact","","CellChat"
"ENTPD1_ADORA3","ADORA3","ENTPD1","1","1","1","1","Cell-Cell Contact","","CellChat"
"Aldosterone-Aldo-CYP11B2_NR3C1","CYP11B2","NR3C1","1","1","1","1","Non-protein Signaling","","CellChat"
"Aldosterone-Aldo-CYP11B2_NR3C2","CYP11B2","NR3C2","1","1","1","1","Non-protein Signaling","","CellChat"
"ANDROSTENEDIONE-CYP17A1_AR","CYP17A1","AR","1","1","1","1","Non-protein Signaling","","CellChat"
"ANDROSTERONE-HSD17B6_NR1H4","HSD17B6","NR1H4","1","1","1","1","Non-protein Signaling","","CellChat"
"APOA1_ABCA1","APOA1","ABCA1","1","1","1","1","Cell-Cell Contact","secreted","CellChat"
"APOA1_CUBN_AMN","APOA1","AMN;CUBN","1","1","1;1","1","Cell-Cell Contact","secreted","CellChat"
"APOA1_TREM2_TYROBP","APOA1","TREM2;TYROBP","1","1","1;1","1","Cell-Cell Contact","secreted","CellChat"
"APOA2_TREM2_TYROBP","APOA2","TREM2;TYROBP","1","1","1;1","1","Cell-Cell Contact","secreted","CellChat"
"APOB_APOBR","APOB","APOBR","1","1","1","1","Cell-Cell Contact","secreted","CellChat"
"APOB_TREM2_TYROBP","APOB","TREM2;TYROBP","1","1","1;1","1","Cell-Cell Contact","secreted","CellChat"
"APOE_TREM2_TYROBP","APOE","TREM2;TYROBP","1","1","1;1","1","Cell-Cell Contact","secreted","CellChat"
"RetinoicAcid-RA-ALDH1A1_RARA_CRABP2","ALDH1A1","CRABP2;RARA","1","1","1;1","1","Non-protein Signaling","","CellChat"
"RetinoicAcid-RA-ALDH1A1_RARA_RXRA_CRABP2","ALDH1A1","CRABP2;RXRA;RARA","1","1","1;1;1","1","Non-protein Signaling","","CellChat"
"RetinoicAcid-RA-ALDH1A1_RARB_CRABP2","ALDH1A1","RARB;CRABP2","1","1","1;1","1","Non-protein Signaling","","CellChat"
"RetinoicAcid-RA-ALDH1A1_RARB_RXRB_CRABP2","ALDH1A1","RARB;CRABP2;RXRB","1","1","1;1;1","1","Non-protein Signaling","","CellChat"
"RetinoicAcid-RA-ALDH1A1_RARG_CRABP2","ALDH1A1","RARG;CRABP2","1","1","1;1","1","Non-protein Signaling","","CellChat"
"RetinoicAcid-RA-ALDH1A1_RARG_RXRG_CRABP2","ALDH1A1","RARG;CRABP2;RXRG","1","1","1;1;1","1","Non-protein Signaling","","CellChat"
"RetinoicAcid-RA-ALDH1A1_RXRA_CRABP2","ALDH1A1","CRABP2;RXRA","1","1","1;1","1","Non-protein Signaling","","CellChat"
"RetinoicAcid-RA-ALDH1A1_RXRB_CRABP2","ALDH1A1","CRABP2;RXRB","1","1","1;1","1","Non-protein Signaling","","CellChat"
"RetinoicAcid-RA-ALDH1A1_RXRG_CRABP2","ALDH1A1","CRABP2;RXRG","1","1","1;1","1","Non-protein Signaling","","CellChat"
"RetinoicAcid-RA-ALDH1A1_RORB","ALDH1A1","RORB","1","1","1","1","Non-protein Signaling","","CellChat"
"RetinoicAcid-RA-ALDH1A2_RARA_CRABP2","ALDH1A2","CRABP2;RARA","1","1","1;1","1","Non-protein Signaling","","CellChat"
"RetinoicAcid-RA-ALDH1A2_RARA_RXRA_CRABP2","ALDH1A2","CRABP2;RXRA;RARA","1","1","1;1;1","1","Non-protein Signaling","","CellChat"
"RetinoicAcid-RA-ALDH1A2_RARB_CRABP2","ALDH1A2","RARB;CRABP2","1","1","1;1","1","Non-protein Signaling","","CellChat"
"RetinoicAcid-RA-ALDH1A2_RARB_RXRB_CRABP2","ALDH1A2","RARB;CRABP2;RXRB","1","1","1;1;1","1","Non-protein Signaling","","CellChat"
"RetinoicAcid-RA-ALDH1A2_RARG_CRABP2","ALDH1A2","RARG;CRABP2","1","1","1;1","1","Non-protein Signaling","","CellChat"
"RetinoicAcid-RA-ALDH1A2_RARG_RXRG_CRABP2","ALDH1A2","RARG;CRABP2;RXRG","1","1","1;1;1","1","Non-protein Signaling","","CellChat"
"RetinoicAcid-RA-ALDH1A2_RXRA_CRABP2","ALDH1A2","CRABP2;RXRA","1","1","1;1","1","Non-protein Signaling","","CellChat"
"RetinoicAcid-RA-ALDH1A2_RXRB_CRABP2","ALDH1A2","CRABP2;RXRB","1","1","1;1","1","Non-protein Signaling","","CellChat"
"RetinoicAcid-RA-ALDH1A2_RXRG_CRABP2","ALDH1A2","CRABP2;RXRG","1","1","1;1","1","Non-protein Signaling","","CellChat"
"RetinoicAcid-RA-ALDH1A2_RORB","ALDH1A2","RORB","1","1","1","1","Non-protein Signaling","","CellChat"
"RetinoicAcid-RA-ALDH1A3_RARA_CRABP2","ALDH1A3","CRABP2;RARA","1","1","1;1","1","Non-protein Signaling","","CellChat"
"RetinoicAcid-RA-ALDH1A3_RARA_RXRA_CRABP2","ALDH1A3","CRABP2;RXRA;RARA","1","1","1;1;1","1","Non-protein Signaling","","CellChat"
"RetinoicAcid-RA-ALDH1A3_RARB_CRABP2","ALDH1A3","RARB;CRABP2","1","1","1;1","1","Non-protein Signaling","","CellChat"
"RetinoicAcid-RA-ALDH1A3_RARB_RXRB_CRABP2","ALDH1A3","RARB;CRABP2;RXRB","1","1","1;1;1","1","Non-protein Signaling","","CellChat"
"RetinoicAcid-RA-ALDH1A3_RARG_CRABP2","ALDH1A3","RARG;CRABP2","1","1","1;1","1","Non-protein Signaling","","CellChat"
"RetinoicAcid-RA-ALDH1A3_RARG_RXRG_CRABP2","ALDH1A3","RARG;CRABP2;RXRG","1","1","1;1;1","1","Non-protein Signaling","","CellChat"
"RetinoicAcid-RA-ALDH1A3_RXRA_CRABP2","ALDH1A3","CRABP2;RXRA","1","1","1;1","1","Non-protein Signaling","","CellChat"
"RetinoicAcid-RA-ALDH1A3_RXRB_CRABP2","ALDH1A3","CRABP2;RXRB","1","1","1;1","1","Non-protein Signaling","","CellChat"
"RetinoicAcid-RA-ALDH1A3_RXRG_CRABP2","ALDH1A3","CRABP2;RXRG","1","1","1;1","1","Non-protein Signaling","","CellChat"
"RetinoicAcid-RA-ALDH1A3_RORB","ALDH1A3","RORB","1","1","1","1","Non-protein Signaling","","CellChat"
"BDNF_SORT1","BDNF","SORT1","1","1","1","1","Secreted Signaling","growth factor","CellChat"
"BDNF_NGFR","BDNF","NGFR","1","1","1","1","Secreted Signaling","growth factor","CellChat"
"CD160_TNFRSF14","CD160","TNFRSF14","1","1","1","1","Cell-Cell Contact","","CellChat"
"CADM1_NECTIN3","CADM1","NECTIN3","1","1","1","1","Cell-Cell Contact","","CellChat"
"CADM3_CADM1","CADM3","CADM1","1","1","1","1","Cell-Cell Contact","","CellChat"
"CADM3_CADM4","CADM3","CADM4","1","1","1","1","Cell-Cell Contact","","CellChat"
"CADM3_EPB41L1","CADM3","EPB41L1","1","1","1","1","Cell-Cell Contact","","CellChat"
"CADM3_NECTIN3","CADM3","NECTIN3","1","1","1","1","Cell-Cell Contact","","CellChat"
"CALCITRIOL-CYP27B1_VDR","CYP27B1","VDR","1","1","1","1","Non-protein Signaling","","CellChat"
"CD276_TREML2","CD276","TREML2","1","1","1","1","Cell-Cell Contact","","CellChat"
"CD99_PILRB","Cd99","Pilrb","1","1","1","1","Cell-Cell Contact","","CellChat"
"CEACAM1_CEACAM6","CEACAM1","CEACAM6","1","1","1","1","Cell-Cell Contact","secreted","CellChat"
"CEACAM1_CEACAM8","CEACAM1","CEACAM8","1","1","1","1","Cell-Cell Contact","secreted","CellChat"
"CEACAM5_CEACAM6","CEACAM5","CEACAM6","1","1","1","1","Cell-Cell Contact","","CellChat"
"CEACAM6_CEACAM6","CEACAM6","CEACAM6","1","1","1","1","Cell-Cell Contact","","CellChat"
"CEACAM8_CEACAM6","CEACAM8","CEACAM6","1","1","1","1","Cell-Cell Contact","","CellChat"
"Cholesterol-Cholesterol-CEL_RORA","CEL","RORA","1","1","1","1","Non-protein Signaling","secreted","CellChat"
"Cholesterol-Cholesterol-CEL_RORC","CEL","RORC","1","1","1","1","Non-protein Signaling","secreted","CellChat"
"Cholesterol-Cholesterol-DHCR24_RORA","DHCR24","RORA","1","1","1","1","Non-protein Signaling","","CellChat"
"Cholesterol-Cholesterol-DHCR24_RORC","DHCR24","RORC","1","1","1","1","Non-protein Signaling","","CellChat"
"Cholesterol-Cholesterol-DHCR7_RORA","DHCR7","RORA","1","1","1","1","Non-protein Signaling","","CellChat"
"Cholesterol-Cholesterol-DHCR7_RORC","DHCR7","RORC","1","1","1","1","Non-protein Signaling","","CellChat"
"Cholesterol-Cholesterol-LIPA_RORA","LIPA","RORA","1","1","1","1","Non-protein Signaling","","CellChat"
"Cholesterol-Cholesterol-LIPA_RORC","LIPA","RORC","1","1","1","1","Non-protein Signaling","","CellChat"
"CNTN1_NOTCH1","CNTN1","NOTCH1","1","1","1","1","Cell-Cell Contact","","CellChat"
"CNTN1_NOTCH2","CNTN1","NOTCH2","1","1","1","1","Cell-Cell Contact","","CellChat"
"Cort-CYP11B1_NR3C1","CYP11B1","NR3C1","1","1","1","1","Non-protein Signaling","","CellChat"
"Cort-CYP11B1_NR3C2","CYP11B1","NR3C2","1","1","1","1","Non-protein Signaling","","CellChat"
"CRTAM_CADM1","CRTAM","CADM1","1","1","1","1","Cell-Cell Contact","","CellChat"
"Dehydroepiandrosterone-DHEA-STS_ESR1","UBASH3B","ESR1","1","1","1","1","Non-protein Signaling","","CellChat"
"Dehydroepiandrosterone-DHEA-STS_NR1I2","UBASH3B","NR1I2","1","1","1","1","Non-protein Signaling","","CellChat"
"Dehydroepiandrosterone-DHEA-STS_PPARA","UBASH3B","PPARA","1","1","1","1","Non-protein Signaling","","CellChat"
"Desmosterol-Desmosterol-DHCR7_NR1H2","DHCR7","NR1H2","1","1","1","1","Non-protein Signaling","","CellChat"
"Desmosterol-Desmosterol-DHCR7_NR1H3","DHCR7","NR1H3","1","1","1","1","Non-protein Signaling","","CellChat"
"Desoxycorticosterone-DOC-CYP21A2_NR3C2","CYP21A2","NR3C2","1","1","1","1","Non-protein Signaling","","CellChat"
"DHEAsulfate-DHEAS-SULT1E1_PPARA","SULT1E1","PPARA","1","1","1","1","Non-protein Signaling","","CellChat"
"DHEAsulfate-DHEAS-SULT1E1_PPARD","SULT1E1","PPARD","1","1","1","1","Non-protein Signaling","","CellChat"
"DHEAsulfate-DHEAS-SULT1E1_PPARG","SULT1E1","PPARG","1","1","1","1","Non-protein Signaling","","CellChat"
"DHEAsulfate-DHEAS-SULT2A1_PPARA","SULT2A1","PPARA","1","1","1","1","Non-protein Signaling","","CellChat"
"DHEAsulfate-DHEAS-SULT2A1_PPARD","SULT2A1","PPARD","1","1","1","1","Non-protein Signaling","","CellChat"
"DHEAsulfate-DHEAS-SULT2A1_PPARG","SULT2A1","PPARG","1","1","1","1","Non-protein Signaling","","CellChat"
"DHEAsulfate-DHEAS-SULT2B_PPARA","SULT1A1","PPARA","1","1","1","1","Non-protein Signaling","","CellChat"
"DHEAsulfate-DHEAS-SULT2B_PPARD","SULT1A1","PPARD","1","1","1","1","Non-protein Signaling","","CellChat"
"DHEAsulfate-DHEAS-SULT2B_PPARG","SULT1A1","PPARG","1","1","1","1","Non-protein Signaling","","CellChat"
"Dihydrotestosterone-DHT-SRD5A1_AR","SRD5A1","AR","1","1","1","1","Non-protein Signaling","","CellChat"
"Dihydrotestosterone-DHT-SRD5A2_AR","SRD5A2","AR","1","1","1","1","Non-protein Signaling","","CellChat"
"Dihydrotestosterone-DHT-SRD5A3_AR","SRD5A3","AR","1","1","1","1","Non-protein Signaling","","CellChat"
"Estradiol-E2-CYP19A1_ESR1","CYP19A1","ESR1","1","1","1","1","Non-protein Signaling","","CellChat"
"Estradiol-E2-CYP19A1_ESR2","CYP19A1","ESR2","1","1","1","1","Non-protein Signaling","","CellChat"
"Estradiol-E2-CYP19A1_GPER1","CYP19A1","GPER1","1","1","1","1","Non-protein Signaling","","CellChat"
"Estradiol-E2-CYP19A1_NR1I2","CYP19A1","NR1I2","1","1","1","1","Non-protein Signaling","","CellChat"
"Estradiol-E2-HSD17B1_ESR1","HSD17B1","ESR1","1","1","1","1","Non-protein Signaling","","CellChat"
"Estradiol-E2-HSD17B1_ESR2","HSD17B1","ESR2","1","1","1","1","Non-protein Signaling","","CellChat"
"Estradiol-E2-HSD17B1_GPER1","HSD17B1","GPER1","1","1","1","1","Non-protein Signaling","","CellChat"
"Estradiol-E2-HSD17B1_NR1I2","HSD17B1","NR1I2","1","1","1","1","Non-protein Signaling","","CellChat"
"IGFBP3_TMEM219","IGFBP3","TMEM219","1","1","1","1","Secreted Signaling","secreted","CellChat"
"LAIR1_LILRB4","LAIR1","LILRB4","1","1","1","1","Cell-Cell Contact","","CellChat"
"LGALS9_BCR_CD45_CD22","LGALS9","CD22;BCR;PTPRC","1","1","1;1;1","1","Secreted Signaling","immune-related","CellChat"
"LGALS9_P4HB","LGALS9","P4HB","1","1","1","1","Secreted Signaling","immune-related","CellChat"
"Melatonin-ASMT_MTNR1A","ASMT","MTNR1A","1","1","1","1","Non-protein Signaling","","CellChat"
"Melatonin-ASMT_MTNR1B","ASMT","MTNR1B","1","1","1","1","Non-protein Signaling","","CellChat"
"MICA_NKG2D_HCST","MICA","KLRK1;HCST","1","1","1;1","1","Cell-Cell Contact","","CellChat"
"MICB_NKG2D_HCST","MICB","KLRK1;HCST","1","1","1;1","1","Cell-Cell Contact","","CellChat"
"AMH_AMHR2_BMPR1B","AMH","BMPR1B;AMHR2","1","1","1;1","1","Secreted Signaling","growth factor","CellChat"
"MMP2_INTEGRIN_AVB3_COMPLEX","MMP2","ITGAV;ITGB3;MMP14","1","1","1;1;1","1","Cell-Cell Contact","secreted","CellChat"
"NTN1_DCC","NTN1","DCC","1","1","1","1","Cell-Cell Contact","secreted","CellChat"
"NTN1_DSCAM","NTN1","DSCAM","1","1","1","1","Cell-Cell Contact","secreted","CellChat"
"NTN1_UNC5A","NTN1","UNC5A","1","1","1","1","Cell-Cell Contact","secreted","CellChat"
"NTN1_UNC5B","NTN1","UNC5B","1","1","1","1","Cell-Cell Contact","secreted","CellChat"
"NTN1_UNC5C","NTN1","UNC5C","1","1","1","1","Cell-Cell Contact","secreted","CellChat"
"NTN4_NTRK2","NTN4","NTRK2","1","1","1","1","Cell-Cell Contact","secreted","CellChat"
"NTN4_UNC5B","NTN4","UNC5B","1","1","1","1","Cell-Cell Contact","secreted","CellChat"
"NTN4_UNC5D","NTN4","UNC5D","1","1","1","1","Cell-Cell Contact","secreted","CellChat"
"NTS_SORT1","NTS","SORT1","1","1","1","1","Secreted Signaling","secreted","CellChat"
"NRG1_INTEGRIN_A6B4_COMPLEX","NRG1","ITGA6;ITGB4","1","1","1;1","1","Secreted Signaling","growth factor","CellChat"
"NTF3_NGFR","NTF3","NGFR","1","1","1","1","Secreted Signaling","growth factor","CellChat"
"NTF5_NGFR","NTF4","NGFR","1","1","1","1","Secreted Signaling","growth factor","CellChat"
"CD200_CD200R1L","CD200","CD200R1","1","1","1","1","Cell-Cell Contact","","CellChat"
"PECAM1_CD177","PECAM1","CD177","1","1","1","1","Cell-Cell Contact","","CellChat"
"PECAM1_CD38","PECAM1","CD38","1","1","1","1","Cell-Cell Contact","","CellChat"
"PPIA_BSG","PPIA","BSG","1","1","1","1","Secreted Signaling","secreted","CellChat"
"Pregnenolone-CYP11A1_NR1I2","FDX1;FDX2;CYP11A1;FDXR","NR1I2","1;1;1;1","1","1","1","Non-protein Signaling","","CellChat"
"PROC_PROCR","PROC","PROCR","1","1","1","1","Secreted Signaling","secreted","CellChat"
"Progesterone-Progesterone-HSD3B1_CATSPER1_CATSPERB","HSD3B1","CATSPER1;CATSPERB","1","1","1;1","1","Non-protein Signaling","","CellChat"
"Progesterone-Progesterone-HSD3B1_CATSPER1_CATSPERD","HSD3B1","CATSPER1;CATSPERD","1","1","1;1","1","Non-protein Signaling","","CellChat"
"Progesterone-Progesterone-HSD3B1_CATSPER2_CATSPERB","HSD3B1","CATSPER2;CATSPERB","1","1","1;1","1","Non-protein Signaling","","CellChat"
"Progesterone-Progesterone-HSD3B1_CATSPER2_CATSPERD","HSD3B1","CATSPERD;CATSPER2","1","1","1;1","1","Non-protein Signaling","","CellChat"
"Progesterone-Progesterone-HSD3B1_CATSPER3_CATSPERB","HSD3B1","CATSPER3;CATSPERB","1","1","1;1","1","Non-protein Signaling","","CellChat"
"Progesterone-Progesterone-HSD3B1_CATSPER3_CATSPERD","HSD3B1","CATSPER3;CATSPERD","1","1","1;1","1","Non-protein Signaling","","CellChat"
"Progesterone-Progesterone-HSD3B1_CATSPER4_CATSPERB","HSD3B1","CATSPER4;CATSPERB","1","1","1;1","1","Non-protein Signaling","","CellChat"
"Progesterone-Progesterone-HSD3B1_CATSPER4_CATSPERD","HSD3B1","CATSPER4;CATSPERD","1","1","1;1","1","Non-protein Signaling","","CellChat"
"Prostaglandin-PGD2-AKR1C3_PTGDR2","AKR1C3","PTGDR2","1","1","1","1","Non-protein Signaling","","CellChat"
"RELN_LRP8","RELN","LRP8","1","1","1","1","ECM-Receptor","secreted","CellChat"
"RELN_VLDLR","RELN","VLDLR","1","1","1","1","ECM-Receptor","secreted","CellChat"
"RAET1E_NKG2D_HCST","RAET1E","KLRK1;HCST","1","1","1;1","1","Secreted Signaling","secreted","CellChat"
"ULBP1_NKG2D_HCST","ULBP1","KLRK1;HCST","1","1","1;1","1","Secreted Signaling","","CellChat"
"ULBP2_NKG2D_HCST","ULBP2","KLRK1;HCST","1","1","1;1","1","Secreted Signaling","secreted","CellChat"
"ULBP3_NKG2D_HCST","ULBP3","KLRK1;HCST","1","1","1;1","1","Secreted Signaling","","CellChat"
"RBP4_STRA6","RBP4","STRA6","1","1","1","1","Secreted Signaling","secreted","CellChat"
"SerotoninDopamin-5-HT-DOPA-DDC_HTR1A","DDC","HTR1A","1","1","1","1","Non-protein Signaling","","CellChat"
"SerotoninDopamin-5-HT-DOPA-DDC_HTR1B","DDC","HTR1B","1","1","1","1","Non-protein Signaling","","CellChat"
"SerotoninDopamin-5-HT-DOPA-DDC_HTR1D","DDC","HTR1D","1","1","1","1","Non-protein Signaling","","CellChat"
"SerotoninDopamin-5-HT-DOPA-DDC_P28566","DDC","HTR1E","1","1","1","1","Non-protein Signaling","","CellChat"
"SerotoninDopamin-5-HT-DOPA-DDC_HTR1F","DDC","HTR1F","1","1","1","1","Non-protein Signaling","","CellChat"
"SerotoninDopamin-5-HT-DOPA-DDC_HTR2A","DDC","HTR2A","1","1","1","1","Non-protein Signaling","","CellChat"
"SerotoninDopamin-5-HT-DOPA-DDC_HTR2B","DDC","HTR2B","1","1","1","1","Non-protein Signaling","","CellChat"
"SerotoninDopamin-5-HT-DOPA-DDC_HTR2C","DDC","HTR2C","1","1","1","1","Non-protein Signaling","","CellChat"
"SerotoninDopamin-5-HT-DOPA-DDC_HTR3A","DDC","HTR3A","1","1","1","1","Non-protein Signaling","","CellChat"
"SerotoninDopamin-5-HT-DOPA-DDC_HTR3B","DDC","HTR3B","1","1","1","1","Non-protein Signaling","","CellChat"
"SerotoninDopamin-5-HT-DOPA-DDC_Q8WXA8","DDC","HTR3C","1","1","1","1","Non-protein Signaling","","CellChat"
"SerotoninDopamin-5-HT-DOPA-DDC_Q70Z44","DDC","HTR3D","1","1","1","1","Non-protein Signaling","","CellChat"
"SerotoninDopamin-5-HT-DOPA-DDC_A5X5Y0","DDC","HTR3E","1","1","1","1","Non-protein Signaling","","CellChat"
"SerotoninDopamin-5-HT-DOPA-DDC_HTR4","DDC","HTR4","1","1","1","1","Non-protein Signaling","","CellChat"
"SerotoninDopamin-5-HT-DOPA-DDC_HTR5A","DDC","HTR5A","1","1","1","1","Non-protein Signaling","","CellChat"
"SerotoninDopamin-5-HT-DOPA-DDC_HTR6","DDC","HTR6","1","1","1","1","Non-protein Signaling","","CellChat"
"SerotoninDopamin-5-HT-DOPA-DDC_HTR7","DDC","HTR7","1","1","1","1","Non-protein Signaling","","CellChat"
"SerotoninDopamin-5-HT-DOPA-DDC_DRD1","DDC","DRD1","1","1","1","1","Non-protein Signaling","","CellChat"
"SerotoninDopamin-5-HT-DOPA-DDC_DRD2","DDC","DRD2","1","1","1","1","Non-protein Signaling","","CellChat"
"SerotoninDopamin-5-HT-DOPA-DDC_DRD3","DDC","DRD3","1","1","1","1","Non-protein Signaling","","CellChat"
"SerotoninDopamin-5-HT-DOPA-DDC_DRD4","DDC","DRD4","1","1","1","1","Non-protein Signaling","","CellChat"
"SerotoninDopamin-5-HT-DOPA-DDC_DRD5","DDC","DRD5","1","1","1","1","Non-protein Signaling","","CellChat"
"SIRPG_CD47","SIRPG","CD47","1","1","1","1","Cell-Cell Contact","","CellChat"
"SLIT1_ROBO1","SLIT1","ROBO1","1","1","1","1","Secreted Signaling","secreted","CellChat"
"SLIT2_ROBO1","SLIT2","ROBO1","1","1","1","1","Secreted Signaling","secreted","CellChat"
"SLIT2_ROBO2","SLIT2","ROBO2","1","1","1","1","Secreted Signaling","secreted","CellChat"
"Testosterone-Testosterone-AKR1D1_AR","AKR1D1","AR","1","1","1","1","Non-protein Signaling","","CellChat"
"Testosterone-Testosterone-HSD17B12_AR","HSD17B12","AR","1","1","1","1","Non-protein Signaling","","CellChat"
"Testosterone-Testosterone-HSD17B3_AR","HSD17B3","AR","1","1","1","1","Non-protein Signaling","","CellChat"
"Thyrostimulin-GPHB5_GPHA2_TSHR","GPHB5;GPHA2","TSHR","1;1","1","1","1","Non-protein Signaling","hormone","CellChat"
"Thyrotropin-CGA_TSHB_TSHR","TSHB;CGA","TSHR","1;1","1","1","1","Non-protein Signaling","hormone","CellChat"
"Triiodothyronine-T3-DIO3_THRA","DIO3;TG","THRA","1;1","1","1","1","Non-protein Signaling","hormone","CellChat"
"Triiodothyronine-T3-DIO3_THRB","DIO3;TG","THRB","1;1","1","1","1","Non-protein Signaling","hormone","CellChat"
"TULP1_TYRO3","TULP1","TYRO3","1","1","1","1","Secreted Signaling","secreted","CellChat"
"TULP2_TYRO3","TULP2","TYRO3","1","1","1","1","Secreted Signaling","","CellChat"
"TULP1_AXL","TULP1","AXL","1","1","1","1","Secreted Signaling","secreted","CellChat"
"TULP1_MERTK","TULP1","MERTK","1","1","1","1","Secreted Signaling","secreted","CellChat"
"TUB_MERTK","TUB","MERTK","1","1","1","1","Secreted Signaling","","CellChat"
"PROS1_MERTK","PROS1","MERTK","1","1","1","1","Secreted Signaling","","CellChat"
"PLAU_PLAUR","PLAU","PLAUR","1","1","1","1","Secreted Signaling","secreted","CellChat"
"VCAM1_INTEGRIN_ADB2","VCAM1","ITGAD;ITGB2","1","1","1;1","1","Cell-Cell Contact","","CellChat"
